customer_id,customer_name,email,country,signup_date,customer_segment,lifetime_value
1,Rahul Brown,rahul.brown1@gmail.com,Canada,2022-09-30,Basic,740.71
2,Patricia Kim,patricia.kim2@gmail.com,France,2020-05-10,Basic,513.79
3,Linda Zhang,linda.zhang3@company.org,United States,2022-03-25,Premium,3266.93
4,Sarah Singh,sarah.singh4@yahoo.com,Japan,2023-02-13,Basic,3806.1
5,Jennifer Singh,jennifer.singh5@outlook.com,Canada,2021-09-28,Basic,4788.2
6,David Brown,david.brown6@gmail.com,France,2021-01-31,Standard,4245.1
7,Karen Rodriguez,karen.rodriguez7@gmail.com,Japan,2021-05-26,Standard,440.06
8,Elizabeth Gonzalez,elizabeth.gonzalez8@company.org,Australia,2022-02-26,Premium,394.3
9,Priya Davis,priya.davis9@outlook.com,India,2022-08-11,Basic,1931.62
10,Joseph Gonzalez,joseph.gonzalez10@outlook.com,Germany,2024-02-25,Standard,1087.06
11,William Gonzalez,william.gonzalez11@gmail.com,Germany,2022-09-29,Basic,2338.19
12,William Gonzalez,william.gonzalez12@techcorp.io,Brazil,2022-06-18,Premium,1655.2
13,Arjun Johnson,arjun.johnson13@yahoo.com,United States,2023-07-16,Standard,1375.32
14,Michael Lee,michael.lee14@techcorp.io,Australia,2022-05-20,Premium,2521.19
15,Carlos Gonzalez,carlos.gonzalez15@example.com,Germany,2022-12-20,Basic,1270.81
16,Sarah Kim,sarah.kim16@outlook.com,France,2024-06-23,Standard,1135.64
17,Robert Zhang,robert.zhang17@example.com,India,2020-07-11,Basic,806.56
18,Jennifer Singh,jennifer.singh18@company.org,India,2024-04-25,Standard,2999.65
19,Joseph Zhang,joseph.zhang19@outlook.com,Brazil,2020-02-17,Premium,3617.57
20,Priya Kim,priya.kim20@outlook.com,Australia,2021-04-01,Standard,2202.09
21,Joseph Smith,joseph.smith21@techcorp.io,Canada,2025-08-12,Basic,2563.02
22,Patricia Gonzalez,patricia.gonzalez22@outlook.com,Brazil,2022-03-25,Basic,1900.87
23,Jennifer Kim,jennifer.kim23@company.org,United States,2023-08-20,Standard,146.41
24,Sofia Verma,sofia.verma24@outlook.com,United Kingdom,2020-08-25,Basic,4396.15
25,John Williams,john.williams25@techcorp.io,Japan,2020-10-10,Premium,3840.88
26,Robert Wang,robert.wang26@company.org,Germany,2022-12-21,Premium,4368.54
27,Susan Miller,susan.miller27@company.org,United Kingdom,2023-06-30,Standard,4975.99
28,Rahul Verma,rahul.verma28@example.com,Brazil,2025-01-23,Basic,1277.13
29,John Sharma,john.sharma29@gmail.com,Brazil,2022-07-31,Premium,1140.08
30,John Gonzalez,john.gonzalez30@gmail.com,United Kingdom,2020-10-03,Basic,4305.2
31,John Zhang,john.zhang31@yahoo.com,Canada,2025-06-11,Basic,2719.21
32,Neha Lee,neha.lee32@company.org,Japan,2022-09-22,Standard,4047.11
33,Michael Brown,michael.brown33@gmail.com,France,2023-12-22,Standard,2084.96
34,Mei Johnson,mei.johnson34@techcorp.io,India,2020-09-05,Standard,3654.66
35,Ananya Brown,ananya.brown35@yahoo.com,United Kingdom,2022-02-18,Premium,2270.64
36,Susan Garcia,susan.garcia36@outlook.com,Japan,2022-10-20,Basic,2243.5
37,Mei Kim,mei.kim37@gmail.com,United States,2020-03-01,Basic,4635.52
38,Mei Davis,mei.davis38@yahoo.com,France,2025-06-12,Standard,1108.05
39,Richard Johnson,richard.johnson39@yahoo.com,France,2020-01-09,Standard,1362.76
40,Ananya Chen,ananya.chen40@outlook.com,France,2025-06-16,Basic,989.99
41,Michael Johnson,michael.johnson41@company.org,Brazil,2020-09-06,Premium,1602.34
42,Mary Lee,mary.lee42@example.com,Brazil,2021-10-06,Basic,4805.86
43,John Garcia,john.garcia43@gmail.com,India,2022-08-21,Standard,643.44
44,Carlos Lee,carlos.lee44@yahoo.com,United States,2020-12-01,Standard,3304.0
45,Charles Zhang,charles.zhang45@outlook.com,Canada,2022-04-16,Premium,3595.15
46,Linda Rodriguez,linda.rodriguez46@example.com,Germany,2023-05-13,Standard,1615.08
47,Arjun Williams,arjun.williams47@gmail.com,Japan,2021-02-13,Basic,2711.29
48,Thomas Rodriguez,thomas.rodriguez48@yahoo.com,Australia,2020-10-08,Basic,1879.16
49,Jennifer Chen,jennifer.chen49@company.org,Canada,2020-02-02,Premium,4094.67
50,Elizabeth Brown,elizabeth.brown50@yahoo.com,Canada,2021-04-17,Basic,3724.96
51,Robert Rodriguez,robert.rodriguez51@outlook.com,United Kingdom,2023-11-05,Basic,3453.11
52,Mei Rodriguez,mei.rodriguez52@company.org,Japan,2022-10-25,Basic,506.88
53,Susan Rodriguez,susan.rodriguez53@gmail.com,United States,2023-09-28,Basic,3203.71
54,William Garcia,william.garcia54@techcorp.io,Japan,2024-10-17,Premium,97.87
55,John Jones,john.jones55@company.org,United States,2024-02-21,Premium,2785.0
56,Susan Jones,susan.jones56@gmail.com,Canada,2024-02-02,Basic,4499.68
57,Michael Davis,michael.davis57@techcorp.io,India,2023-12-19,Premium,4426.47
58,Susan Lopez,susan.lopez58@techcorp.io,Germany,2022-08-27,Basic,4882.22
59,Ananya Garcia,ananya.garcia59@example.com,United States,2022-01-04,Premium,4626.21
60,Ananya Singh,ananya.singh60@techcorp.io,United Kingdom,2022-12-28,Basic,3947.5
61,Patricia Patel,patricia.patel61@gmail.com,Japan,2022-06-30,Basic,4092.1
62,Joseph Verma,joseph.verma62@outlook.com,United Kingdom,2022-07-02,Basic,3317.16
63,Richard Sharma,richard.sharma63@outlook.com,India,2023-02-17,Standard,3225.33
64,Richard Kim,richard.kim64@outlook.com,United States,2021-04-17,Standard,933.91
65,William Johnson,william.johnson65@gmail.com,France,2023-11-16,Premium,3942.82
66,Susan Lopez,susan.lopez66@company.org,India,2024-04-26,Premium,990.89
67,Mary Singh,mary.singh67@gmail.com,Brazil,2022-03-18,Standard,2184.92
68,Priya Sharma,priya.sharma68@company.org,Australia,2021-05-25,Premium,4505.23
69,Thomas Martinez,thomas.martinez69@techcorp.io,France,2023-08-29,Standard,3501.18
70,Sarah Jones,sarah.jones70@yahoo.com,France,2024-04-01,Premium,3753.27
71,Jennifer Lopez,jennifer.lopez71@company.org,Canada,2024-07-21,Premium,4176.94
72,Elizabeth Martinez,elizabeth.martinez72@yahoo.com,France,2023-08-12,Standard,2236.84
73,Priya Miller,priya.miller73@company.org,Japan,2021-11-26,Premium,469.74
74,Thomas Gonzalez,thomas.gonzalez74@company.org,Australia,2021-01-17,Basic,3380.34
75,Linda Miller,linda.miller75@yahoo.com,United States,2020-07-08,Basic,4920.48
76,Karen Williams,karen.williams76@example.com,France,2022-03-07,Premium,3496.95
77,Jessica Patel,jessica.patel77@yahoo.com,Germany,2020-01-23,Basic,3903.18
78,Linda Garcia,linda.garcia78@techcorp.io,Brazil,2025-03-17,Basic,2809.16
79,Sofia Brown,sofia.brown79@example.com,Germany,2025-03-18,Premium,2679.1
80,Sarah Lopez,sarah.lopez80@outlook.com,Japan,2024-10-13,Premium,2257.27
81,Jennifer Wang,jennifer.wang81@example.com,Canada,2022-10-09,Premium,1422.69
82,Arjun Zhang,arjun.zhang82@example.com,United Kingdom,2023-01-29,Standard,433.54
83,Elizabeth Davis,elizabeth.davis83@outlook.com,Australia,2023-08-02,Premium,448.86
84,Robert Davis,robert.davis84@example.com,Germany,2022-05-26,Basic,2103.6
85,David Kim,david.kim85@example.com,France,2020-09-12,Basic,4172.81
86,Richard Lee,richard.lee86@techcorp.io,United States,2024-04-07,Standard,79.19
87,Barbara Martinez,barbara.martinez87@example.com,France,2022-06-22,Standard,1136.14
88,Susan Wang,susan.wang88@gmail.com,France,2023-10-08,Premium,3411.75
89,Richard Garcia,richard.garcia89@example.com,Germany,2020-04-20,Standard,2979.87
90,Priya Smith,priya.smith90@gmail.com,France,2021-07-09,Standard,949.56
91,William Patel,william.patel91@outlook.com,United Kingdom,2025-02-05,Standard,1720.63
92,Carlos Patel,carlos.patel92@outlook.com,France,2022-10-30,Basic,2378.02
93,Neha Kim,neha.kim93@gmail.com,Australia,2022-07-07,Premium,389.66
94,Rahul Johnson,rahul.johnson94@gmail.com,United Kingdom,2022-03-27,Basic,3125.61
95,Linda Jones,linda.jones95@example.com,India,2022-06-11,Standard,3512.35
96,Arjun Verma,arjun.verma96@yahoo.com,India,2021-11-01,Standard,585.09
97,James Martinez,james.martinez97@company.org,France,2024-06-12,Premium,1031.73
98,Charles Gonzalez,charles.gonzalez98@yahoo.com,India,2023-05-20,Premium,3022.04
99,Patricia Lee,patricia.lee99@gmail.com,Australia,2024-10-20,Premium,1884.33
100,Thomas Gonzalez,thomas.gonzalez100@outlook.com,United States,2024-09-16,Standard,572.42
101,Barbara Gonzalez,barbara.gonzalez101@example.com,Germany,2024-11-18,Basic,3682.29
102,Rahul Rodriguez,rahul.rodriguez102@company.org,Brazil,2025-06-03,Standard,2206.09
103,Neha Lee,neha.lee103@outlook.com,Australia,2022-10-02,Basic,1430.69
104,Joseph Davis,joseph.davis104@example.com,France,2023-10-09,Basic,2496.82
105,David Garcia,david.garcia105@example.com,United Kingdom,2023-12-24,Standard,1734.68
106,Carlos Lopez,carlos.lopez106@techcorp.io,Canada,2020-02-11,Premium,4742.91
107,John Davis,john.davis107@techcorp.io,France,2025-06-24,Premium,3802.92
108,Amit Wang,amit.wang108@techcorp.io,Japan,2025-01-09,Basic,510.61
109,Linda Patel,linda.patel109@techcorp.io,United Kingdom,2023-06-08,Premium,2928.7
110,Jessica Kim,jessica.kim110@company.org,Australia,2024-10-08,Premium,2774.42
111,Barbara Chen,barbara.chen111@outlook.com,Canada,2022-10-26,Basic,647.25
112,Michael Sharma,michael.sharma112@gmail.com,Brazil,2022-01-28,Basic,1121.1
113,Jessica Rodriguez,jessica.rodriguez113@techcorp.io,Brazil,2023-03-05,Basic,4171.51
114,Elizabeth Davis,elizabeth.davis114@outlook.com,Germany,2023-05-23,Basic,3554.69
115,Robert Rodriguez,robert.rodriguez115@gmail.com,United States,2023-04-11,Premium,4723.24
116,Rahul Wang,rahul.wang116@gmail.com,United States,2023-03-10,Standard,2419.64
117,David Garcia,david.garcia117@gmail.com,Canada,2025-05-10,Basic,4119.47
118,Richard Wang,richard.wang118@gmail.com,United States,2021-09-13,Basic,4065.15
119,Elizabeth Williams,elizabeth.williams119@yahoo.com,India,2024-08-31,Premium,3000.83
120,Karen Davis,karen.davis120@company.org,France,2025-01-19,Standard,1521.9
121,Charles Singh,charles.singh121@outlook.com,United States,2021-02-10,Basic,3146.3
122,William Williams,william.williams122@yahoo.com,United Kingdom,2021-12-12,Premium,421.57
123,James Singh,james.singh123@example.com,Japan,2023-04-07,Basic,1195.81
124,Amit Martinez,amit.martinez124@techcorp.io,Japan,2020-10-18,Premium,1205.45
125,William Gonzalez,william.gonzalez125@company.org,United Kingdom,2024-10-07,Basic,2745.58
126,Rahul Jones,rahul.jones126@outlook.com,Germany,2020-10-19,Basic,871.32
127,Elizabeth Lopez,elizabeth.lopez127@techcorp.io,Canada,2024-12-03,Basic,2370.05
128,Elizabeth Patel,elizabeth.patel128@outlook.com,Brazil,2025-07-15,Standard,448.19
129,Mary Singh,mary.singh129@techcorp.io,Australia,2022-10-22,Basic,502.07
130,Priya Lee,priya.lee130@company.org,United States,2023-01-08,Premium,249.15
131,Arjun Garcia,arjun.garcia131@example.com,Brazil,2024-12-16,Standard,948.37
132,Charles Singh,charles.singh132@techcorp.io,Japan,2021-01-08,Standard,1772.41
133,David Sharma,david.sharma133@techcorp.io,India,2021-10-20,Standard,2087.64
134,Jessica Martinez,jessica.martinez134@techcorp.io,France,2020-05-30,Standard,485.9
135,William Sharma,william.sharma135@gmail.com,France,2020-01-05,Premium,4353.37
136,Joseph Singh,joseph.singh136@gmail.com,United Kingdom,2024-01-21,Premium,3794.39
137,Rahul Chen,rahul.chen137@gmail.com,United Kingdom,2022-12-29,Premium,698.52
138,Elizabeth Chen,elizabeth.chen138@techcorp.io,Japan,2021-05-12,Basic,4867.08
139,Karen Davis,karen.davis139@techcorp.io,Germany,2023-06-26,Premium,117.69
140,Susan Williams,susan.williams140@yahoo.com,India,2025-03-05,Basic,3256.16
141,Robert Wang,robert.wang141@techcorp.io,Canada,2023-01-24,Standard,4181.88
142,Jessica Davis,jessica.davis142@example.com,Brazil,2021-08-15,Standard,993.52
143,Karen Zhang,karen.zhang143@techcorp.io,Germany,2020-10-12,Standard,3874.74
144,Mei Singh,mei.singh144@outlook.com,Brazil,2022-12-30,Basic,1450.05
145,Elizabeth Lee,elizabeth.lee145@company.org,Japan,2021-08-31,Standard,2715.97
146,Barbara Sharma,barbara.sharma146@company.org,Brazil,2024-03-25,Standard,4667.62
147,Mei Miller,mei.miller147@techcorp.io,United Kingdom,2024-04-17,Basic,4287.26
148,Susan Johnson,susan.johnson148@outlook.com,Japan,2024-04-10,Standard,4942.65
149,Ananya Gonzalez,ananya.gonzalez149@yahoo.com,Japan,2020-05-31,Basic,2536.34
150,Charles Sharma,charles.sharma150@gmail.com,Japan,2021-02-12,Premium,4556.69
151,James Jones,james.jones151@example.com,Germany,2020-11-02,Standard,3918.55
152,William Sharma,william.sharma152@company.org,France,2020-11-24,Standard,4269.09
153,Mei Kim,mei.kim153@example.com,Australia,2025-06-21,Premium,227.7
154,John Davis,john.davis154@techcorp.io,Canada,2022-07-20,Premium,497.38
155,Patricia Gonzalez,patricia.gonzalez155@techcorp.io,India,2024-12-22,Basic,3485.31
156,Carlos Smith,carlos.smith156@gmail.com,Australia,2020-08-17,Standard,1824.39
157,Susan Jones,susan.jones157@yahoo.com,Brazil,2024-08-14,Premium,3424.91
158,Jennifer Garcia,jennifer.garcia158@yahoo.com,India,2024-04-15,Premium,3431.52
159,Jessica Lee,jessica.lee159@yahoo.com,United Kingdom,2025-03-03,Premium,1307.19
160,William Smith,william.smith160@example.com,Canada,2021-10-09,Basic,2236.56
161,Barbara Lee,barbara.lee161@outlook.com,France,2022-10-21,Standard,4234.25
162,Michael Patel,michael.patel162@example.com,India,2022-08-29,Standard,2881.02
163,Charles Martinez,charles.martinez163@techcorp.io,Canada,2020-03-30,Premium,2009.24
164,James Lee,james.lee164@techcorp.io,United States,2025-07-27,Standard,3889.92
165,Linda Lopez,linda.lopez165@outlook.com,United Kingdom,2022-02-17,Premium,1290.6
166,Arjun Jones,arjun.jones166@techcorp.io,India,2020-06-10,Standard,3953.62
167,Mary Lee,mary.lee167@outlook.com,Germany,2021-01-04,Standard,1667.26
168,Susan Garcia,susan.garcia168@yahoo.com,Germany,2024-02-07,Premium,2533.88
169,William Garcia,william.garcia169@outlook.com,Japan,2023-04-23,Premium,4358.46
170,Ananya Brown,ananya.brown170@example.com,India,2021-07-30,Basic,4307.7
171,Neha Patel,neha.patel171@company.org,Australia,2021-01-04,Standard,118.9
172,Sarah Brown,sarah.brown172@example.com,Australia,2022-12-09,Premium,1936.08
173,Rahul Verma,rahul.verma173@gmail.com,United Kingdom,2025-04-15,Basic,3116.76
174,Sarah Sharma,sarah.sharma174@company.org,United Kingdom,2020-09-15,Premium,4128.08
175,Sofia Martinez,sofia.martinez175@techcorp.io,France,2021-04-22,Basic,274.47
176,Mary Martinez,mary.martinez176@example.com,India,2021-02-02,Basic,4441.93
177,Robert Patel,robert.patel177@example.com,Australia,2024-09-12,Premium,3724.23
178,Robert Singh,robert.singh178@techcorp.io,India,2025-06-27,Premium,2070.17
179,William Johnson,william.johnson179@techcorp.io,Australia,2022-06-08,Standard,2251.24
180,Linda Verma,linda.verma180@gmail.com,Australia,2024-01-09,Basic,2020.79
181,Michael Brown,michael.brown181@example.com,India,2022-05-18,Premium,3215.49
182,James Johnson,james.johnson182@outlook.com,United Kingdom,2021-05-30,Premium,1065.77
183,Wei Kim,wei.kim183@yahoo.com,United Kingdom,2022-08-12,Standard,3883.12
184,Ananya Lopez,ananya.lopez184@gmail.com,Canada,2021-08-15,Basic,2724.07
185,Ananya Garcia,ananya.garcia185@gmail.com,United States,2021-06-23,Basic,1823.3
186,Ananya Davis,ananya.davis186@company.org,Australia,2020-03-05,Basic,1363.57
187,Robert Singh,robert.singh187@company.org,India,2020-09-17,Standard,2268.96
188,Barbara Zhang,barbara.zhang188@company.org,India,2025-01-25,Premium,1146.67
189,Karen Johnson,karen.johnson189@techcorp.io,Brazil,2023-05-20,Standard,3234.54
190,James Johnson,james.johnson190@example.com,France,2024-10-12,Premium,584.41
191,Amit Chen,amit.chen191@gmail.com,India,2023-08-12,Premium,784.25
192,Robert Rodriguez,robert.rodriguez192@company.org,Brazil,2023-08-24,Standard,4973.41
193,Thomas Martinez,thomas.martinez193@example.com,Brazil,2024-10-28,Basic,3975.83
194,Patricia Gonzalez,patricia.gonzalez194@techcorp.io,Brazil,2022-05-30,Standard,2285.2
195,Linda Singh,linda.singh195@outlook.com,Japan,2024-06-21,Standard,3661.58
196,David Singh,david.singh196@outlook.com,Canada,2024-03-13,Basic,3449.76
197,Jessica Williams,jessica.williams197@gmail.com,India,2021-01-16,Standard,527.99
198,Neha Verma,neha.verma198@yahoo.com,Brazil,2020-09-02,Premium,4785.29
199,Sarah Sharma,sarah.sharma199@techcorp.io,India,2024-08-09,Standard,4374.36
200,Arjun Singh,arjun.singh200@techcorp.io,United States,2023-03-24,Premium,1596.62
201,Patricia Lee,patricia.lee201@company.org,United Kingdom,2021-09-25,Premium,2436.84
202,Mei Brown,mei.brown202@outlook.com,Brazil,2024-02-14,Basic,3824.9
203,Charles Davis,charles.davis203@example.com,Brazil,2020-04-17,Premium,4648.97
204,Wei Rodriguez,wei.rodriguez204@gmail.com,Germany,2023-01-24,Premium,3823.93
205,Sofia Sharma,sofia.sharma205@outlook.com,United States,2022-01-13,Basic,2853.29
206,Richard Williams,richard.williams206@yahoo.com,United States,2021-01-10,Premium,2675.89
207,Richard Singh,richard.singh207@example.com,Australia,2021-10-06,Standard,1592.6
208,David Lee,david.lee208@company.org,India,2020-08-03,Basic,829.18
209,Karen Johnson,karen.johnson209@techcorp.io,India,2023-01-19,Standard,3326.6
210,Jessica Lopez,jessica.lopez210@example.com,France,2023-01-23,Basic,3786.97
211,Patricia Verma,patricia.verma211@example.com,India,2023-03-06,Premium,3408.51
212,Jessica Zhang,jessica.zhang212@techcorp.io,Canada,2020-07-05,Basic,2006.55
213,Karen Johnson,karen.johnson213@gmail.com,United Kingdom,2023-05-19,Basic,3848.38
214,Arjun Rodriguez,arjun.rodriguez214@outlook.com,Australia,2021-05-06,Basic,2512.06
215,Susan Garcia,susan.garcia215@yahoo.com,France,2022-07-31,Premium,2815.68
216,Priya Verma,priya.verma216@gmail.com,France,2020-06-22,Standard,142.77
217,Sofia Williams,sofia.williams217@outlook.com,France,2024-07-14,Premium,3218.7
218,Elizabeth Brown,elizabeth.brown218@example.com,United States,2023-08-23,Basic,4016.54
219,Karen Chen,karen.chen219@techcorp.io,Australia,2020-12-26,Standard,4230.2
220,Linda Singh,linda.singh220@company.org,France,2020-11-18,Standard,4359.1
221,Neha Sharma,neha.sharma221@yahoo.com,Australia,2021-11-19,Basic,2576.89
222,Patricia Zhang,patricia.zhang222@company.org,United Kingdom,2023-12-02,Standard,3650.53
223,Wei Gonzalez,wei.gonzalez223@yahoo.com,United Kingdom,2021-02-25,Basic,1317.04
224,Jennifer Lopez,jennifer.lopez224@yahoo.com,India,2021-12-26,Premium,2495.88
225,Arjun Lee,arjun.lee225@company.org,Japan,2023-08-16,Premium,1614.89
226,Joseph Williams,joseph.williams226@example.com,Japan,2023-05-25,Standard,2977.53
227,Barbara Zhang,barbara.zhang227@gmail.com,Canada,2025-03-06,Standard,236.16
228,Barbara Martinez,barbara.martinez228@gmail.com,India,2024-04-23,Standard,2922.63
229,Ananya Johnson,ananya.johnson229@example.com,United Kingdom,2023-08-09,Premium,2404.36
230,Robert Johnson,robert.johnson230@example.com,India,2023-11-07,Premium,467.43
231,Rahul Garcia,rahul.garcia231@gmail.com,United Kingdom,2024-11-28,Standard,2644.14
232,Karen Garcia,karen.garcia232@outlook.com,Australia,2023-03-04,Standard,2073.41
233,David Lopez,david.lopez233@gmail.com,Australia,2020-09-26,Standard,517.8
234,Priya Patel,priya.patel234@outlook.com,Canada,2021-09-07,Standard,453.43
235,Priya Jones,priya.jones235@outlook.com,Canada,2024-05-24,Basic,2995.45
236,John Martinez,john.martinez236@company.org,France,2023-09-07,Basic,3367.08
237,Wei Zhang,wei.zhang237@gmail.com,France,2024-01-22,Basic,1844.86
238,Jennifer Miller,jennifer.miller238@outlook.com,Japan,2022-02-25,Basic,4999.88
239,Robert Williams,robert.williams239@outlook.com,India,2020-06-03,Premium,1716.98
240,Arjun Lopez,arjun.lopez240@yahoo.com,France,2021-09-23,Basic,945.19
241,Amit Lopez,amit.lopez241@yahoo.com,Japan,2020-06-27,Standard,1853.28
242,Neha Davis,neha.davis242@example.com,Canada,2025-01-12,Basic,2693.36
243,Elizabeth Wang,elizabeth.wang243@yahoo.com,Australia,2024-12-09,Standard,3858.72
244,Arjun Patel,arjun.patel244@company.org,Brazil,2024-09-10,Basic,4093.61
245,Ananya Lopez,ananya.lopez245@yahoo.com,Canada,2020-08-01,Premium,2428.92
246,Barbara Kim,barbara.kim246@gmail.com,Brazil,2021-05-25,Standard,465.18
247,Jennifer Rodriguez,jennifer.rodriguez247@example.com,Brazil,2021-08-26,Standard,503.98
248,Sofia Davis,sofia.davis248@example.com,Australia,2020-04-19,Standard,313.62
249,Thomas Verma,thomas.verma249@yahoo.com,France,2020-11-30,Standard,1161.47
250,David Brown,david.brown250@techcorp.io,Australia,2021-08-21,Basic,239.6
251,Sofia Wang,sofia.wang251@techcorp.io,Germany,2025-04-05,Standard,3095.97
252,Carlos Williams,carlos.williams252@gmail.com,Canada,2022-06-02,Basic,2766.58
253,Neha Lopez,neha.lopez253@company.org,France,2021-03-31,Standard,1226.32
254,Patricia Johnson,patricia.johnson254@yahoo.com,France,2025-02-15,Basic,598.75
255,Carlos Wang,carlos.wang255@company.org,Brazil,2020-03-08,Premium,2601.11
256,Linda Jones,linda.jones256@outlook.com,France,2020-01-07,Premium,1796.44
257,Charles Singh,charles.singh257@yahoo.com,India,2024-01-17,Basic,4769.35
258,Sarah Zhang,sarah.zhang258@company.org,Brazil,2020-03-24,Standard,4372.99
259,Mary Gonzalez,mary.gonzalez259@example.com,Australia,2022-11-04,Premium,130.4
260,Ananya Williams,ananya.williams260@outlook.com,United Kingdom,2021-02-28,Premium,3689.18
261,David Jones,david.jones261@gmail.com,Australia,2023-10-18,Premium,916.69
262,Arjun Chen,arjun.chen262@techcorp.io,Japan,2022-01-16,Basic,362.35
263,Arjun Chen,arjun.chen263@gmail.com,Canada,2022-04-05,Basic,3965.99
264,Carlos Johnson,carlos.johnson264@outlook.com,Canada,2024-06-19,Premium,2393.33
265,Mary Gonzalez,mary.gonzalez265@yahoo.com,Canada,2024-01-02,Basic,4335.7
266,David Rodriguez,david.rodriguez266@gmail.com,Australia,2024-11-24,Standard,3729.37
267,Carlos Patel,carlos.patel267@outlook.com,Germany,2025-07-25,Premium,2512.74
268,Sofia Zhang,sofia.zhang268@outlook.com,India,2024-10-04,Basic,2181.51
269,Wei Garcia,wei.garcia269@company.org,Canada,2023-08-08,Basic,446.34
270,Priya Martinez,priya.martinez270@outlook.com,Japan,2024-10-11,Basic,3464.34
271,Barbara Chen,barbara.chen271@gmail.com,Australia,2024-11-16,Standard,3215.37
272,Ananya Johnson,ananya.johnson272@gmail.com,France,2024-01-28,Premium,4015.43
273,Priya Garcia,priya.garcia273@gmail.com,Germany,2024-11-29,Basic,674.84
274,Linda Gonzalez,linda.gonzalez274@outlook.com,Australia,2024-04-17,Premium,210.31
275,Robert Chen,robert.chen275@outlook.com,Australia,2024-12-23,Basic,2890.91
276,Thomas Verma,thomas.verma276@example.com,Australia,2023-02-15,Basic,4804.57
277,James Garcia,james.garcia277@example.com,Brazil,2024-05-04,Premium,632.92
278,Arjun Rodriguez,arjun.rodriguez278@techcorp.io,Japan,2022-05-28,Premium,1463.61
279,Sofia Wang,sofia.wang279@yahoo.com,India,2021-07-09,Basic,2287.61
280,Carlos Chen,carlos.chen280@gmail.com,Australia,2023-11-24,Premium,371.45
281,Sarah Martinez,sarah.martinez281@outlook.com,Germany,2021-12-14,Standard,2568.34
282,Patricia Miller,patricia.miller282@yahoo.com,United Kingdom,2025-07-16,Basic,1836.44
283,Charles Verma,charles.verma283@example.com,Brazil,2021-06-15,Premium,4427.02
284,John Martinez,john.martinez284@example.com,Japan,2024-08-09,Standard,4125.53
285,John Jones,john.jones285@outlook.com,India,2025-01-17,Standard,3416.54
286,Barbara Jones,barbara.jones286@company.org,Germany,2021-06-12,Standard,2539.18
287,Mei Johnson,mei.johnson287@gmail.com,Brazil,2021-09-18,Standard,865.05
288,David Davis,david.davis288@outlook.com,Brazil,2023-03-09,Basic,1290.5
289,Rahul Kim,rahul.kim289@outlook.com,Germany,2023-05-25,Premium,2690.72
290,Thomas Gonzalez,thomas.gonzalez290@yahoo.com,Germany,2021-12-02,Premium,3141.17
291,Carlos Lopez,carlos.lopez291@outlook.com,United States,2020-04-26,Basic,275.04
292,Rahul Lee,rahul.lee292@outlook.com,United Kingdom,2024-09-02,Premium,3213.01
293,Jessica Gonzalez,jessica.gonzalez293@company.org,Canada,2023-05-22,Standard,1262.15
294,Ananya Patel,ananya.patel294@outlook.com,Japan,2020-10-25,Premium,346.57
295,Joseph Singh,joseph.singh295@example.com,Japan,2022-04-15,Standard,3052.97
296,David Sharma,david.sharma296@techcorp.io,Australia,2024-06-21,Basic,3815.29
297,Thomas Kim,thomas.kim297@gmail.com,Australia,2022-09-17,Standard,656.48
298,Joseph Davis,joseph.davis298@yahoo.com,India,2020-07-26,Standard,4729.66
299,Mei Lopez,mei.lopez299@example.com,United Kingdom,2021-10-16,Standard,4672.07
300,Neha Sharma,neha.sharma300@yahoo.com,Germany,2025-08-02,Premium,2360.73
301,Carlos Martinez,carlos.martinez301@example.com,United States,2021-01-03,Standard,2551.95
302,Linda Miller,linda.miller302@company.org,Australia,2020-07-18,Basic,1442.71
303,Karen Gonzalez,karen.gonzalez303@techcorp.io,Japan,2023-03-16,Premium,90.48
304,Patricia Singh,patricia.singh304@yahoo.com,Canada,2024-02-07,Standard,1861.39
305,Richard Johnson,richard.johnson305@company.org,Brazil,2022-03-08,Standard,2788.45
306,John Patel,john.patel306@company.org,Japan,2023-02-19,Premium,3417.97
307,Patricia Jones,patricia.jones307@gmail.com,France,2024-03-08,Standard,2811.27
308,Barbara Jones,barbara.jones308@yahoo.com,Brazil,2024-07-02,Premium,249.26
309,Mary Jones,mary.jones309@techcorp.io,Australia,2025-04-24,Premium,2312.09
310,Karen Zhang,karen.zhang310@yahoo.com,Australia,2023-07-28,Basic,1995.13
311,Karen Martinez,karen.martinez311@company.org,Australia,2025-06-29,Premium,2836.48
312,Jessica Smith,jessica.smith312@outlook.com,Australia,2021-03-24,Standard,2939.33
313,Ananya Gonzalez,ananya.gonzalez313@gmail.com,Japan,2022-12-23,Premium,3925.37
314,Arjun Lee,arjun.lee314@company.org,United Kingdom,2020-07-29,Premium,2428.22
315,Thomas Gonzalez,thomas.gonzalez315@techcorp.io,France,2021-08-28,Premium,1248.87
316,Charles Brown,charles.brown316@yahoo.com,United States,2024-12-11,Standard,2122.96
317,Susan Miller,susan.miller317@example.com,Brazil,2025-04-15,Premium,3650.64
318,Amit Jones,amit.jones318@company.org,United Kingdom,2023-08-24,Premium,2417.94
319,Richard Sharma,richard.sharma319@yahoo.com,Japan,2023-11-03,Premium,1803.72
320,Arjun Gonzalez,arjun.gonzalez320@techcorp.io,Canada,2025-06-06,Basic,4788.82
321,William Kim,william.kim321@outlook.com,United Kingdom,2023-05-04,Standard,3539.26
322,Amit Wang,amit.wang322@outlook.com,Japan,2023-11-29,Premium,4671.82
323,Ananya Rodriguez,ananya.rodriguez323@outlook.com,India,2024-04-04,Standard,4100.97
324,Arjun Jones,arjun.jones324@outlook.com,United States,2023-03-24,Premium,441.2
325,Sofia Chen,sofia.chen325@techcorp.io,Canada,2025-05-16,Basic,1050.24
326,Sarah Rodriguez,sarah.rodriguez326@company.org,Canada,2021-07-16,Basic,3097.6
327,Charles Davis,charles.davis327@yahoo.com,United States,2022-07-13,Premium,1202.54
328,Patricia Singh,patricia.singh328@outlook.com,Japan,2021-02-15,Premium,3865.29
329,James Kim,james.kim329@yahoo.com,France,2025-05-02,Standard,3270.17
330,Arjun Martinez,arjun.martinez330@outlook.com,Canada,2020-08-30,Basic,3278.88
331,Linda Kim,linda.kim331@techcorp.io,United States,2021-12-18,Standard,4417.11
332,Jennifer Johnson,jennifer.johnson332@example.com,Japan,2022-02-02,Premium,4812.55
333,Sofia Martinez,sofia.martinez333@gmail.com,United States,2023-05-07,Premium,3033.78
334,Sofia Sharma,sofia.sharma334@outlook.com,Japan,2025-07-16,Basic,4262.75
335,Joseph Rodriguez,joseph.rodriguez335@yahoo.com,India,2023-09-16,Basic,3669.04
336,Rahul Rodriguez,rahul.rodriguez336@techcorp.io,Germany,2020-02-27,Premium,1718.71
337,Elizabeth Lee,elizabeth.lee337@techcorp.io,United Kingdom,2021-12-19,Premium,4287.93
338,Carlos Patel,carlos.patel338@example.com,Brazil,2023-09-05,Basic,2034.12
339,Patricia Garcia,patricia.garcia339@yahoo.com,Japan,2023-08-18,Basic,83.81
340,Richard Davis,richard.davis340@example.com,Canada,2023-09-12,Standard,2933.18
341,Charles Smith,charles.smith341@outlook.com,Australia,2022-08-25,Basic,3355.54
342,Joseph Martinez,joseph.martinez342@yahoo.com,France,2025-08-20,Premium,3860.71
343,Amit Brown,amit.brown343@techcorp.io,Canada,2024-02-14,Premium,1143.2
344,Robert Wang,robert.wang344@yahoo.com,Japan,2024-03-10,Standard,3524.61
345,Sofia Wang,sofia.wang345@company.org,United Kingdom,2022-10-10,Premium,3785.96
346,Mei Williams,mei.williams346@company.org,Japan,2024-01-21,Basic,4590.36
347,Patricia Johnson,patricia.johnson347@company.org,Brazil,2022-04-08,Premium,2706.47
348,Jennifer Sharma,jennifer.sharma348@company.org,Japan,2021-04-21,Premium,1066.74
349,Charles Wang,charles.wang349@gmail.com,Brazil,2024-12-29,Basic,2294.49
350,Thomas Singh,thomas.singh350@example.com,United States,2025-03-08,Premium,4044.23
351,Neha Smith,neha.smith351@example.com,Canada,2020-01-13,Premium,1128.61
352,John Johnson,john.johnson352@example.com,Australia,2020-09-18,Premium,4970.91
353,Sofia Williams,sofia.williams353@example.com,United States,2023-03-21,Standard,940.91
354,Robert Gonzalez,robert.gonzalez354@techcorp.io,France,2024-03-13,Standard,2270.26
355,Sofia Patel,sofia.patel355@example.com,India,2021-06-28,Premium,4308.42
356,Patricia Garcia,patricia.garcia356@company.org,France,2021-06-05,Premium,4894.69
357,Wei Smith,wei.smith357@gmail.com,Canada,2025-03-11,Premium,3609.52
358,Susan Kim,susan.kim358@example.com,United Kingdom,2022-10-10,Standard,1763.49
359,William Miller,william.miller359@techcorp.io,India,2020-05-11,Premium,2125.24
360,Arjun Smith,arjun.smith360@yahoo.com,United Kingdom,2020-10-02,Basic,2990.02
361,Joseph Lopez,joseph.lopez361@techcorp.io,United States,2022-09-29,Premium,268.97
362,Joseph Davis,joseph.davis362@company.org,United Kingdom,2020-08-19,Basic,2544.28
363,Elizabeth Davis,elizabeth.davis363@techcorp.io,Australia,2023-08-06,Basic,1543.73
364,Robert Zhang,robert.zhang364@yahoo.com,France,2023-05-15,Standard,351.74
365,Charles Garcia,charles.garcia365@techcorp.io,France,2025-07-23,Basic,4862.84
366,Rahul Patel,rahul.patel366@company.org,Australia,2024-09-01,Standard,788.63
367,Richard Garcia,richard.garcia367@company.org,Japan,2022-09-14,Basic,1538.65
368,Amit Jones,amit.jones368@example.com,United States,2024-08-17,Standard,2808.57
369,Robert Patel,robert.patel369@yahoo.com,Canada,2022-04-12,Standard,3251.19
370,Sofia Chen,sofia.chen370@outlook.com,India,2022-02-19,Basic,1378.88
371,Priya Lopez,priya.lopez371@company.org,United States,2020-10-25,Basic,4033.02
372,Charles Kim,charles.kim372@yahoo.com,Japan,2022-05-05,Standard,1550.78
373,Sofia Smith,sofia.smith373@yahoo.com,United Kingdom,2021-04-25,Premium,4997.88
374,Jessica Davis,jessica.davis374@techcorp.io,United Kingdom,2024-06-12,Basic,2782.79
375,Arjun Martinez,arjun.martinez375@example.com,Japan,2024-01-11,Standard,1344.73
376,Thomas Wang,thomas.wang376@example.com,India,2025-04-07,Standard,4575.94
377,Barbara Sharma,barbara.sharma377@example.com,United States,2022-06-25,Premium,772.32
378,William Kim,william.kim378@company.org,France,2023-04-24,Basic,1021.15
379,Linda Patel,linda.patel379@company.org,United Kingdom,2025-08-07,Premium,3290.31
380,Priya Sharma,priya.sharma380@outlook.com,Japan,2025-07-02,Standard,882.76
381,Ananya Verma,ananya.verma381@yahoo.com,Germany,2025-06-23,Basic,4588.65
382,Sarah Gonzalez,sarah.gonzalez382@gmail.com,Brazil,2020-05-18,Basic,4728.68
383,Priya Johnson,priya.johnson383@gmail.com,France,2021-07-17,Premium,1195.6
384,Amit Jones,amit.jones384@gmail.com,United Kingdom,2025-02-10,Standard,349.23
385,Rahul Lopez,rahul.lopez385@example.com,Japan,2020-03-05,Basic,2684.45
386,Susan Smith,susan.smith386@gmail.com,Brazil,2023-01-30,Premium,4888.52
387,James Zhang,james.zhang387@techcorp.io,France,2022-01-04,Basic,4594.34
388,Thomas Jones,thomas.jones388@yahoo.com,United Kingdom,2022-10-30,Standard,1373.26
389,Richard Williams,richard.williams389@outlook.com,France,2025-02-23,Premium,1253.88
390,Amit Davis,amit.davis390@outlook.com,India,2020-05-09,Basic,2056.13
391,Richard Kim,richard.kim391@example.com,United States,2020-02-08,Premium,898.35
392,Jessica Singh,jessica.singh392@techcorp.io,Australia,2021-01-25,Premium,4599.8
393,Linda Miller,linda.miller393@techcorp.io,Japan,2023-01-15,Basic,4624.59
394,Priya Rodriguez,priya.rodriguez394@company.org,United States,2022-01-04,Standard,127.51
395,Michael Lee,michael.lee395@yahoo.com,France,2020-11-11,Standard,854.13
396,Linda Lee,linda.lee396@example.com,Brazil,2023-09-20,Standard,3790.27
397,Robert Williams,robert.williams397@company.org,Australia,2020-08-07,Basic,2213.59
398,Wei Williams,wei.williams398@outlook.com,France,2023-08-29,Basic,3188.91
399,Ananya Chen,ananya.chen399@example.com,United Kingdom,2023-12-28,Premium,4708.66
400,Susan Garcia,susan.garcia400@techcorp.io,France,2020-12-17,Premium,1512.13
401,Linda Williams,linda.williams401@gmail.com,Canada,2021-09-23,Standard,3572.8
402,Rahul Jones,rahul.jones402@techcorp.io,France,2023-07-21,Standard,577.43
403,James Martinez,james.martinez403@example.com,Australia,2023-01-09,Basic,705.91
404,Jennifer Singh,jennifer.singh404@example.com,Brazil,2024-07-29,Basic,180.0
405,Barbara Kim,barbara.kim405@gmail.com,Australia,2024-04-26,Basic,1494.64
406,Richard Williams,richard.williams406@techcorp.io,Brazil,2022-09-21,Premium,2629.47
407,Priya Patel,priya.patel407@yahoo.com,Germany,2023-01-06,Standard,1378.61
408,Robert Williams,robert.williams408@yahoo.com,France,2023-02-04,Standard,1533.77
409,Ananya Williams,ananya.williams409@outlook.com,Canada,2022-10-07,Premium,3143.92
410,Karen Lopez,karen.lopez410@yahoo.com,Japan,2021-03-14,Basic,1558.06
411,Richard Sharma,richard.sharma411@company.org,France,2023-09-11,Standard,1706.94
412,Wei Gonzalez,wei.gonzalez412@company.org,Germany,2023-05-15,Standard,3035.9
413,Amit Miller,amit.miller413@example.com,Australia,2021-12-28,Standard,4845.19
414,Elizabeth Gonzalez,elizabeth.gonzalez414@example.com,United Kingdom,2023-08-27,Standard,1437.49
415,Ananya Patel,ananya.patel415@outlook.com,India,2022-03-29,Premium,4986.46
416,Jennifer Kim,jennifer.kim416@gmail.com,Japan,2022-05-08,Standard,3998.54
417,Wei Williams,wei.williams417@example.com,Japan,2021-07-24,Premium,1549.02
418,William Jones,william.jones418@techcorp.io,France,2024-03-24,Basic,2272.88
419,Karen Wang,karen.wang419@company.org,France,2024-09-09,Premium,231.99
420,Barbara Kim,barbara.kim420@company.org,India,2021-03-23,Basic,3305.13
421,Barbara Garcia,barbara.garcia421@techcorp.io,United States,2024-06-24,Standard,4830.3
422,Susan Brown,susan.brown422@gmail.com,India,2022-11-25,Basic,2577.85
423,Thomas Kim,thomas.kim423@company.org,United Kingdom,2024-12-30,Standard,1986.11
424,Arjun Lee,,Brazil,2021-09-09,Standard,4988.63
425,Jessica Brown,jessica.brown425@outlook.com,France,2020-12-17,Basic,4165.02
426,Neha Jones,neha.jones426@outlook.com,Canada,2023-11-06,Standard,3932.14
427,Thomas Wang,thomas.wang427@outlook.com,Japan,2021-02-03,Standard,3623.87
428,Joseph Sharma,joseph.sharma428@gmail.com,Canada,2020-07-02,Premium,619.67
429,Mei Sharma,mei.sharma429@techcorp.io,India,2021-11-04,Premium,1257.37
430,Jennifer Kim,jennifer.kim430@yahoo.com,Australia,2024-10-12,Standard,1197.68
431,Richard Gonzalez,richard.gonzalez431@yahoo.com,Germany,2024-11-05,Standard,194.5
432,Karen Miller,karen.miller432@example.com,France,2024-05-11,Basic,3538.44
433,Michael Rodriguez,michael.rodriguez433@techcorp.io,India,2021-02-20,Premium,975.45
434,David Miller,david.miller434@example.com,India,2022-12-10,Premium,4320.05
435,Thomas Gonzalez,thomas.gonzalez435@outlook.com,France,2024-05-26,Premium,615.45
436,Barbara Chen,barbara.chen436@company.org,Germany,2023-05-03,Premium,2971.33
437,Priya Jones,priya.jones437@outlook.com,India,2022-09-04,Standard,628.9
438,Barbara Jones,barbara.jones438@company.org,France,2024-09-09,Premium,732.44
439,Richard Singh,richard.singh439@yahoo.com,Japan,2021-12-10,Premium,875.98
440,Elizabeth Jones,elizabeth.jones440@yahoo.com,Australia,2025-01-21,Premium,315.38
441,Barbara Smith,barbara.smith441@example.com,Germany,2022-03-10,Standard,4820.95
442,Thomas Gonzalez,thomas.gonzalez442@example.com,France,2025-07-07,Standard,3565.2
443,Joseph Wang,joseph.wang443@yahoo.com,India,2020-05-06,Basic,1495.85
444,William Davis,william.davis444@company.org,Canada,2021-11-19,Standard,2849.97
445,Arjun Wang,arjun.wang445@company.org,Brazil,2021-04-08,Premium,615.32
446,Arjun Kim,arjun.kim446@outlook.com,Brazil,2020-06-19,Premium,2234.76
447,Michael Singh,michael.singh447@gmail.com,United Kingdom,2023-05-04,Basic,2276.18
448,Barbara Williams,barbara.williams448@example.com,India,2022-08-28,Basic,4062.98
449,Charles Verma,charles.verma449@techcorp.io,France,2021-11-10,Premium,739.21
450,Michael Miller,michael.miller450@gmail.com,Australia,2023-02-25,Premium,2716.9
451,David Martinez,david.martinez451@outlook.com,Canada,2021-01-25,Basic,4815.72
452,Ananya Singh,ananya.singh452@gmail.com,Canada,2021-06-03,Premium,4337.09
453,Linda Jones,linda.jones453@techcorp.io,Australia,2022-10-10,Premium,1993.87
454,Robert Lee,robert.lee454@techcorp.io,Canada,2024-08-23,Standard,2287.36
455,Rahul Williams,rahul.williams455@example.com,Brazil,2023-02-13,Premium,4684.86
456,Barbara Chen,barbara.chen456@example.com,Australia,2020-01-11,Premium,511.05
457,Joseph Gonzalez,joseph.gonzalez457@techcorp.io,Australia,2020-09-16,Premium,2018.69
458,Susan Miller,susan.miller458@example.com,Canada,2023-08-15,Standard,1721.89
459,Charles Jones,charles.jones459@company.org,Japan,2023-11-08,Premium,3823.16
460,Mary Brown,mary.brown460@techcorp.io,Japan,2020-03-07,Basic,4650.69
461,Jennifer Chen,jennifer.chen461@example.com,United States,2024-10-18,Basic,4978.69
462,Sofia Jones,sofia.jones462@techcorp.io,Canada,2021-10-13,Standard,512.03
463,Barbara Rodriguez,barbara.rodriguez463@gmail.com,Australia,2021-11-08,Basic,2011.89
464,Elizabeth Davis,elizabeth.davis464@example.com,India,2021-01-24,Basic,1106.43
465,John Jones,john.jones465@company.org,United Kingdom,2024-12-27,Basic,89.91
466,David Brown,david.brown466@example.com,Germany,2025-05-10,Basic,1183.29
467,John Brown,john.brown467@gmail.com,Australia,2024-02-14,Standard,728.79
468,Arjun Jones,arjun.jones468@techcorp.io,Germany,2020-10-07,Premium,2838.29
469,Karen Gonzalez,karen.gonzalez469@yahoo.com,Japan,2023-12-09,Premium,1104.62
470,Neha Jones,neha.jones470@example.com,Japan,2022-06-08,Basic,4488.14
471,Robert Brown,,France,2023-12-10,Standard,1606.79
472,Robert Davis,robert.davis472@outlook.com,India,2022-10-13,Premium,3024.95
473,Neha Lopez,neha.lopez473@outlook.com,United States,2023-05-20,Basic,2612.86
474,Thomas Miller,thomas.miller474@techcorp.io,France,2023-04-25,Premium,320.12
475,Carlos Davis,carlos.davis475@example.com,France,2021-04-06,Basic,2522.93
476,Karen Williams,karen.williams476@company.org,United States,2024-01-19,Standard,703.32
477,Mei Lee,mei.lee477@example.com,Australia,2021-12-08,Standard,4774.54
478,Arjun Williams,arjun.williams478@gmail.com,India,2020-02-26,Standard,1117.93
479,Sofia Johnson,sofia.johnson479@example.com,Brazil,2023-03-19,Premium,3577.51
480,Arjun Singh,arjun.singh480@example.com,France,2020-12-03,Premium,2706.0
481,Karen Jones,karen.jones481@outlook.com,India,2023-06-23,Basic,2580.96
482,Michael Jones,michael.jones482@company.org,Australia,2024-05-19,Premium,3189.76
483,Wei Gonzalez,wei.gonzalez483@techcorp.io,India,2023-06-24,Premium,2215.56
484,Mei Davis,mei.davis484@gmail.com,United Kingdom,2020-12-19,Standard,624.13
485,Karen Lopez,karen.lopez485@gmail.com,Canada,2021-12-20,Basic,112.69
486,Robert Smith,robert.smith486@yahoo.com,Japan,2023-11-21,Premium,2610.25
487,Wei Rodriguez,wei.rodriguez487@yahoo.com,Australia,2021-06-03,Premium,3916.56
488,William Brown,william.brown488@gmail.com,Australia,2024-10-24,Standard,2643.08
489,William Lee,william.lee489@techcorp.io,India,2025-07-25,Standard,2578.37
490,Mary Wang,mary.wang490@company.org,Germany,2024-02-15,Basic,1312.82
491,Patricia Lee,patricia.lee491@techcorp.io,India,2022-07-24,Premium,2568.68
492,Mary Smith,mary.smith492@yahoo.com,United States,2025-04-16,Standard,1945.75
493,Robert Garcia,robert.garcia493@gmail.com,Brazil,2024-09-13,Basic,1642.92
494,Susan Sharma,susan.sharma494@outlook.com,India,2024-03-07,Basic,2535.1
495,Carlos Johnson,carlos.johnson495@yahoo.com,United Kingdom,2020-07-07,Standard,391.19
496,Joseph Martinez,joseph.martinez496@outlook.com,Australia,2020-12-19,Premium,2310.89
497,Barbara Miller,barbara.miller497@outlook.com,Canada,2022-09-20,Standard,1872.95
498,Jessica Miller,jessica.miller498@techcorp.io,Brazil,2022-10-01,Basic,81.57
499,Susan Smith,susan.smith499@yahoo.com,Brazil,2023-11-19,Premium,4205.89
500,Carlos Smith,carlos.smith500@outlook.com,United States,2024-03-21,Premium,3649.71
501,Patricia Miller,patricia.miller501@company.org,United Kingdom,2024-09-15,Standard,4807.87
502,Robert Rodriguez,robert.rodriguez502@gmail.com,United States,2022-08-06,Premium,2094.63
503,Carlos Verma,carlos.verma503@example.com,India,2021-01-26,Premium,710.89
504,Wei Patel,wei.patel504@gmail.com,United States,2024-11-16,Premium,4822.88
505,Linda Martinez,linda.martinez505@outlook.com,Australia,2024-05-28,Premium,4167.9
506,David Sharma,david.sharma506@example.com,Canada,2022-08-14,Basic,4720.6
507,Robert Lee,robert.lee507@gmail.com,Germany,2021-03-08,Basic,2275.36
508,David Singh,david.singh508@gmail.com,Brazil,2024-01-07,Basic,2286.99
509,Joseph Rodriguez,joseph.rodriguez509@gmail.com,India,2021-10-07,Premium,1555.86
510,Amit Lopez,amit.lopez510@gmail.com,United Kingdom,2023-09-04,Basic,501.5
511,Linda Verma,linda.verma511@example.com,Brazil,2020-07-19,Premium,1529.26
512,Wei Garcia,wei.garcia512@gmail.com,France,2025-01-26,Premium,3752.99
513,Linda Brown,linda.brown513@example.com,India,2021-07-26,Basic,109.19
514,Wei Davis,wei.davis514@yahoo.com,United Kingdom,2024-06-28,Standard,3447.11
515,Rahul Williams,rahul.williams515@company.org,Canada,2020-11-03,Basic,4985.95
516,Michael Gonzalez,michael.gonzalez516@example.com,Germany,2021-01-11,Standard,656.51
517,Joseph Johnson,joseph.johnson517@yahoo.com,France,2024-06-05,Standard,195.94
518,Priya Singh,priya.singh518@yahoo.com,Australia,2022-05-29,Basic,1411.16
519,Joseph Jones,joseph.jones519@gmail.com,United Kingdom,2023-04-23,Standard,2089.36
520,Sarah Wang,sarah.wang520@gmail.com,India,2023-02-19,Standard,729.32
521,Michael Gonzalez,michael.gonzalez521@company.org,United Kingdom,2020-03-20,Standard,3920.48
522,Barbara Wang,barbara.wang522@company.org,Japan,2023-11-10,Premium,2536.85
523,Richard Rodriguez,richard.rodriguez523@yahoo.com,United States,2023-07-30,Premium,1134.15
524,Carlos Rodriguez,carlos.rodriguez524@gmail.com,Japan,2024-01-04,Premium,4998.05
525,Jennifer Brown,jennifer.brown525@yahoo.com,United Kingdom,2022-12-27,Premium,4090.61
526,Sofia Johnson,sofia.johnson526@yahoo.com,France,2023-12-24,Basic,921.7
527,Charles Sharma,charles.sharma527@techcorp.io,Australia,2020-04-25,Premium,3517.78
528,Charles Lee,charles.lee528@yahoo.com,United Kingdom,2025-07-09,Premium,1579.81
529,Jessica Johnson,jessica.johnson529@gmail.com,United States,2022-08-10,Premium,1133.1
530,Thomas Wang,thomas.wang530@gmail.com,Australia,2022-04-05,Basic,1736.76
531,Jennifer Sharma,jennifer.sharma531@gmail.com,United States,2021-08-28,Premium,3538.25
532,Robert Brown,robert.brown532@company.org,Australia,2020-10-24,Standard,3537.46
533,Priya Patel,priya.patel533@company.org,India,2023-10-10,Standard,1646.89
534,Jennifer Singh,jennifer.singh534@techcorp.io,Japan,2023-07-23,Basic,3550.56
535,Sarah Lopez,sarah.lopez535@outlook.com,United Kingdom,2021-12-19,Standard,1568.77
536,Amit Martinez,amit.martinez536@yahoo.com,Germany,2020-01-08,Premium,4746.06
537,Richard Lee,richard.lee537@gmail.com,Germany,2023-07-27,Premium,1143.43
538,Charles Brown,charles.brown538@example.com,Germany,2023-09-18,Premium,435.14
539,Barbara Sharma,barbara.sharma539@yahoo.com,India,2023-10-07,Standard,106.41
540,Michael Davis,michael.davis540@techcorp.io,India,2023-12-06,Standard,3945.75
541,Neha Smith,neha.smith541@gmail.com,France,2024-11-29,Premium,2127.28
542,Jennifer Singh,jennifer.singh542@example.com,France,2023-12-09,Premium,1907.97
543,Wei Wang,wei.wang543@company.org,United Kingdom,2021-10-28,Standard,414.86
544,Mei Johnson,mei.johnson544@outlook.com,United States,2023-07-29,Standard,4760.73
545,John Sharma,john.sharma545@yahoo.com,France,2021-10-21,Premium,421.26
546,Carlos Williams,carlos.williams546@outlook.com,Japan,2020-05-06,Standard,4715.09
547,Jennifer Lopez,jennifer.lopez547@example.com,Germany,2020-08-07,Basic,1688.92
548,Michael Singh,michael.singh548@techcorp.io,Brazil,2022-12-22,Premium,1443.54
549,Linda Brown,linda.brown549@gmail.com,France,2025-07-03,Basic,319.8
550,James Singh,james.singh550@gmail.com,Canada,2025-05-21,Basic,530.09
551,Michael Garcia,michael.garcia551@techcorp.io,Canada,2020-12-01,Standard,4226.66
552,Elizabeth Patel,elizabeth.patel552@example.com,Japan,2022-12-21,Basic,3227.24
553,Richard Garcia,richard.garcia553@outlook.com,France,2024-02-22,Basic,2256.59
554,William Chen,william.chen554@example.com,Canada,2022-07-15,Standard,2843.02
555,Robert Brown,robert.brown555@gmail.com,Australia,2024-08-22,Premium,1176.19
556,Mary Patel,mary.patel556@company.org,France,2025-04-28,Premium,4414.19
557,Jessica Martinez,jessica.martinez557@gmail.com,France,2020-05-22,Premium,2877.54
558,Thomas Lee,thomas.lee558@techcorp.io,Germany,2021-05-07,Standard,905.75
559,Jennifer Miller,jennifer.miller559@yahoo.com,Germany,2020-06-23,Standard,437.92
560,Priya Singh,priya.singh560@yahoo.com,Germany,2022-11-22,Standard,4558.48
561,Sofia Williams,sofia.williams561@gmail.com,France,2024-06-15,Premium,1664.33
562,William Zhang,william.zhang562@example.com,United States,2024-09-14,Basic,2101.49
563,Robert Lee,robert.lee563@company.org,India,2021-03-08,Premium,3908.75
564,Ananya Martinez,ananya.martinez564@company.org,Australia,2024-08-10,Standard,1946.07
565,Jessica Lee,jessica.lee565@company.org,Japan,2020-06-02,Basic,1413.3
566,Robert Lopez,robert.lopez566@company.org,France,2020-06-07,Standard,4453.39
567,David Davis,david.davis567@gmail.com,Japan,2023-01-05,Standard,150.15
568,Wei Martinez,wei.martinez568@outlook.com,Canada,2025-07-06,Premium,3440.02
569,Mei Davis,mei.davis569@yahoo.com,Canada,2024-12-19,Standard,1383.63
570,Susan Lopez,susan.lopez570@techcorp.io,India,2022-02-08,Standard,1096.38
571,Wei Singh,wei.singh571@techcorp.io,Japan,2024-03-11,Basic,2600.59
572,Jennifer Williams,jennifer.williams572@outlook.com,Brazil,2024-07-10,Basic,3913.56
573,Thomas Lee,thomas.lee573@gmail.com,Germany,2022-02-28,Basic,4193.03
574,Linda Johnson,linda.johnson574@example.com,United States,2024-01-16,Premium,1035.59
575,Barbara Chen,barbara.chen575@company.org,France,2021-05-22,Premium,201.29
576,Barbara Wang,barbara.wang576@company.org,Japan,2021-12-28,Standard,2955.06
577,Barbara Verma,barbara.verma577@yahoo.com,Canada,2021-01-05,Standard,185.88
578,Mary Garcia,mary.garcia578@company.org,United Kingdom,2022-06-25,Premium,1164.3
579,Michael Rodriguez,michael.rodriguez579@techcorp.io,France,2020-03-23,Premium,94.05
580,Sofia Jones,sofia.jones580@techcorp.io,Germany,2020-02-04,Basic,1299.33
581,Ananya Martinez,ananya.martinez581@techcorp.io,Canada,2024-10-01,Standard,4265.35
582,Joseph Rodriguez,joseph.rodriguez582@yahoo.com,Japan,2023-05-22,Premium,2627.16
583,Karen Patel,karen.patel583@company.org,India,2020-01-31,Premium,4997.18
584,Wei Verma,wei.verma584@company.org,Canada,2023-05-07,Premium,585.12
585,John Sharma,john.sharma585@outlook.com,Australia,2023-02-08,Standard,3297.79
586,Carlos Gonzalez,carlos.gonzalez586@outlook.com,United Kingdom,2021-09-06,Premium,3839.1
587,Carlos Johnson,carlos.johnson587@company.org,France,2023-08-02,Premium,742.65
588,James Gonzalez,james.gonzalez588@example.com,Canada,2022-11-28,Standard,2052.76
589,Neha Johnson,neha.johnson589@company.org,United Kingdom,2023-11-06,Premium,3581.18
590,Priya Kim,priya.kim590@techcorp.io,Japan,2024-01-08,Premium,1535.96
591,Jennifer Kim,jennifer.kim591@yahoo.com,Canada,2021-02-03,Standard,683.32
592,William Kim,william.kim592@yahoo.com,Australia,2020-12-31,Basic,1808.65
593,Neha Martinez,neha.martinez593@example.com,Australia,2024-03-02,Standard,2948.57
594,Joseph Brown,joseph.brown594@example.com,United States,2020-10-18,Standard,4452.66
595,Thomas Brown,thomas.brown595@techcorp.io,France,2023-05-07,Standard,317.61
596,Mei Jones,mei.jones596@yahoo.com,United Kingdom,2023-11-04,Standard,4936.6
597,Carlos Chen,carlos.chen597@yahoo.com,Australia,2022-01-08,Basic,2463.53
598,Rahul Garcia,rahul.garcia598@outlook.com,United States,2020-01-20,Standard,1403.96
599,Arjun Garcia,arjun.garcia599@company.org,Germany,2025-06-28,Basic,690.56
600,Susan Gonzalez,susan.gonzalez600@example.com,France,2024-10-23,Standard,1947.42
601,Mary Kim,mary.kim601@yahoo.com,Australia,2020-02-27,Standard,3796.4
602,Thomas Miller,thomas.miller602@gmail.com,United States,2022-10-16,Basic,3482.95
603,Barbara Martinez,barbara.martinez603@yahoo.com,India,2024-04-20,Premium,2963.92
604,Jennifer Williams,jennifer.williams604@gmail.com,Canada,2023-04-06,Standard,3652.77
605,Karen Zhang,karen.zhang605@outlook.com,France,2021-07-02,Standard,4980.89
606,Jessica Verma,jessica.verma606@yahoo.com,Germany,2024-07-10,Basic,1180.67
607,Neha Jones,neha.jones607@yahoo.com,United States,2021-11-23,Basic,1864.63
608,Rahul Johnson,rahul.johnson608@example.com,Canada,2020-07-18,Premium,4973.67
609,Priya Brown,priya.brown609@techcorp.io,United States,2020-07-16,Premium,623.16
610,Joseph Patel,joseph.patel610@gmail.com,Brazil,2022-11-01,Standard,3524.25
611,Michael Gonzalez,michael.gonzalez611@gmail.com,Canada,2024-09-19,Premium,549.85
612,Thomas Rodriguez,thomas.rodriguez612@company.org,Germany,2024-09-11,Basic,2582.34
613,Karen Brown,karen.brown613@outlook.com,India,2021-03-11,Standard,1033.3
614,Michael Rodriguez,michael.rodriguez614@company.org,United Kingdom,2024-01-06,Premium,2078.29
615,Jennifer Johnson,jennifer.johnson615@company.org,Japan,2022-04-30,Premium,4668.97
616,David Davis,david.davis616@gmail.com,United States,2020-12-30,Basic,4184.4
617,Priya Wang,priya.wang617@yahoo.com,India,2020-11-03,Premium,3631.7
618,Carlos Rodriguez,carlos.rodriguez618@techcorp.io,United Kingdom,2025-02-13,Standard,1357.42
619,Mary Brown,mary.brown619@yahoo.com,United States,2023-04-05,Standard,4017.9
620,David Singh,david.singh620@techcorp.io,India,2021-01-24,Basic,97.88
621,Robert Gonzalez,robert.gonzalez621@yahoo.com,Australia,2024-01-04,Standard,4777.69
622,William Williams,william.williams622@outlook.com,Australia,2022-01-19,Basic,2033.85
623,Joseph Rodriguez,joseph.rodriguez623@example.com,Japan,2024-09-23,Premium,4436.31
624,Jennifer Brown,jennifer.brown624@yahoo.com,United States,2021-10-14,Basic,2109.34
625,Charles Wang,charles.wang625@company.org,Japan,2022-01-12,Premium,1929.77
626,Barbara Lopez,barbara.lopez626@gmail.com,Germany,2025-06-01,Standard,609.04
627,Susan Chen,susan.chen627@gmail.com,India,2022-12-07,Premium,1605.48
628,Amit Zhang,amit.zhang628@techcorp.io,United Kingdom,2023-10-17,Premium,2639.36
629,Amit Lopez,amit.lopez629@gmail.com,France,2022-10-15,Standard,1761.46
630,Priya Gonzalez,priya.gonzalez630@example.com,Germany,2020-08-11,Basic,3234.82
631,Jennifer Zhang,jennifer.zhang631@example.com,Japan,2021-11-08,Basic,3769.58
632,David Davis,david.davis632@outlook.com,Canada,2020-07-25,Premium,1152.4
633,Rahul Patel,rahul.patel633@example.com,United Kingdom,2020-11-18,Standard,2248.73
634,Charles Chen,charles.chen634@gmail.com,Japan,2025-01-05,Standard,637.6
635,Jessica Gonzalez,jessica.gonzalez635@gmail.com,India,2024-07-10,Standard,227.37
636,Sarah Smith,sarah.smith636@gmail.com,Canada,2022-04-27,Premium,3373.8
637,David Verma,david.verma637@gmail.com,United Kingdom,2025-02-04,Standard,2822.75
638,Karen Lopez,karen.lopez638@example.com,Australia,2025-01-27,Basic,532.31
639,Priya Davis,priya.davis639@gmail.com,Australia,2023-12-25,Premium,4823.95
640,Elizabeth Kim,elizabeth.kim640@company.org,Australia,2021-03-11,Basic,4489.54
641,Jessica Jones,jessica.jones641@techcorp.io,France,2021-03-14,Standard,3073.72
642,Michael Brown,michael.brown642@example.com,United Kingdom,2025-02-15,Basic,3598.1
643,Patricia Singh,patricia.singh643@gmail.com,India,2025-01-19,Standard,3309.36
644,Thomas Jones,thomas.jones644@example.com,United States,2020-07-17,Premium,4679.78
645,Wei Lee,wei.lee645@example.com,Brazil,2021-12-26,Premium,2913.84
646,Neha Jones,neha.jones646@gmail.com,France,2023-08-11,Premium,4412.88
647,Susan Lopez,susan.lopez647@techcorp.io,United Kingdom,2023-01-25,Standard,4819.79
648,Elizabeth Chen,elizabeth.chen648@yahoo.com,Germany,2024-08-17,Premium,3515.07
649,Neha Zhang,neha.zhang649@outlook.com,Brazil,2023-07-09,Premium,3697.25
650,Sarah Gonzalez,sarah.gonzalez650@yahoo.com,United Kingdom,2022-05-08,Premium,3586.2
651,Priya Verma,priya.verma651@techcorp.io,Germany,2021-12-29,Premium,2735.33
652,Rahul Sharma,rahul.sharma652@techcorp.io,India,2023-12-13,Premium,2427.83
653,Charles Singh,charles.singh653@techcorp.io,Brazil,2023-03-17,Standard,4051.11
654,Thomas Brown,thomas.brown654@gmail.com,France,2021-08-18,Basic,3367.76
655,Michael Rodriguez,michael.rodriguez655@yahoo.com,Canada,2022-10-23,Basic,4204.94
656,Amit Martinez,amit.martinez656@yahoo.com,Brazil,2020-05-12,Standard,4079.43
657,Patricia Lopez,patricia.lopez657@techcorp.io,Brazil,2022-07-07,Premium,3253.24
658,Richard Davis,richard.davis658@company.org,Canada,2020-07-11,Standard,1968.4
659,Ananya Sharma,ananya.sharma659@company.org,United States,2020-02-23,Premium,1294.14
660,Karen Chen,karen.chen660@yahoo.com,Australia,2022-03-15,Premium,4823.23
661,Elizabeth Chen,elizabeth.chen661@yahoo.com,India,2022-02-04,Basic,3688.64
662,Patricia Patel,patricia.patel662@gmail.com,France,2023-02-17,Premium,1357.99
663,Jennifer Lee,jennifer.lee663@outlook.com,United States,2023-09-15,Standard,3562.96
664,Robert Johnson,robert.johnson664@yahoo.com,Australia,2020-07-27,Premium,3097.26
665,Priya Martinez,priya.martinez665@example.com,Brazil,2024-01-06,Basic,3930.96
666,David Zhang,david.zhang666@yahoo.com,Germany,2020-10-06,Premium,838.88
667,Sarah Kim,sarah.kim667@example.com,India,2023-12-02,Basic,4422.81
668,Priya Sharma,priya.sharma668@outlook.com,Australia,2023-04-17,Basic,4754.03
669,Karen Zhang,karen.zhang669@example.com,Brazil,2020-02-06,Basic,3361.25
670,Joseph Davis,joseph.davis670@techcorp.io,United Kingdom,2020-06-12,Premium,4434.02
671,Richard Brown,richard.brown671@example.com,Canada,2023-03-04,Basic,4561.11
672,Wei Verma,wei.verma672@company.org,Brazil,2024-12-30,Standard,267.07
673,Carlos Gonzalez,carlos.gonzalez673@yahoo.com,Australia,2020-12-03,Basic,878.6
674,Arjun Kim,arjun.kim674@company.org,United States,2020-09-25,Basic,3368.16
675,Arjun Miller,arjun.miller675@techcorp.io,France,2021-03-01,Basic,2711.88
676,Amit Singh,amit.singh676@techcorp.io,India,2021-09-21,Basic,2323.16
677,David Johnson,david.johnson677@gmail.com,India,2020-08-10,Basic,3981.36
678,Sarah Williams,sarah.williams678@company.org,United Kingdom,2022-11-25,Standard,1970.76
679,Rahul Patel,rahul.patel679@example.com,Australia,2020-03-10,Standard,3382.83
680,Sarah Smith,sarah.smith680@techcorp.io,India,2020-07-05,Premium,4248.84
681,Barbara Zhang,barbara.zhang681@gmail.com,Canada,2023-05-19,Premium,478.2
682,Arjun Chen,arjun.chen682@example.com,France,2020-05-06,Standard,823.8
683,Linda Jones,linda.jones683@techcorp.io,France,2023-04-23,Premium,763.17
684,Priya Gonzalez,priya.gonzalez684@outlook.com,United States,2021-08-02,Basic,256.78
685,Charles Lopez,charles.lopez685@example.com,Brazil,2020-12-14,Standard,1089.76
686,Neha Verma,neha.verma686@yahoo.com,France,2021-08-06,Basic,960.76
687,Karen Rodriguez,karen.rodriguez687@yahoo.com,India,2022-01-12,Premium,4008.32
688,Mei Johnson,mei.johnson688@company.org,Japan,2020-10-26,Standard,3374.84
689,William Brown,william.brown689@yahoo.com,Japan,2023-09-17,Standard,684.66
690,Rahul Davis,rahul.davis690@gmail.com,Canada,2020-10-12,Basic,1623.04
691,Joseph Sharma,joseph.sharma691@company.org,Canada,2021-09-16,Premium,2855.97
692,Ananya Sharma,ananya.sharma692@example.com,Germany,2020-01-20,Standard,1268.57
693,Linda Gonzalez,linda.gonzalez693@example.com,Canada,2024-01-12,Basic,3413.92
694,David Wang,david.wang694@example.com,Japan,2024-01-09,Standard,2460.51
695,Patricia Garcia,patricia.garcia695@techcorp.io,India,2023-02-23,Basic,4461.92
696,Michael Rodriguez,michael.rodriguez696@techcorp.io,India,2020-11-04,Basic,4255.46
697,Rahul Smith,rahul.smith697@company.org,France,2022-05-21,Basic,2780.39
698,Sarah Kim,sarah.kim698@example.com,Germany,2024-02-07,Standard,1155.37
699,Arjun Lee,arjun.lee699@techcorp.io,Canada,2021-07-02,Standard,2530.56
700,John Patel,john.patel700@outlook.com,Brazil,2020-02-13,Premium,1232.46
701,Ananya Lopez,ananya.lopez701@techcorp.io,Germany,2021-07-28,Standard,838.15
702,Charles Lee,charles.lee702@techcorp.io,Germany,2025-06-03,Standard,250.08
703,Arjun Wang,arjun.wang703@yahoo.com,India,2022-12-18,Standard,1208.39
704,Priya Miller,priya.miller704@company.org,Australia,2024-05-08,Standard,4593.61
705,Carlos Johnson,carlos.johnson705@gmail.com,Australia,2021-02-26,Premium,4843.78
706,Rahul Rodriguez,rahul.rodriguez706@techcorp.io,Canada,2021-12-13,Standard,3285.69
707,Barbara Lee,barbara.lee707@techcorp.io,India,2022-10-27,Standard,4864.74
708,Linda Zhang,linda.zhang708@example.com,Australia,2023-11-14,Standard,3973.65
709,Carlos Lopez,carlos.lopez709@gmail.com,Brazil,2021-07-23,Standard,869.75
710,John Zhang,john.zhang710@techcorp.io,Canada,2022-05-16,Basic,975.18
711,Barbara Lopez,barbara.lopez711@techcorp.io,India,2022-08-01,Standard,4065.3
712,Neha Brown,neha.brown712@example.com,Japan,2025-05-16,Basic,2974.41
713,Rahul Singh,rahul.singh713@gmail.com,United Kingdom,2020-06-25,Basic,2888.76
714,Jennifer Jones,,Brazil,2020-06-09,Premium,776.98
715,Jennifer Rodriguez,jennifer.rodriguez715@yahoo.com,Brazil,2024-07-18,Premium,4847.76
716,Rahul Smith,rahul.smith716@techcorp.io,Canada,2020-12-17,Basic,2273.56
717,Jessica Wang,jessica.wang717@yahoo.com,United Kingdom,2024-08-09,Premium,756.43
718,Charles Garcia,charles.garcia718@company.org,Brazil,2022-12-19,Basic,3634.72
719,David Chen,david.chen719@company.org,India,2022-07-30,Standard,1958.04
720,Patricia Smith,patricia.smith720@yahoo.com,Brazil,2024-09-15,Basic,3047.28
721,Jennifer Wang,jennifer.wang721@company.org,United States,2021-04-26,Basic,2437.09
722,Robert Lopez,robert.lopez722@company.org,United States,2024-11-02,Premium,2132.39
723,Mei Johnson,mei.johnson723@techcorp.io,Brazil,2024-10-23,Basic,4695.19
724,Jessica Patel,jessica.patel724@outlook.com,India,2024-10-08,Basic,1309.86
725,Arjun Davis,arjun.davis725@gmail.com,Canada,2024-07-31,Standard,985.65
726,Amit Smith,amit.smith726@company.org,Brazil,2021-04-27,Premium,85.61
727,Rahul Miller,rahul.miller727@techcorp.io,Australia,2024-08-01,Standard,577.59
728,Susan Gonzalez,susan.gonzalez728@company.org,Canada,2022-12-06,Premium,2146.63
729,Barbara Lopez,barbara.lopez729@outlook.com,France,2022-04-14,Standard,2782.92
730,Sarah Wang,sarah.wang730@yahoo.com,Australia,2025-06-04,Standard,4943.12
731,Charles Verma,charles.verma731@techcorp.io,France,2021-07-19,Premium,639.47
732,Linda Chen,linda.chen732@techcorp.io,Germany,2021-02-14,Basic,2566.3
733,Ananya Sharma,ananya.sharma733@company.org,United States,2021-10-20,Standard,4824.62
734,James Williams,james.williams734@yahoo.com,Japan,2024-11-18,Basic,367.2
735,Linda Verma,linda.verma735@gmail.com,United States,2024-04-23,Standard,3089.13
736,Thomas Martinez,thomas.martinez736@techcorp.io,United States,2021-12-18,Premium,2497.12
737,James Miller,james.miller737@techcorp.io,Brazil,2023-03-17,Basic,216.37
738,Karen Zhang,karen.zhang738@company.org,United Kingdom,2021-11-25,Premium,228.5
739,Linda Gonzalez,linda.gonzalez739@gmail.com,Germany,2020-12-21,Standard,3909.38
740,Barbara Patel,barbara.patel740@example.com,United Kingdom,2020-03-03,Premium,3532.93
741,Sofia Williams,sofia.williams741@company.org,Canada,2023-11-26,Standard,4818.27
742,William Davis,william.davis742@company.org,United Kingdom,2025-02-05,Standard,2895.79
743,William Garcia,william.garcia743@example.com,Brazil,2021-03-12,Premium,408.31
744,Elizabeth Sharma,elizabeth.sharma744@gmail.com,Brazil,2022-11-21,Premium,4075.08
745,Charles Rodriguez,charles.rodriguez745@techcorp.io,Japan,2024-03-24,Premium,2443.97
746,Linda Sharma,linda.sharma746@example.com,Japan,2020-04-22,Standard,625.53
747,John Patel,john.patel747@techcorp.io,United Kingdom,2022-07-30,Standard,2091.51
748,Barbara Zhang,barbara.zhang748@company.org,United States,2022-12-14,Basic,1472.08
749,Richard Sharma,richard.sharma749@gmail.com,Brazil,2022-01-01,Standard,1603.67
750,Michael Lee,michael.lee750@outlook.com,Germany,2022-02-17,Standard,3698.71
751,Linda Davis,linda.davis751@outlook.com,United Kingdom,2022-07-27,Basic,4182.96
752,Wei Lopez,wei.lopez752@outlook.com,Germany,2021-03-12,Basic,4604.93
753,Priya Wang,priya.wang753@company.org,United States,2020-06-22,Standard,1887.42
754,David Wang,,Canada,2025-07-03,Basic,4922.75
755,Sofia Zhang,sofia.zhang755@outlook.com,France,2022-06-28,Premium,684.82
756,Thomas Singh,thomas.singh756@example.com,Brazil,2020-05-13,Premium,1769.08
757,Mei Garcia,mei.garcia757@example.com,India,2025-02-27,Standard,3461.59
758,James Miller,james.miller758@example.com,India,2023-08-25,Standard,3083.25
759,William Garcia,william.garcia759@company.org,Canada,2022-08-29,Standard,2383.16
760,Karen Sharma,karen.sharma760@outlook.com,Germany,2025-08-04,Standard,1092.14
761,Amit Verma,amit.verma761@outlook.com,France,2023-02-19,Standard,940.45
762,Robert Lee,,United Kingdom,2021-02-13,Premium,1386.25
763,Linda Kim,linda.kim763@example.com,France,2022-03-14,Basic,4010.19
764,Neha Jones,neha.jones764@example.com,United States,2021-12-24,Standard,2523.01
765,Carlos Gonzalez,carlos.gonzalez765@company.org,Brazil,2023-07-17,Standard,1535.17
766,Sarah Lee,sarah.lee766@gmail.com,France,2021-02-09,Premium,858.54
767,Michael Rodriguez,michael.rodriguez767@example.com,India,2025-01-16,Premium,1706.55
768,Barbara Verma,barbara.verma768@company.org,Brazil,2022-11-21,Standard,148.18
769,Patricia Verma,patricia.verma769@techcorp.io,United Kingdom,2021-12-15,Standard,1807.79
770,Priya Zhang,priya.zhang770@example.com,Japan,2020-11-17,Standard,3087.64
771,Joseph Gonzalez,joseph.gonzalez771@yahoo.com,Germany,2023-10-13,Standard,3174.8
772,Charles Patel,charles.patel772@gmail.com,India,2021-10-25,Standard,1179.68
773,David Gonzalez,david.gonzalez773@outlook.com,Canada,2024-06-07,Standard,4444.07
774,Arjun Verma,arjun.verma774@techcorp.io,Brazil,2025-01-18,Standard,878.22
775,Mei Smith,mei.smith775@yahoo.com,United Kingdom,2022-10-27,Premium,3518.45
776,John Miller,john.miller776@yahoo.com,France,2021-02-25,Basic,365.77
777,Carlos Wang,carlos.wang777@company.org,United States,2020-04-17,Standard,2643.71
778,John Brown,john.brown778@outlook.com,Germany,2020-12-11,Premium,4661.37
779,Richard Martinez,richard.martinez779@yahoo.com,United Kingdom,2023-03-09,Standard,3151.08
780,Robert Zhang,robert.zhang780@yahoo.com,United States,2020-05-23,Premium,1816.36
781,Sofia Sharma,sofia.sharma781@example.com,Japan,2023-01-20,Premium,2251.98
782,Amit Kim,amit.kim782@yahoo.com,Japan,2024-11-16,Premium,3216.94
783,Sarah Martinez,sarah.martinez783@outlook.com,Japan,2022-07-19,Basic,2237.21
784,Barbara Singh,barbara.singh784@outlook.com,Germany,2023-05-28,Basic,50.46
785,Wei Jones,wei.jones785@outlook.com,Canada,2025-04-05,Premium,91.17
786,Sofia Wang,sofia.wang786@example.com,Canada,2020-02-07,Standard,3999.93
787,Karen Davis,karen.davis787@gmail.com,Brazil,2024-03-10,Basic,2088.09
788,Sarah Singh,,United Kingdom,2021-10-30,Premium,3698.73
789,Richard Patel,richard.patel789@yahoo.com,Canada,2020-11-20,Standard,3145.35
790,Thomas Lopez,thomas.lopez790@techcorp.io,Canada,2023-03-12,Premium,3727.49
791,Ananya Rodriguez,ananya.rodriguez791@example.com,United Kingdom,2020-10-07,Basic,726.29
792,Patricia Gonzalez,patricia.gonzalez792@example.com,Japan,2023-01-19,Premium,3132.63
793,Michael Sharma,michael.sharma793@gmail.com,Germany,2020-07-22,Premium,159.55
794,Patricia Martinez,patricia.martinez794@outlook.com,Germany,2024-11-30,Premium,90.61
795,John Jones,john.jones795@gmail.com,Japan,2022-06-08,Standard,2130.2
796,Ananya Wang,ananya.wang796@outlook.com,Japan,2020-05-09,Standard,447.1
797,Arjun Jones,arjun.jones797@gmail.com,Canada,2024-05-26,Basic,2738.8
798,Jennifer Miller,jennifer.miller798@outlook.com,France,2020-02-21,Basic,4874.26
799,Amit Davis,amit.davis799@example.com,Japan,2022-10-09,Premium,4972.95
800,Michael Chen,michael.chen800@techcorp.io,India,2022-05-03,Standard,1976.16
801,Elizabeth Sharma,elizabeth.sharma801@yahoo.com,United States,2021-05-15,Standard,2432.09
802,Elizabeth Miller,elizabeth.miller802@outlook.com,United States,2022-06-11,Basic,1218.03
803,Susan Sharma,susan.sharma803@gmail.com,Germany,2023-02-04,Premium,642.27
804,Ananya Davis,ananya.davis804@gmail.com,United States,2025-04-30,Premium,3001.25
805,Barbara Williams,barbara.williams805@yahoo.com,Germany,2025-08-09,Basic,3445.43
806,David Gonzalez,david.gonzalez806@gmail.com,United States,2023-12-27,Premium,811.9
807,Sarah Brown,sarah.brown807@yahoo.com,Japan,2022-08-11,Standard,4909.29
808,Ananya Gonzalez,ananya.gonzalez808@outlook.com,Japan,2022-03-01,Basic,3461.79
809,Barbara Jones,barbara.jones809@outlook.com,United States,2025-06-10,Premium,2215.63
810,Elizabeth Kim,elizabeth.kim810@techcorp.io,Japan,2022-02-16,Premium,973.8
811,Barbara Sharma,barbara.sharma811@techcorp.io,Japan,2023-02-01,Premium,4576.65
812,Sarah Garcia,sarah.garcia812@gmail.com,Brazil,2021-09-26,Standard,1513.58
813,William Kim,william.kim813@outlook.com,Japan,2020-01-03,Premium,2554.49
814,Neha Garcia,neha.garcia814@gmail.com,Australia,2022-09-05,Standard,3618.97
815,Priya Kim,priya.kim815@example.com,United Kingdom,2025-07-30,Premium,812.95
816,Elizabeth Sharma,elizabeth.sharma816@example.com,Australia,2021-03-28,Basic,2639.84
817,John Johnson,john.johnson817@yahoo.com,Germany,2020-05-08,Basic,579.92
818,Michael Brown,michael.brown818@gmail.com,France,2025-06-29,Premium,3138.65
819,Charles Rodriguez,charles.rodriguez819@gmail.com,Australia,2022-06-23,Premium,3603.33
820,James Miller,james.miller820@techcorp.io,Japan,2020-11-23,Standard,4015.05
821,Mary Verma,mary.verma821@company.org,France,2024-02-20,Premium,338.59
822,Karen Rodriguez,karen.rodriguez822@company.org,United States,2020-10-15,Standard,435.78
823,Michael Zhang,michael.zhang823@gmail.com,India,2022-08-04,Premium,1957.39
824,Michael Zhang,michael.zhang824@techcorp.io,United Kingdom,2022-01-02,Premium,3758.51
825,Susan Brown,susan.brown825@techcorp.io,Australia,2025-02-21,Premium,3342.95
826,Carlos Brown,carlos.brown826@yahoo.com,Germany,2024-07-02,Premium,1720.69
827,Jennifer Kim,jennifer.kim827@company.org,Japan,2023-12-14,Standard,2772.9
828,David Verma,david.verma828@example.com,France,2023-08-17,Premium,1241.58
829,Sarah Miller,sarah.miller829@example.com,Brazil,2022-11-06,Standard,4810.18
830,Joseph Patel,joseph.patel830@gmail.com,United States,2023-03-11,Premium,130.7
831,Robert Martinez,robert.martinez831@gmail.com,Canada,2022-06-27,Basic,4285.82
832,James Rodriguez,james.rodriguez832@company.org,Brazil,2021-09-25,Basic,236.79
833,Barbara Jones,barbara.jones833@yahoo.com,Canada,2024-02-12,Premium,1286.79
834,William Martinez,william.martinez834@gmail.com,France,2022-06-09,Premium,432.15
835,David Wang,david.wang835@yahoo.com,Japan,2021-01-25,Premium,3229.16
836,Mary Lee,mary.lee836@example.com,India,2020-08-17,Standard,1772.25
837,Wei Singh,wei.singh837@example.com,India,2022-07-17,Premium,3281.26
838,Karen Smith,karen.smith838@techcorp.io,France,2020-08-09,Standard,2645.7
839,David Kim,david.kim839@company.org,Germany,2023-08-31,Premium,3503.95
840,Robert Johnson,robert.johnson840@techcorp.io,France,2024-12-30,Premium,2897.51
841,John Davis,john.davis841@example.com,Canada,2024-06-03,Basic,704.34
842,John Wang,john.wang842@company.org,United States,2024-06-23,Standard,471.14
843,Thomas Singh,thomas.singh843@techcorp.io,Germany,2021-07-06,Standard,2818.52
844,Jessica Patel,jessica.patel844@techcorp.io,United Kingdom,2022-10-05,Basic,404.64
845,Arjun Singh,arjun.singh845@outlook.com,India,2021-04-05,Premium,2097.23
846,Barbara Verma,barbara.verma846@yahoo.com,Australia,2023-11-12,Premium,3294.28
847,Arjun Martinez,arjun.martinez847@yahoo.com,Australia,2024-12-16,Premium,771.8
848,Mary Davis,mary.davis848@yahoo.com,Australia,2021-09-30,Premium,4271.18
849,Patricia Johnson,patricia.johnson849@yahoo.com,Germany,2023-03-24,Basic,1749.19
850,Ananya Brown,ananya.brown850@outlook.com,Japan,2025-04-13,Basic,1692.79
851,Neha Kim,neha.kim851@yahoo.com,United Kingdom,2022-11-25,Premium,2440.98
852,Neha Jones,neha.jones852@techcorp.io,United States,2024-03-22,Premium,4534.9
853,Thomas Johnson,thomas.johnson853@outlook.com,Germany,2020-09-03,Standard,1043.45
854,Amit Lopez,amit.lopez854@outlook.com,United States,2025-03-19,Premium,4728.62
855,John Patel,john.patel855@techcorp.io,Canada,2024-01-15,Basic,144.44
856,Mei Gonzalez,mei.gonzalez856@example.com,United Kingdom,2024-04-08,Premium,4884.23
857,Patricia Sharma,patricia.sharma857@example.com,Brazil,2020-12-26,Basic,1034.43
858,Joseph Kim,joseph.kim858@techcorp.io,United States,2020-06-11,Basic,4615.24
859,Elizabeth Sharma,,France,2021-10-05,Basic,1766.56
860,Barbara Verma,barbara.verma860@techcorp.io,Canada,2022-08-25,Premium,1415.6
861,Mary Gonzalez,mary.gonzalez861@outlook.com,France,2020-04-30,Premium,4748.13
862,Linda Jones,linda.jones862@outlook.com,France,2021-07-16,Basic,3662.95
863,Thomas Lopez,thomas.lopez863@techcorp.io,United Kingdom,2024-09-05,Basic,2885.85
864,Susan Martinez,susan.martinez864@company.org,Australia,2025-01-13,Premium,702.27
865,Rahul Jones,rahul.jones865@company.org,Brazil,2022-04-08,Basic,1579.54
866,Amit Zhang,amit.zhang866@yahoo.com,France,2021-08-17,Premium,4668.5
867,Sofia Garcia,sofia.garcia867@outlook.com,India,2021-04-29,Basic,1622.11
868,Carlos Jones,carlos.jones868@techcorp.io,United States,2023-07-29,Standard,4807.92
869,Elizabeth Chen,elizabeth.chen869@techcorp.io,Canada,2021-09-14,Basic,578.52
870,Jennifer Smith,jennifer.smith870@company.org,Canada,2022-08-03,Premium,1199.3
871,Priya Smith,priya.smith871@outlook.com,India,2025-05-06,Basic,2536.51
872,Karen Wang,karen.wang872@techcorp.io,Australia,2022-01-23,Standard,2482.66
873,Robert Garcia,robert.garcia873@yahoo.com,United Kingdom,2020-05-12,Standard,3834.47
874,James Rodriguez,james.rodriguez874@example.com,United Kingdom,2022-04-10,Basic,377.37
875,Sofia Chen,sofia.chen875@company.org,Japan,2023-08-23,Standard,4443.56
876,Susan Patel,susan.patel876@gmail.com,France,2023-07-05,Standard,3076.95
877,Neha Lee,neha.lee877@company.org,Brazil,2020-06-06,Premium,591.12
878,Joseph Johnson,joseph.johnson878@yahoo.com,Brazil,2024-06-08,Premium,244.3
879,Richard Zhang,richard.zhang879@techcorp.io,United States,2022-02-16,Standard,2225.79
880,Carlos Martinez,carlos.martinez880@outlook.com,Japan,2021-11-12,Standard,1507.38
881,Sofia Johnson,sofia.johnson881@techcorp.io,Brazil,2021-08-05,Standard,4157.97
882,Joseph Williams,joseph.williams882@techcorp.io,Brazil,2021-04-08,Basic,3904.72
883,Carlos Kim,carlos.kim883@yahoo.com,France,2024-08-20,Standard,2281.88
884,Jennifer Chen,jennifer.chen884@company.org,United Kingdom,2025-02-05,Basic,1287.91
885,Amit Gonzalez,amit.gonzalez885@techcorp.io,Germany,2021-05-21,Basic,615.12
886,Joseph Gonzalez,joseph.gonzalez886@outlook.com,India,2024-04-22,Premium,3965.78
887,Thomas Lopez,thomas.lopez887@yahoo.com,France,2024-04-07,Basic,3852.89
888,Sofia Sharma,sofia.sharma888@company.org,Germany,2021-10-26,Basic,935.39
889,Amit Johnson,amit.johnson889@example.com,Canada,2023-06-21,Premium,3854.72
890,Joseph Martinez,joseph.martinez890@techcorp.io,Germany,2021-04-26,Basic,4804.15
891,James Lopez,james.lopez891@outlook.com,United States,2025-02-21,Standard,4284.28
892,Sarah Smith,sarah.smith892@company.org,Japan,2022-09-01,Basic,2964.87
893,Jessica Chen,jessica.chen893@example.com,Japan,2020-11-21,Premium,3020.51
894,Linda Kim,linda.kim894@outlook.com,Brazil,2022-04-30,Basic,964.96
895,Mary Gonzalez,mary.gonzalez895@outlook.com,United States,2021-08-18,Basic,3351.63
896,Wei Lopez,wei.lopez896@outlook.com,Australia,2020-12-25,Basic,588.99
897,Jennifer Garcia,jennifer.garcia897@techcorp.io,Canada,2021-12-27,Standard,3759.21
898,Barbara Johnson,barbara.johnson898@gmail.com,Canada,2023-08-15,Standard,4492.77
899,Wei Williams,wei.williams899@example.com,Brazil,2020-09-22,Standard,2380.54
900,Patricia Rodriguez,patricia.rodriguez900@outlook.com,Brazil,2024-08-21,Premium,1088.73
901,Michael Lopez,michael.lopez901@gmail.com,India,2020-12-25,Standard,3634.17
902,Karen Martinez,karen.martinez902@example.com,Australia,2022-11-29,Premium,2896.96
903,Karen Verma,karen.verma903@yahoo.com,Japan,2025-07-31,Standard,4049.5
904,Carlos Lopez,carlos.lopez904@yahoo.com,Canada,2022-03-03,Basic,635.13
905,Joseph Gonzalez,joseph.gonzalez905@gmail.com,United Kingdom,2024-08-25,Standard,275.19
906,Barbara Kim,,United Kingdom,2020-02-16,Premium,1045.88
907,Elizabeth Rodriguez,elizabeth.rodriguez907@gmail.com,Canada,2023-05-14,Premium,2772.47
908,Arjun Smith,arjun.smith908@gmail.com,Australia,2023-10-30,Standard,3635.76
909,Karen Smith,karen.smith909@yahoo.com,United Kingdom,2023-09-15,Standard,4615.28
910,Jessica Wang,jessica.wang910@gmail.com,Germany,2025-05-26,Basic,3154.64
911,Carlos Kim,carlos.kim911@outlook.com,Japan,2024-08-22,Premium,327.31
912,Thomas Martinez,thomas.martinez912@company.org,Australia,2020-03-17,Basic,2908.12
913,David Verma,david.verma913@gmail.com,Germany,2023-02-22,Basic,1728.8
914,Richard Gonzalez,richard.gonzalez914@company.org,Germany,2024-05-14,Basic,2996.2
915,Mei Martinez,mei.martinez915@techcorp.io,Australia,2020-05-09,Standard,2098.65
916,Jessica Davis,jessica.davis916@outlook.com,Japan,2023-05-24,Basic,2649.25
917,Jennifer Brown,jennifer.brown917@outlook.com,United States,2022-04-07,Basic,2246.68
918,James Wang,james.wang918@company.org,Germany,2022-02-18,Standard,4622.0
919,Neha Zhang,neha.zhang919@outlook.com,Australia,2021-08-09,Basic,4119.59
920,Thomas Jones,thomas.jones920@yahoo.com,United States,2025-02-24,Standard,3582.7
921,Thomas Brown,thomas.brown921@gmail.com,Canada,2020-06-29,Premium,4248.21
922,Mei Williams,mei.williams922@outlook.com,Japan,2020-07-07,Basic,2626.86
923,Priya Martinez,priya.martinez923@gmail.com,Canada,2022-05-09,Standard,1042.75
924,Elizabeth Rodriguez,elizabeth.rodriguez924@company.org,Australia,2024-12-11,Premium,632.37
925,Robert Garcia,robert.garcia925@outlook.com,India,2020-03-03,Premium,2820.15
926,Patricia Miller,patricia.miller926@company.org,Australia,2023-07-28,Standard,750.71
927,Amit Martinez,amit.martinez927@company.org,United Kingdom,2021-12-02,Basic,1591.32
928,Carlos Sharma,carlos.sharma928@company.org,Japan,2020-07-26,Basic,193.51
929,Carlos Johnson,carlos.johnson929@gmail.com,France,2020-08-08,Basic,2161.01
930,Jennifer Lopez,jennifer.lopez930@company.org,Japan,2023-12-27,Standard,1695.04
931,Michael Kim,michael.kim931@gmail.com,Japan,2021-06-23,Basic,4073.61
932,Sofia Chen,sofia.chen932@gmail.com,Japan,2023-06-25,Premium,3239.87
933,Arjun Chen,arjun.chen933@example.com,United Kingdom,2022-07-05,Basic,4312.43
934,Karen Rodriguez,karen.rodriguez934@outlook.com,France,2022-01-21,Premium,4590.46
935,David Sharma,david.sharma935@example.com,Japan,2020-05-03,Basic,2402.91
936,Barbara Wang,barbara.wang936@example.com,Germany,2023-03-02,Standard,3041.98
937,Robert Zhang,robert.zhang937@gmail.com,France,2021-03-14,Standard,2802.94
938,John Martinez,john.martinez938@company.org,Japan,2024-06-29,Premium,2096.54
939,Karen Davis,karen.davis939@company.org,Germany,2025-05-29,Standard,377.0
940,Michael Lee,michael.lee940@example.com,France,2023-11-02,Premium,3485.96
941,Jennifer Williams,jennifer.williams941@techcorp.io,Japan,2021-04-13,Premium,3000.57
942,David Kim,david.kim942@gmail.com,Japan,2021-12-22,Standard,4781.62
943,John Lopez,john.lopez943@gmail.com,France,2023-09-03,Standard,3242.7
944,Mary Williams,mary.williams944@yahoo.com,Germany,2020-01-01,Basic,3321.36
945,Joseph Kim,joseph.kim945@outlook.com,France,2025-01-05,Basic,1068.03
946,Carlos Sharma,carlos.sharma946@outlook.com,Canada,2024-11-15,Premium,4913.77
947,Barbara Williams,barbara.williams947@company.org,United States,2024-07-13,Basic,4269.9
948,Mary Verma,mary.verma948@company.org,United States,2020-01-04,Premium,2822.15
949,Barbara Brown,barbara.brown949@outlook.com,United States,2022-08-21,Standard,3526.0
950,Richard Gonzalez,richard.gonzalez950@outlook.com,France,2024-07-21,Standard,2204.19
951,Michael Garcia,michael.garcia951@example.com,Germany,2022-02-09,Premium,1953.75
952,Sofia Verma,sofia.verma952@example.com,Germany,2023-03-27,Premium,671.47
953,James Williams,james.williams953@techcorp.io,United States,2021-08-12,Premium,4430.2
954,Priya Singh,priya.singh954@yahoo.com,India,2021-07-16,Premium,4039.41
955,Mei Chen,mei.chen955@techcorp.io,France,2022-01-06,Standard,2571.6
956,Sarah Chen,sarah.chen956@example.com,Australia,2022-07-13,Basic,2152.62
957,James Lee,james.lee957@example.com,United Kingdom,2025-08-17,Standard,2083.65
958,Sarah Lee,sarah.lee958@outlook.com,United States,2020-06-04,Premium,2442.18
959,Barbara Brown,barbara.brown959@company.org,Japan,2020-11-23,Basic,3664.42
960,Thomas Rodriguez,thomas.rodriguez960@example.com,Brazil,2020-11-16,Premium,4455.08
961,John Davis,john.davis961@example.com,India,2023-07-03,Premium,311.23
962,David Kim,david.kim962@gmail.com,Japan,2025-02-02,Premium,4534.97
963,Charles Sharma,charles.sharma963@example.com,Australia,2023-04-21,Standard,879.17
964,Amit Lopez,amit.lopez964@techcorp.io,Canada,2022-12-02,Basic,3165.04
965,Charles Garcia,charles.garcia965@company.org,United States,2023-04-10,Premium,3140.37
966,Elizabeth Wang,elizabeth.wang966@gmail.com,Germany,2020-11-10,Standard,1297.65
967,Karen Rodriguez,karen.rodriguez967@outlook.com,Canada,2020-02-28,Premium,602.17
968,Jennifer Lee,jennifer.lee968@techcorp.io,Germany,2025-01-03,Standard,4048.81
969,William Davis,william.davis969@example.com,Germany,2020-05-15,Standard,4921.15
970,Robert Lopez,robert.lopez970@yahoo.com,Japan,2024-08-18,Standard,1227.84
971,Joseph Gonzalez,joseph.gonzalez971@yahoo.com,United Kingdom,2023-11-14,Basic,3229.19
972,Arjun Brown,arjun.brown972@gmail.com,Germany,2025-03-15,Standard,2407.35
973,Jessica Kim,jessica.kim973@yahoo.com,France,2024-05-16,Standard,1349.99
974,Thomas Singh,thomas.singh974@gmail.com,Canada,2025-01-12,Standard,3408.54
975,Thomas Johnson,thomas.johnson975@gmail.com,Brazil,2023-12-20,Standard,3071.9
976,Rahul Rodriguez,rahul.rodriguez976@outlook.com,Canada,2022-12-29,Basic,1313.95
977,Charles Patel,charles.patel977@example.com,United Kingdom,2022-03-09,Premium,1720.16
978,Amit Garcia,amit.garcia978@outlook.com,Brazil,2020-02-13,Premium,91.96
979,John Smith,john.smith979@example.com,India,2021-03-01,Premium,2257.41
980,Linda Martinez,linda.martinez980@outlook.com,United Kingdom,2020-05-19,Basic,3116.02
981,Mary Lopez,mary.lopez981@techcorp.io,United Kingdom,2021-05-13,Premium,4791.09
982,John Lopez,john.lopez982@yahoo.com,France,2022-01-26,Basic,3493.49
983,William Martinez,william.martinez983@example.com,India,2025-01-31,Standard,3858.33
984,Amit Sharma,amit.sharma984@outlook.com,Germany,2020-10-30,Standard,3896.67
985,Richard Patel,richard.patel985@outlook.com,United States,2022-11-23,Standard,930.75
986,John Wang,john.wang986@yahoo.com,France,2021-12-31,Premium,2485.68
987,Robert Kim,robert.kim987@example.com,United Kingdom,2021-03-11,Standard,3591.23
988,Patricia Johnson,patricia.johnson988@gmail.com,India,2022-10-23,Standard,142.89
989,Jessica Jones,jessica.jones989@techcorp.io,United States,2020-06-03,Premium,1982.89
990,Robert Sharma,robert.sharma990@example.com,United States,2025-07-02,Standard,2208.49
991,Mei Williams,mei.williams991@company.org,United Kingdom,2020-01-14,Standard,4773.07
992,Wei Wang,wei.wang992@gmail.com,Brazil,2024-01-10,Standard,3425.09
993,Richard Johnson,richard.johnson993@techcorp.io,India,2024-02-05,Premium,4274.04
994,David Williams,david.williams994@example.com,Canada,2022-04-11,Basic,2794.65
995,Richard Miller,richard.miller995@outlook.com,France,2021-03-13,Premium,3459.77
996,Jessica Williams,jessica.williams996@techcorp.io,Japan,2022-02-15,Basic,226.71
997,James Lee,james.lee997@yahoo.com,Japan,2024-05-11,Basic,3974.06
998,Rahul Martinez,rahul.martinez998@example.com,Brazil,2025-01-14,Basic,233.36
999,Mary Sharma,mary.sharma999@techcorp.io,United States,2024-07-18,Basic,1097.81
1000,Rahul Zhang,rahul.zhang1000@example.com,Brazil,2021-09-02,Premium,2917.76
1001,Sofia Williams,sofia.williams1001@gmail.com,Germany,2025-06-25,Premium,144.36
1002,Sofia Lopez,sofia.lopez1002@gmail.com,United Kingdom,2021-06-18,Basic,902.63
1003,Mary Martinez,mary.martinez1003@gmail.com,Japan,2021-11-30,Premium,366.59
1004,Wei Brown,wei.brown1004@gmail.com,Japan,2022-06-22,Basic,4032.04
1005,Susan Sharma,susan.sharma1005@techcorp.io,France,2023-08-21,Basic,4880.47
1006,Charles Kim,charles.kim1006@yahoo.com,Australia,2022-05-23,Basic,2985.77
1007,David Williams,david.williams1007@gmail.com,Canada,2021-08-01,Standard,881.85
1008,Barbara Kim,barbara.kim1008@yahoo.com,Japan,2022-09-24,Premium,251.46
1009,Patricia Gonzalez,patricia.gonzalez1009@company.org,France,2021-10-08,Basic,4404.15
1010,John Smith,john.smith1010@gmail.com,Germany,2020-12-31,Premium,3276.19
1011,Carlos Martinez,carlos.martinez1011@example.com,Japan,2021-06-03,Basic,758.28
1012,William Zhang,william.zhang1012@example.com,France,2022-09-06,Basic,3072.16
1013,Mary Lopez,mary.lopez1013@yahoo.com,Japan,2020-12-26,Premium,4141.09
1014,Elizabeth Verma,elizabeth.verma1014@example.com,United States,2022-08-23,Basic,631.66
1015,Thomas Brown,thomas.brown1015@company.org,Australia,2022-06-17,Standard,3863.14
1016,Priya Miller,priya.miller1016@outlook.com,United States,2022-03-04,Basic,3993.23
1017,Priya Wang,priya.wang1017@example.com,Germany,2021-10-16,Premium,4617.23
1018,Mary Gonzalez,mary.gonzalez1018@outlook.com,Canada,2022-05-08,Standard,1294.34
1019,Karen Chen,karen.chen1019@gmail.com,India,2020-08-02,Premium,920.64
1020,Ananya Smith,ananya.smith1020@example.com,Brazil,2021-04-20,Basic,4480.64
1021,Neha Chen,neha.chen1021@company.org,Australia,2024-09-12,Basic,3748.08
1022,Carlos Sharma,carlos.sharma1022@yahoo.com,India,2023-08-28,Basic,535.42
1023,Neha Singh,neha.singh1023@yahoo.com,France,2022-06-22,Basic,2381.4
1024,Jessica Johnson,jessica.johnson1024@example.com,Germany,2022-06-04,Premium,2302.2
1025,Richard Verma,richard.verma1025@yahoo.com,Japan,2022-03-06,Premium,1825.02
1026,William Miller,william.miller1026@outlook.com,Germany,2020-05-11,Premium,2864.9
1027,William Jones,william.jones1027@gmail.com,Japan,2025-02-21,Standard,897.45
1028,David Davis,david.davis1028@outlook.com,Germany,2021-11-27,Premium,4852.17
1029,Mei Davis,mei.davis1029@gmail.com,France,2025-06-26,Basic,2978.33
1030,Wei Chen,wei.chen1030@outlook.com,United States,2024-10-19,Premium,4369.36
1031,Linda Sharma,linda.sharma1031@example.com,United Kingdom,2021-09-02,Premium,4496.35
1032,Susan Johnson,susan.johnson1032@gmail.com,Japan,2020-05-17,Standard,2679.05
1033,Jessica Brown,jessica.brown1033@example.com,Japan,2022-09-12,Basic,2814.51
1034,James Singh,james.singh1034@yahoo.com,Germany,2024-01-08,Standard,1233.36
1035,John Smith,john.smith1035@example.com,Canada,2021-10-24,Premium,2323.45
1036,Charles Lee,charles.lee1036@gmail.com,Japan,2025-03-14,Basic,4377.29
1037,Richard Garcia,richard.garcia1037@outlook.com,Japan,2020-01-06,Premium,399.96
1038,Carlos Sharma,carlos.sharma1038@company.org,United States,2023-04-29,Standard,3776.8
1039,Amit Lopez,amit.lopez1039@company.org,United Kingdom,2020-11-27,Premium,4410.19
1040,Neha Johnson,neha.johnson1040@company.org,Australia,2020-07-30,Basic,1945.63
1041,Joseph Lopez,joseph.lopez1041@gmail.com,Australia,2024-02-09,Basic,3258.45
1042,Amit Williams,amit.williams1042@company.org,United Kingdom,2021-07-20,Standard,1231.23
1043,Patricia Gonzalez,patricia.gonzalez1043@example.com,United Kingdom,2022-07-12,Standard,1795.92
1044,William Zhang,william.zhang1044@techcorp.io,France,2023-02-09,Basic,363.68
1045,Barbara Chen,barbara.chen1045@example.com,Brazil,2021-05-17,Standard,3563.64
1046,Priya Kim,priya.kim1046@outlook.com,Japan,2024-02-16,Premium,4729.56
1047,Ananya Williams,ananya.williams1047@yahoo.com,Japan,2020-12-23,Basic,1983.88
1048,Jennifer Martinez,jennifer.martinez1048@gmail.com,India,2021-11-05,Standard,604.52
1049,Robert Wang,robert.wang1049@yahoo.com,United Kingdom,2020-04-02,Standard,2111.86
1050,Priya Kim,priya.kim1050@yahoo.com,Japan,2023-11-21,Standard,2247.11
1051,Rahul Smith,rahul.smith1051@outlook.com,United Kingdom,2020-09-14,Basic,4365.38
1052,Linda Zhang,linda.zhang1052@techcorp.io,Australia,2024-08-13,Premium,1746.82
1053,Rahul Sharma,rahul.sharma1053@example.com,Brazil,2024-12-28,Standard,1555.21
1054,Robert Martinez,robert.martinez1054@yahoo.com,Canada,2022-07-17,Standard,1890.92
1055,Elizabeth Johnson,elizabeth.johnson1055@yahoo.com,Australia,2023-03-10,Standard,4783.26
1056,Karen Garcia,karen.garcia1056@techcorp.io,Brazil,2023-03-14,Basic,4867.37
1057,Wei Jones,wei.jones1057@yahoo.com,United Kingdom,2021-04-23,Basic,4969.18
1058,Charles Jones,charles.jones1058@example.com,Canada,2024-02-23,Basic,1065.52
1059,Amit Johnson,amit.johnson1059@techcorp.io,Australia,2023-11-09,Basic,1895.93
1060,Sarah Garcia,sarah.garcia1060@company.org,Canada,2021-05-12,Basic,2052.58
1061,Jessica Jones,jessica.jones1061@example.com,Australia,2021-10-01,Basic,4852.24
1062,Sarah Zhang,sarah.zhang1062@outlook.com,Canada,2025-04-25,Standard,4849.55
1063,Arjun Lee,arjun.lee1063@techcorp.io,Germany,2024-12-15,Standard,3461.28
1064,Neha Wang,neha.wang1064@gmail.com,Germany,2021-04-23,Standard,172.74
1065,Karen Davis,karen.davis1065@example.com,Australia,2021-01-13,Standard,322.42
1066,Rahul Miller,rahul.miller1066@company.org,Brazil,2022-06-28,Standard,1018.79
1067,John Kim,john.kim1067@example.com,India,2024-06-03,Basic,2477.8
1068,Karen Lopez,karen.lopez1068@company.org,United States,2024-01-18,Standard,782.33
1069,Mei Singh,mei.singh1069@outlook.com,France,2024-03-07,Basic,1459.02
1070,Barbara Martinez,barbara.martinez1070@example.com,Brazil,2020-12-24,Basic,3652.87
1071,Joseph Singh,joseph.singh1071@example.com,Canada,2021-11-01,Premium,4853.29
1072,Susan Singh,susan.singh1072@yahoo.com,India,2021-08-11,Basic,1550.99
1073,Mei Zhang,mei.zhang1073@outlook.com,India,2024-03-19,Basic,82.76
1074,Rahul Rodriguez,rahul.rodriguez1074@example.com,Germany,2025-03-07,Premium,2861.19
1075,Sofia Jones,sofia.jones1075@yahoo.com,Germany,2024-04-12,Standard,2791.64
1076,Mary Martinez,mary.martinez1076@company.org,Canada,2025-07-16,Premium,3712.29
1077,Linda Smith,linda.smith1077@gmail.com,Germany,2022-12-11,Standard,4782.33
1078,Wei Gonzalez,wei.gonzalez1078@example.com,India,2023-03-24,Standard,937.89
1079,Sofia Gonzalez,sofia.gonzalez1079@yahoo.com,United States,2021-05-03,Standard,2490.6
1080,John Lopez,john.lopez1080@techcorp.io,Australia,2025-05-22,Premium,2208.54
1081,William Gonzalez,william.gonzalez1081@techcorp.io,Japan,2021-05-04,Standard,2587.0
1082,Charles Smith,charles.smith1082@outlook.com,Germany,2020-08-27,Basic,1632.42
1083,Carlos Jones,carlos.jones1083@outlook.com,Germany,2020-08-04,Standard,1837.76
1084,Rahul Verma,rahul.verma1084@gmail.com,Canada,2023-04-09,Premium,3212.79
1085,John Zhang,john.zhang1085@yahoo.com,Germany,2021-01-22,Premium,3775.51
1086,Sarah Sharma,sarah.sharma1086@outlook.com,Canada,2023-01-16,Premium,3504.94
1087,Barbara Brown,barbara.brown1087@company.org,Australia,2021-08-11,Basic,727.9
1088,Elizabeth Verma,elizabeth.verma1088@example.com,France,2023-10-25,Basic,556.97
1089,Robert Zhang,robert.zhang1089@yahoo.com,United Kingdom,2021-04-11,Standard,2329.43
1090,John Brown,john.brown1090@yahoo.com,United States,2025-05-18,Standard,1592.29
1091,Barbara Jones,barbara.jones1091@example.com,Brazil,2023-11-02,Basic,3563.98
1092,James Brown,james.brown1092@yahoo.com,Germany,2021-08-06,Premium,1171.54
1093,Robert Miller,robert.miller1093@yahoo.com,India,2024-10-06,Premium,3826.97
1094,Patricia Williams,patricia.williams1094@gmail.com,Japan,2024-11-01,Basic,1021.94
1095,Mary Zhang,mary.zhang1095@company.org,United States,2025-04-05,Basic,4547.22
1096,Mary Williams,mary.williams1096@outlook.com,United States,2021-01-30,Basic,4604.49
1097,Michael Lee,michael.lee1097@yahoo.com,Germany,2023-12-10,Basic,499.36
1098,Mei Rodriguez,mei.rodriguez1098@company.org,Australia,2023-12-13,Basic,4282.93
1099,Arjun Lopez,arjun.lopez1099@yahoo.com,Brazil,2020-10-06,Basic,4106.95
1100,Arjun Smith,arjun.smith1100@company.org,United Kingdom,2022-02-23,Standard,900.28
1101,Arjun Kim,arjun.kim1101@gmail.com,India,2022-05-26,Premium,4263.92
1102,Jessica Verma,jessica.verma1102@techcorp.io,Germany,2024-12-05,Premium,4790.85
1103,Jennifer Verma,jennifer.verma1103@example.com,France,2022-05-27,Premium,1176.39
1104,Patricia Sharma,patricia.sharma1104@gmail.com,Japan,2021-03-27,Premium,722.77
1105,Arjun Verma,arjun.verma1105@techcorp.io,Canada,2020-06-15,Basic,1674.17
1106,Patricia Patel,patricia.patel1106@outlook.com,Japan,2023-07-01,Premium,4882.09
1107,Joseph Davis,joseph.davis1107@company.org,France,2023-04-05,Standard,984.49
1108,John Wang,john.wang1108@techcorp.io,Australia,2022-01-04,Basic,4993.68
1109,Jessica Brown,jessica.brown1109@example.com,Japan,2020-12-14,Basic,759.67
1110,Richard Lee,richard.lee1110@gmail.com,Germany,2020-09-22,Standard,4877.28
1111,David Miller,david.miller1111@company.org,France,2021-05-17,Basic,4198.64
1112,Neha Wang,neha.wang1112@outlook.com,Canada,2024-06-27,Standard,2405.34
1113,Karen Patel,karen.patel1113@example.com,Brazil,2023-02-16,Basic,3851.6
1114,Patricia Brown,patricia.brown1114@outlook.com,Japan,2025-07-29,Basic,3160.44
1115,Robert Smith,robert.smith1115@gmail.com,United States,2020-10-06,Standard,3406.63
1116,Jennifer Patel,jennifer.patel1116@company.org,Australia,2021-09-17,Standard,3128.74
1117,Patricia Williams,patricia.williams1117@techcorp.io,Brazil,2025-07-09,Standard,1049.56
1118,Priya Wang,priya.wang1118@example.com,Brazil,2022-12-07,Premium,1750.9
1119,Mei Kim,mei.kim1119@company.org,United States,2020-05-09,Standard,4406.62
1120,Patricia Patel,patricia.patel1120@example.com,Australia,2024-03-21,Standard,2325.3
1121,Mary Garcia,mary.garcia1121@company.org,Canada,2021-11-03,Standard,2181.87
1122,Elizabeth Patel,elizabeth.patel1122@example.com,India,2025-07-02,Premium,2791.23
1123,Sarah Lee,sarah.lee1123@example.com,Japan,2021-10-02,Premium,325.9
1124,William Wang,william.wang1124@company.org,France,2023-12-15,Standard,1636.39
1125,James Lee,james.lee1125@gmail.com,Germany,2024-02-09,Standard,4057.29
1126,Charles Smith,charles.smith1126@techcorp.io,Australia,2024-04-07,Basic,2169.33
1127,Barbara Singh,barbara.singh1127@outlook.com,United States,2022-09-27,Basic,1211.38
1128,Elizabeth Lee,elizabeth.lee1128@gmail.com,India,2023-06-02,Basic,1721.09
1129,James Kim,james.kim1129@outlook.com,United States,2025-03-02,Premium,4323.67
1130,Charles Zhang,charles.zhang1130@example.com,Canada,2020-03-24,Premium,2375.01
1131,James Sharma,james.sharma1131@example.com,France,2023-08-13,Premium,533.74
1132,Jessica Brown,jessica.brown1132@techcorp.io,United Kingdom,2023-10-08,Standard,2538.7
1133,Arjun Sharma,arjun.sharma1133@yahoo.com,Canada,2024-01-28,Standard,1048.71
1134,Rahul Williams,rahul.williams1134@company.org,United Kingdom,2023-03-23,Standard,285.28
1135,Charles Patel,charles.patel1135@yahoo.com,India,2021-01-23,Premium,1717.35
1136,John Lee,john.lee1136@company.org,Japan,2024-10-15,Basic,1769.22
1137,John Gonzalez,john.gonzalez1137@outlook.com,Brazil,2023-05-13,Standard,3334.11
1138,David Miller,david.miller1138@example.com,France,2022-10-26,Premium,2601.08
1139,Priya Kim,priya.kim1139@yahoo.com,United States,2022-02-03,Premium,2521.06
1140,Priya Chen,priya.chen1140@outlook.com,Brazil,2024-11-11,Premium,3646.74
1141,Mary Zhang,mary.zhang1141@yahoo.com,Australia,2025-03-09,Basic,1239.85
1142,Neha Martinez,neha.martinez1142@example.com,France,2023-07-29,Basic,3187.94
1143,Mei Singh,mei.singh1143@outlook.com,Canada,2021-10-19,Standard,3449.93
1144,Linda Patel,linda.patel1144@yahoo.com,India,2021-09-06,Basic,187.14
1145,Ananya Martinez,ananya.martinez1145@example.com,Japan,2024-11-21,Standard,3252.26
1146,Mary Miller,mary.miller1146@yahoo.com,Canada,2021-07-12,Basic,1329.06
1147,Ananya Rodriguez,ananya.rodriguez1147@techcorp.io,Brazil,2021-12-21,Premium,4269.98
1148,Neha Wang,neha.wang1148@gmail.com,United States,2020-12-09,Standard,3027.92
1149,Mei Williams,mei.williams1149@example.com,Australia,2021-01-04,Standard,4718.65
1150,Neha Jones,neha.jones1150@yahoo.com,India,2025-08-11,Basic,2633.69
1151,Wei Lee,wei.lee1151@company.org,Canada,2025-07-26,Basic,1228.48
1152,Patricia Sharma,patricia.sharma1152@outlook.com,France,2022-08-24,Standard,1129.14
1153,Patricia Garcia,patricia.garcia1153@yahoo.com,Canada,2024-12-05,Standard,1308.81
1154,Charles Johnson,charles.johnson1154@example.com,Brazil,2024-03-14,Premium,4746.12
1155,David Kim,david.kim1155@example.com,Japan,2022-10-06,Standard,4403.2
1156,Sofia Jones,sofia.jones1156@outlook.com,Japan,2024-02-15,Standard,154.32
1157,Carlos Lopez,carlos.lopez1157@gmail.com,United States,2022-09-08,Standard,2786.0
1158,Elizabeth Gonzalez,elizabeth.gonzalez1158@techcorp.io,Australia,2021-05-14,Premium,4341.42
1159,Mei Chen,mei.chen1159@example.com,United States,2024-05-28,Standard,1539.4
1160,Sofia Davis,sofia.davis1160@outlook.com,United Kingdom,2021-10-18,Standard,3175.2
1161,Carlos Gonzalez,carlos.gonzalez1161@example.com,United States,2023-01-27,Basic,4124.83
1162,Jessica Wang,jessica.wang1162@techcorp.io,France,2023-09-24,Premium,2140.71
1163,Sofia Brown,sofia.brown1163@yahoo.com,Canada,2020-09-28,Standard,2133.31
1164,Neha Kim,neha.kim1164@techcorp.io,Australia,2025-01-30,Premium,185.39
1165,Mary Gonzalez,mary.gonzalez1165@techcorp.io,Germany,2024-12-21,Premium,723.66
1166,Richard Miller,richard.miller1166@techcorp.io,Canada,2023-07-09,Premium,457.05
1167,Jennifer Davis,jennifer.davis1167@company.org,Germany,2024-08-07,Standard,2284.88
1168,Mei Jones,mei.jones1168@outlook.com,Germany,2023-09-03,Standard,1033.39
1169,Susan Verma,susan.verma1169@yahoo.com,France,2024-03-25,Premium,1161.21
1170,James Kim,james.kim1170@techcorp.io,United Kingdom,2020-12-30,Standard,1031.42
1171,Amit Garcia,amit.garcia1171@gmail.com,France,2024-10-22,Premium,1337.78
1172,John Verma,john.verma1172@yahoo.com,India,2020-02-27,Premium,2652.9
1173,Arjun Chen,arjun.chen1173@techcorp.io,Japan,2021-04-30,Basic,3582.14
1174,Michael Rodriguez,michael.rodriguez1174@outlook.com,Japan,2024-04-13,Basic,2184.98
1175,Michael Lopez,michael.lopez1175@yahoo.com,Canada,2022-02-14,Standard,942.83
1176,Ananya Jones,ananya.jones1176@gmail.com,Canada,2022-12-08,Basic,3107.52
1177,Sofia Davis,sofia.davis1177@outlook.com,Japan,2020-12-17,Basic,2370.96
1178,Mei Sharma,mei.sharma1178@techcorp.io,France,2022-05-19,Premium,1948.3
1179,Susan Lopez,susan.lopez1179@outlook.com,India,2021-01-25,Premium,340.82
1180,David Davis,david.davis1180@example.com,Australia,2020-07-05,Basic,1305.6
1181,Karen Patel,karen.patel1181@outlook.com,France,2024-02-28,Basic,4841.89
1182,Sarah Johnson,sarah.johnson1182@company.org,Germany,2022-12-02,Basic,2543.55
1183,Sofia Sharma,sofia.sharma1183@example.com,Germany,2021-01-02,Standard,3565.77
1184,Susan Jones,susan.jones1184@outlook.com,India,2023-07-07,Basic,4893.66
1185,Jessica Rodriguez,jessica.rodriguez1185@techcorp.io,Australia,2024-10-27,Standard,4518.82
1186,William Lopez,william.lopez1186@outlook.com,Brazil,2023-07-06,Standard,4468.73
1187,David Wang,david.wang1187@yahoo.com,Brazil,2024-12-07,Basic,985.15
1188,Mary Davis,mary.davis1188@yahoo.com,United States,2025-04-10,Standard,859.6
1189,Joseph Singh,joseph.singh1189@gmail.com,Japan,2020-06-16,Standard,1814.77
1190,Amit Kim,amit.kim1190@example.com,Japan,2025-07-12,Basic,4236.9
1191,Mei Jones,mei.jones1191@gmail.com,Australia,2021-01-18,Basic,4347.46
1192,Jennifer Garcia,jennifer.garcia1192@techcorp.io,Brazil,2023-01-22,Premium,4459.93
1193,Charles Miller,charles.miller1193@company.org,United States,2022-01-09,Standard,4606.05
1194,Linda Wang,linda.wang1194@techcorp.io,India,2023-09-08,Basic,1457.19
1195,Priya Brown,priya.brown1195@example.com,Australia,2021-03-10,Standard,811.19
1196,John Chen,john.chen1196@techcorp.io,Japan,2025-02-02,Premium,4778.25
1197,Karen Smith,karen.smith1197@outlook.com,United States,2025-01-29,Standard,4739.72
1198,Neha Lee,neha.lee1198@yahoo.com,United Kingdom,2020-07-18,Premium,1450.62
1199,Ananya Johnson,ananya.johnson1199@techcorp.io,India,2024-04-11,Basic,2024.35
1200,Jennifer Davis,jennifer.davis1200@example.com,India,2020-03-25,Basic,856.56
1201,Arjun Patel,arjun.patel1201@outlook.com,Germany,2021-05-08,Standard,2479.68
1202,Susan Martinez,susan.martinez1202@techcorp.io,Germany,2024-01-10,Premium,525.75
1203,Barbara Zhang,barbara.zhang1203@yahoo.com,Japan,2024-12-29,Standard,2408.38
1204,Charles Lopez,charles.lopez1204@example.com,India,2024-09-26,Standard,3088.65
1205,Susan Gonzalez,susan.gonzalez1205@example.com,India,2020-06-14,Premium,1741.64
1206,Joseph Davis,joseph.davis1206@techcorp.io,Germany,2025-07-21,Premium,3166.32
1207,Thomas Williams,thomas.williams1207@outlook.com,Japan,2024-11-26,Basic,4540.68
1208,Jessica Martinez,jessica.martinez1208@yahoo.com,Germany,2023-05-15,Basic,2639.31
1209,Elizabeth Lee,elizabeth.lee1209@gmail.com,Brazil,2020-11-09,Basic,2591.4
1210,Thomas Singh,thomas.singh1210@example.com,India,2025-03-18,Premium,3615.53
1211,Wei Rodriguez,wei.rodriguez1211@outlook.com,Canada,2020-11-30,Premium,130.53
1212,Neha Chen,neha.chen1212@yahoo.com,Germany,2024-05-28,Basic,462.29
1213,Carlos Martinez,carlos.martinez1213@outlook.com,Japan,2025-01-16,Premium,4048.78
1214,David Garcia,david.garcia1214@yahoo.com,Germany,2020-11-16,Premium,4911.82
1215,William Brown,william.brown1215@example.com,Brazil,2020-03-14,Basic,2004.92
1216,James Garcia,james.garcia1216@techcorp.io,Japan,2025-02-27,Premium,2055.2
1217,Priya Lopez,priya.lopez1217@techcorp.io,Japan,2023-05-25,Premium,4075.01
1218,Karen Verma,karen.verma1218@techcorp.io,France,2023-05-24,Basic,669.19
1219,James Miller,james.miller1219@gmail.com,United States,2022-02-09,Basic,1085.69
1220,Rahul Jones,rahul.jones1220@techcorp.io,United Kingdom,2024-11-19,Premium,4298.04
1221,Sarah Miller,sarah.miller1221@gmail.com,Canada,2025-03-13,Basic,2396.25
1222,James Brown,james.brown1222@yahoo.com,Germany,2024-12-28,Standard,2383.87
1223,Mei Chen,mei.chen1223@company.org,United Kingdom,2022-04-04,Standard,2868.68
1224,Wei Patel,wei.patel1224@gmail.com,Australia,2020-02-02,Basic,3170.53
1225,Amit Singh,amit.singh1225@example.com,Japan,2023-04-06,Basic,2463.11
1226,Jessica Zhang,jessica.zhang1226@company.org,Japan,2022-08-07,Premium,350.49
1227,James Singh,james.singh1227@company.org,Australia,2020-09-17,Standard,4469.74
1228,Susan Wang,susan.wang1228@gmail.com,Japan,2023-11-21,Standard,3502.7
1229,James Garcia,james.garcia1229@outlook.com,United Kingdom,2025-04-06,Standard,2218.65
1230,Thomas Davis,thomas.davis1230@company.org,Australia,2025-04-02,Basic,4421.71
1231,Neha Patel,neha.patel1231@example.com,Australia,2025-04-18,Basic,3128.12
1232,Elizabeth Williams,elizabeth.williams1232@techcorp.io,Japan,2021-06-12,Basic,1037.45
1233,Karen Wang,karen.wang1233@gmail.com,France,2025-07-15,Standard,1211.86
1234,Sarah Johnson,sarah.johnson1234@gmail.com,Australia,2022-12-04,Standard,3400.79
1235,Jennifer Zhang,jennifer.zhang1235@gmail.com,India,2023-10-15,Standard,614.15
1236,Linda Brown,linda.brown1236@company.org,United Kingdom,2025-06-15,Standard,4968.63
1237,Ananya Verma,ananya.verma1237@gmail.com,Brazil,2022-12-31,Basic,4274.37
1238,Mei Zhang,mei.zhang1238@company.org,India,2020-07-25,Standard,4004.99
1239,Wei Brown,wei.brown1239@gmail.com,India,2020-06-20,Premium,571.78
1240,Rahul Brown,rahul.brown1240@yahoo.com,Australia,2021-10-05,Premium,1496.01
1241,Joseph Zhang,joseph.zhang1241@example.com,India,2021-09-23,Premium,1850.5
1242,Wei Jones,wei.jones1242@gmail.com,United Kingdom,2024-12-03,Standard,3857.64
1243,James Davis,james.davis1243@example.com,Australia,2023-03-20,Premium,897.75
1244,William Verma,william.verma1244@techcorp.io,France,2024-01-17,Premium,3341.73
1245,Robert Zhang,robert.zhang1245@example.com,United Kingdom,2021-07-19,Standard,2096.38
1246,Susan Chen,susan.chen1246@company.org,Australia,2020-05-01,Standard,770.64
1247,James Zhang,james.zhang1247@gmail.com,India,2023-10-17,Standard,2038.17
1248,Arjun Garcia,arjun.garcia1248@example.com,United States,2024-05-29,Basic,3317.87
1249,Rahul Jones,rahul.jones1249@company.org,United States,2023-04-26,Standard,2039.91
1250,Priya Kim,priya.kim1250@outlook.com,Australia,2023-11-10,Basic,4143.67
1251,Carlos Zhang,carlos.zhang1251@company.org,Germany,2024-07-12,Standard,3237.2
1252,Carlos Kim,carlos.kim1252@company.org,Japan,2023-11-15,Premium,2052.3
1253,Michael Martinez,michael.martinez1253@gmail.com,United States,2023-10-02,Standard,3639.24
1254,Neha Jones,neha.jones1254@company.org,Brazil,2023-03-08,Basic,509.46
1255,Sarah Martinez,sarah.martinez1255@company.org,Australia,2021-10-17,Basic,188.06
1256,Ananya Kim,ananya.kim1256@company.org,Canada,2022-09-15,Standard,3646.22
1257,Thomas Brown,thomas.brown1257@techcorp.io,United States,2024-03-07,Standard,3153.6
1258,Barbara Brown,barbara.brown1258@gmail.com,India,2025-01-12,Standard,2883.55
1259,James Chen,james.chen1259@outlook.com,United Kingdom,2022-08-15,Standard,1531.05
1260,Priya Lee,priya.lee1260@techcorp.io,Germany,2024-03-26,Premium,3700.69
1261,Patricia Sharma,patricia.sharma1261@company.org,United Kingdom,2024-01-19,Standard,535.04
1262,Amit Singh,amit.singh1262@example.com,India,2021-01-12,Basic,2153.19
1263,Robert Wang,robert.wang1263@yahoo.com,Japan,2020-11-15,Standard,3400.27
1264,Richard Lee,richard.lee1264@company.org,Brazil,2024-06-05,Standard,2942.3
1265,Rahul Singh,rahul.singh1265@example.com,Japan,2024-09-03,Basic,764.51
1266,Robert Wang,robert.wang1266@techcorp.io,Japan,2021-06-13,Premium,2590.27
1267,Thomas Brown,thomas.brown1267@techcorp.io,United Kingdom,2025-02-08,Standard,211.41
1268,Jennifer Kim,jennifer.kim1268@outlook.com,India,2024-07-31,Basic,648.29
1269,Charles Martinez,charles.martinez1269@gmail.com,Brazil,2021-09-19,Basic,1888.76
1270,Barbara Martinez,barbara.martinez1270@outlook.com,Japan,2020-04-24,Basic,753.59
1271,Charles Singh,charles.singh1271@gmail.com,Canada,2023-03-07,Basic,956.23
1272,Neha Wang,neha.wang1272@gmail.com,India,2023-11-29,Basic,4358.61
1273,Susan Wang,susan.wang1273@company.org,Canada,2025-01-26,Standard,3917.68
1274,Jessica Lopez,,Germany,2025-03-02,Standard,3352.74
1275,Robert Sharma,robert.sharma1275@gmail.com,France,2024-05-05,Basic,4506.21
1276,David Kim,david.kim1276@gmail.com,Japan,2023-02-10,Premium,488.22
1277,Jennifer Smith,jennifer.smith1277@company.org,Canada,2021-05-22,Premium,2818.8
1278,Michael Lopez,michael.lopez1278@company.org,United States,2022-02-14,Standard,2538.06
1279,James Brown,james.brown1279@techcorp.io,Brazil,2022-01-06,Basic,1411.06
1280,Michael Davis,michael.davis1280@techcorp.io,Japan,2020-12-12,Premium,3053.93
1281,Richard Lee,richard.lee1281@gmail.com,Japan,2020-04-05,Standard,2213.24
1282,Susan Smith,susan.smith1282@company.org,Australia,2024-04-13,Standard,500.57
1283,Patricia Kim,patricia.kim1283@yahoo.com,Canada,2021-08-12,Basic,1314.99
1284,John Jones,john.jones1284@outlook.com,France,2021-11-24,Basic,3091.65
1285,David Garcia,david.garcia1285@gmail.com,United States,2023-05-05,Standard,538.78
1286,Robert Singh,robert.singh1286@outlook.com,Canada,2024-03-18,Basic,306.8
1287,Linda Lopez,linda.lopez1287@company.org,United Kingdom,2025-07-12,Premium,3774.33
1288,Richard Brown,richard.brown1288@outlook.com,United States,2023-07-27,Standard,2787.95
1289,John Wang,john.wang1289@gmail.com,France,2022-08-15,Basic,1382.34
1290,Charles Brown,charles.brown1290@yahoo.com,Brazil,2021-05-29,Standard,2862.82
1291,Joseph Williams,joseph.williams1291@techcorp.io,Brazil,2022-04-13,Basic,1897.86
1292,Jennifer Davis,jennifer.davis1292@company.org,France,2025-01-24,Basic,54.96
1293,Joseph Lopez,joseph.lopez1293@outlook.com,Germany,2020-01-03,Basic,4670.86
1294,Jessica Rodriguez,jessica.rodriguez1294@company.org,Canada,2024-04-06,Standard,4220.07
1295,Michael Lee,michael.lee1295@company.org,Canada,2020-07-05,Basic,3708.96
1296,Charles Williams,charles.williams1296@outlook.com,India,2024-06-07,Premium,658.74
1297,Robert Kim,robert.kim1297@outlook.com,France,2022-05-13,Premium,2548.86
1298,Ananya Sharma,,Australia,2022-12-06,Premium,2290.95
1299,Linda Sharma,linda.sharma1299@outlook.com,United Kingdom,2025-02-26,Premium,1675.86
1300,Sofia Jones,sofia.jones1300@techcorp.io,United States,2025-05-05,Basic,4512.15
1301,Priya Garcia,priya.garcia1301@example.com,Brazil,2025-06-25,Standard,2713.75
1302,Ananya Gonzalez,ananya.gonzalez1302@techcorp.io,India,2020-05-06,Premium,2253.63
1303,Patricia Verma,patricia.verma1303@example.com,Australia,2024-05-03,Basic,4203.77
1304,Ananya Smith,ananya.smith1304@gmail.com,Japan,2024-02-26,Basic,2250.66
1305,Linda Smith,linda.smith1305@outlook.com,Australia,2022-02-23,Basic,4090.59
1306,Rahul Martinez,rahul.martinez1306@techcorp.io,United Kingdom,2022-08-17,Standard,4838.12
1307,Mary Rodriguez,mary.rodriguez1307@example.com,United Kingdom,2020-01-30,Basic,4922.1
1308,Rahul Patel,rahul.patel1308@gmail.com,Canada,2025-08-11,Standard,893.86
1309,Michael Lee,michael.lee1309@techcorp.io,Germany,2020-09-24,Premium,684.82
1310,John Jones,john.jones1310@outlook.com,United Kingdom,2023-01-28,Basic,4245.95
1311,James Kim,james.kim1311@company.org,Canada,2025-02-02,Basic,4692.56
1312,Rahul Gonzalez,rahul.gonzalez1312@gmail.com,Australia,2024-11-06,Standard,1406.48
1313,Priya Zhang,priya.zhang1313@example.com,Japan,2024-01-20,Premium,3807.16
1314,Carlos Davis,carlos.davis1314@gmail.com,Canada,2024-09-16,Premium,2271.86
1315,James Patel,james.patel1315@yahoo.com,Australia,2020-12-01,Premium,4047.98
1316,Neha Davis,neha.davis1316@techcorp.io,France,2020-10-31,Basic,1024.54
1317,David Martinez,david.martinez1317@gmail.com,India,2020-04-24,Standard,2188.15
1318,James Lee,james.lee1318@techcorp.io,Australia,2022-10-22,Basic,583.81
1319,Linda Sharma,linda.sharma1319@gmail.com,Australia,2022-08-27,Basic,3889.96
1320,Karen Chen,karen.chen1320@gmail.com,Japan,2021-05-26,Basic,4873.9
1321,Sofia Johnson,sofia.johnson1321@example.com,Australia,2020-09-23,Basic,356.91
1322,Ananya Chen,ananya.chen1322@gmail.com,Canada,2024-11-03,Basic,554.05
1323,Mary Kim,mary.kim1323@gmail.com,Canada,2024-04-11,Standard,524.36
1324,Arjun Singh,arjun.singh1324@yahoo.com,United States,2025-01-31,Standard,2347.84
1325,Susan Lopez,susan.lopez1325@company.org,India,2023-10-23,Premium,4691.05
1326,Ananya Smith,ananya.smith1326@example.com,Brazil,2023-09-06,Premium,1002.78
1327,Patricia Smith,patricia.smith1327@company.org,India,2022-03-04,Premium,673.61
1328,Thomas Rodriguez,thomas.rodriguez1328@outlook.com,France,2025-05-25,Premium,3123.21
1329,Jennifer Davis,jennifer.davis1329@yahoo.com,United States,2020-09-04,Basic,1592.75
1330,Susan Zhang,susan.zhang1330@techcorp.io,Australia,2023-06-28,Premium,4431.85
1331,Arjun Jones,arjun.jones1331@yahoo.com,Japan,2023-06-18,Premium,1747.36
1332,Barbara Smith,barbara.smith1332@company.org,Germany,2020-08-22,Basic,2560.18
1333,Wei Kim,wei.kim1333@gmail.com,France,2023-11-09,Basic,4883.73
1334,Rahul Miller,rahul.miller1334@gmail.com,Australia,2022-02-14,Premium,2404.84
1335,Amit Chen,amit.chen1335@company.org,Australia,2023-10-06,Premium,1533.18
1336,David Garcia,david.garcia1336@gmail.com,Japan,2020-06-21,Standard,1136.06
1337,James Gonzalez,james.gonzalez1337@yahoo.com,United Kingdom,2025-03-25,Premium,1105.04
1338,Jessica Sharma,jessica.sharma1338@techcorp.io,France,2022-04-20,Standard,962.01
1339,James Verma,james.verma1339@gmail.com,India,2024-01-05,Basic,2795.72
1340,Robert Martinez,robert.martinez1340@example.com,United Kingdom,2024-01-14,Basic,4877.78
1341,Michael Miller,michael.miller1341@outlook.com,Germany,2022-06-15,Standard,3608.24
1342,David Kim,david.kim1342@yahoo.com,Germany,2022-03-13,Basic,921.58
1343,William Brown,william.brown1343@gmail.com,Germany,2024-04-01,Premium,3947.7
1344,Patricia Sharma,patricia.sharma1344@yahoo.com,Canada,2025-02-11,Basic,1879.72
1345,Barbara Garcia,barbara.garcia1345@company.org,France,2020-09-24,Basic,764.94
1346,Sofia Jones,sofia.jones1346@yahoo.com,United Kingdom,2024-03-29,Premium,1902.56
1347,Karen Singh,karen.singh1347@techcorp.io,United Kingdom,2020-07-08,Premium,2957.26
1348,Mei Kim,mei.kim1348@outlook.com,Germany,2023-09-04,Basic,313.63
1349,Ananya Rodriguez,ananya.rodriguez1349@yahoo.com,Brazil,2025-06-25,Basic,3650.13
1350,Ananya Wang,ananya.wang1350@techcorp.io,India,2021-11-16,Premium,1971.17
1351,Carlos Gonzalez,carlos.gonzalez1351@company.org,Australia,2025-08-04,Premium,2348.12
1352,David Verma,david.verma1352@company.org,Japan,2025-07-19,Standard,1378.26
1353,Richard Gonzalez,richard.gonzalez1353@company.org,United States,2022-04-28,Basic,4479.68
1354,Joseph Davis,joseph.davis1354@example.com,United Kingdom,2023-06-07,Standard,4449.11
1355,Charles Garcia,charles.garcia1355@outlook.com,Canada,2020-12-13,Basic,3770.53
1356,Elizabeth Chen,elizabeth.chen1356@company.org,Australia,2022-07-31,Premium,253.66
1357,Thomas Lopez,thomas.lopez1357@outlook.com,France,2025-01-21,Standard,2190.9
1358,Barbara Wang,barbara.wang1358@outlook.com,Canada,2024-04-15,Basic,938.85
1359,Linda Rodriguez,linda.rodriguez1359@techcorp.io,India,2024-01-10,Basic,1507.86
1360,Thomas Zhang,thomas.zhang1360@company.org,India,2023-02-06,Basic,537.13
1361,John Verma,john.verma1361@gmail.com,Brazil,2022-03-31,Standard,1023.4
1362,David Rodriguez,david.rodriguez1362@outlook.com,Canada,2022-02-19,Premium,3039.97
1363,Robert Kim,robert.kim1363@outlook.com,United States,2023-05-11,Standard,4120.43
1364,Ananya Patel,ananya.patel1364@example.com,United States,2025-04-17,Premium,2587.6
1365,Arjun Jones,arjun.jones1365@example.com,United Kingdom,2022-07-18,Premium,3758.23
1366,Jessica Davis,jessica.davis1366@company.org,Brazil,2025-04-03,Premium,4081.27
1367,David Williams,david.williams1367@outlook.com,United Kingdom,2024-10-22,Premium,2117.55
1368,Joseph Chen,joseph.chen1368@company.org,United States,2024-03-14,Basic,2908.67
1369,Robert Martinez,robert.martinez1369@techcorp.io,United States,2025-08-09,Premium,4179.78
1370,David Davis,david.davis1370@example.com,France,2024-07-10,Premium,2711.14
1371,David Lee,david.lee1371@gmail.com,United States,2021-07-23,Basic,4887.35
1372,David Lee,david.lee1372@techcorp.io,France,2024-04-10,Basic,4746.03
1373,John Kim,john.kim1373@example.com,United Kingdom,2025-04-28,Basic,1677.76
1374,Joseph Gonzalez,joseph.gonzalez1374@outlook.com,India,2021-12-03,Basic,3390.68
1375,Jennifer Johnson,jennifer.johnson1375@techcorp.io,Japan,2020-04-19,Basic,1035.04
1376,Sofia Patel,sofia.patel1376@outlook.com,United Kingdom,2022-08-12,Standard,3314.87
1377,John Chen,john.chen1377@gmail.com,Australia,2020-02-15,Basic,1667.52
1378,Sofia Singh,sofia.singh1378@example.com,Germany,2021-03-29,Basic,2705.44
1379,Jessica Williams,jessica.williams1379@example.com,United Kingdom,2021-06-16,Basic,1583.3
1380,Wei Wang,wei.wang1380@yahoo.com,Canada,2022-04-11,Premium,3598.02
1381,Joseph Rodriguez,joseph.rodriguez1381@yahoo.com,United States,2021-08-07,Standard,366.65
1382,Richard Lopez,richard.lopez1382@yahoo.com,Brazil,2023-09-09,Premium,4402.23
1383,Joseph Chen,joseph.chen1383@company.org,United States,2021-01-08,Standard,3249.18
1384,Sofia Chen,sofia.chen1384@outlook.com,Canada,2024-05-20,Premium,4125.98
1385,Mei Garcia,mei.garcia1385@example.com,United Kingdom,2022-01-05,Premium,3679.56
1386,Joseph Patel,joseph.patel1386@techcorp.io,Germany,2021-01-26,Standard,3508.29
1387,Mary Davis,mary.davis1387@yahoo.com,Canada,2023-04-10,Premium,4585.67
1388,Amit Miller,amit.miller1388@example.com,France,2021-05-11,Standard,428.84
1389,Patricia Zhang,patricia.zhang1389@outlook.com,France,2025-01-21,Basic,1301.19
1390,Thomas Johnson,thomas.johnson1390@example.com,United States,2020-10-26,Premium,3487.7
1391,Neha Chen,neha.chen1391@example.com,Australia,2024-06-23,Basic,2013.54
1392,James Rodriguez,james.rodriguez1392@gmail.com,Germany,2023-09-01,Premium,3755.95
1393,Jessica Chen,jessica.chen1393@gmail.com,India,2022-09-19,Premium,4752.59
1394,Robert Wang,robert.wang1394@outlook.com,Germany,2021-11-29,Basic,3054.59
1395,Jennifer Martinez,jennifer.martinez1395@gmail.com,Brazil,2024-05-19,Basic,434.05
1396,Arjun Smith,arjun.smith1396@techcorp.io,Canada,2021-09-20,Standard,1822.53
1397,Michael Johnson,michael.johnson1397@techcorp.io,Brazil,2022-06-04,Standard,3498.87
1398,Wei Gonzalez,wei.gonzalez1398@company.org,India,2024-05-18,Premium,1576.21
1399,Mary Lopez,mary.lopez1399@gmail.com,United States,2024-03-25,Basic,4647.66
1400,Barbara Davis,barbara.davis1400@yahoo.com,India,2020-03-06,Standard,188.32
1401,James Sharma,james.sharma1401@yahoo.com,India,2022-06-22,Basic,3994.77
1402,Wei Garcia,wei.garcia1402@techcorp.io,Germany,2020-06-29,Standard,2586.88
1403,Wei Sharma,wei.sharma1403@outlook.com,Brazil,2022-02-15,Premium,1075.24
1404,Sarah Patel,sarah.patel1404@example.com,India,2022-08-09,Basic,574.13
1405,David Garcia,david.garcia1405@gmail.com,France,2023-07-19,Basic,1976.47
1406,Joseph Davis,joseph.davis1406@gmail.com,Canada,2024-02-20,Basic,383.29
1407,Michael Singh,michael.singh1407@outlook.com,Japan,2021-02-21,Premium,2704.1
1408,Sofia Lee,sofia.lee1408@yahoo.com,Canada,2021-01-23,Premium,1655.55
1409,Rahul Patel,rahul.patel1409@techcorp.io,Germany,2023-09-22,Basic,3195.0
1410,Carlos Sharma,carlos.sharma1410@techcorp.io,Japan,2020-10-03,Standard,137.36
1411,Sofia Lee,sofia.lee1411@example.com,France,2022-08-10,Premium,2957.97
1412,James Davis,james.davis1412@gmail.com,India,2023-06-19,Basic,3702.67
1413,Arjun Davis,arjun.davis1413@company.org,India,2020-09-02,Basic,1903.89
1414,Elizabeth Miller,elizabeth.miller1414@yahoo.com,France,2022-04-17,Premium,237.64
1415,Sofia Lopez,sofia.lopez1415@example.com,Australia,2021-07-03,Standard,1621.82
1416,Ananya Johnson,ananya.johnson1416@company.org,France,2023-03-27,Basic,1183.6
1417,Neha Sharma,neha.sharma1417@outlook.com,United Kingdom,2022-04-23,Premium,317.67
1418,Sofia Davis,sofia.davis1418@techcorp.io,United Kingdom,2024-04-11,Premium,1642.1
1419,Joseph Gonzalez,joseph.gonzalez1419@gmail.com,India,2025-07-06,Basic,4770.62
1420,Mary Gonzalez,mary.gonzalez1420@yahoo.com,United Kingdom,2021-05-29,Basic,909.7
1421,Sarah Miller,sarah.miller1421@yahoo.com,Brazil,2020-11-16,Standard,3638.7
1422,Elizabeth Garcia,elizabeth.garcia1422@techcorp.io,United Kingdom,2022-09-30,Standard,923.36
1423,Linda Martinez,linda.martinez1423@outlook.com,Japan,2022-04-04,Standard,4319.01
1424,Jessica Williams,jessica.williams1424@outlook.com,France,2024-03-27,Basic,2380.03
1425,Susan Zhang,susan.zhang1425@company.org,France,2021-09-30,Standard,148.06
1426,Richard Singh,richard.singh1426@gmail.com,Canada,2021-09-17,Premium,3646.91
1427,William Patel,william.patel1427@example.com,Canada,2025-01-31,Standard,1906.98
1428,Karen Wang,karen.wang1428@gmail.com,Australia,2021-07-13,Premium,2372.83
1429,Robert Miller,robert.miller1429@gmail.com,United States,2025-08-12,Premium,3640.46
1430,Jessica Patel,jessica.patel1430@example.com,France,2024-03-08,Standard,2473.28
1431,Rahul Lee,rahul.lee1431@gmail.com,France,2020-06-08,Basic,1954.89
1432,Charles Garcia,charles.garcia1432@yahoo.com,France,2022-11-11,Premium,1775.46
1433,Amit Wang,amit.wang1433@techcorp.io,Australia,2020-08-24,Premium,1957.4
1434,Susan Davis,susan.davis1434@yahoo.com,Japan,2020-05-21,Standard,3173.22
1435,Priya Smith,priya.smith1435@techcorp.io,Germany,2022-12-06,Premium,2304.58
1436,Priya Jones,priya.jones1436@outlook.com,United Kingdom,2021-10-23,Basic,627.82
1437,John Gonzalez,john.gonzalez1437@techcorp.io,France,2024-06-16,Premium,2951.49
1438,Carlos Williams,carlos.williams1438@company.org,United Kingdom,2024-09-28,Basic,4157.26
1439,William Martinez,william.martinez1439@company.org,Brazil,2024-04-16,Premium,1574.5
1440,Susan Williams,susan.williams1440@gmail.com,Australia,2021-08-07,Standard,3756.21
1441,Sofia Patel,sofia.patel1441@techcorp.io,Canada,2020-01-27,Basic,4091.13
1442,James Brown,james.brown1442@gmail.com,France,2024-09-03,Premium,1477.28
1443,Susan Garcia,susan.garcia1443@yahoo.com,Australia,2022-02-02,Premium,714.94
1444,Jessica Garcia,jessica.garcia1444@company.org,India,2025-01-19,Premium,4081.13
1445,Jennifer Miller,jennifer.miller1445@gmail.com,Germany,2022-02-24,Standard,4915.59
1446,Mei Singh,mei.singh1446@example.com,India,2021-11-11,Basic,1500.97
1447,Richard Brown,richard.brown1447@outlook.com,India,2023-11-02,Basic,2948.95
1448,Jessica Wang,jessica.wang1448@techcorp.io,India,2020-02-08,Basic,1367.1
1449,James Lee,james.lee1449@gmail.com,India,2022-05-14,Premium,3969.34
1450,Richard Lopez,richard.lopez1450@company.org,Canada,2025-06-13,Standard,3796.71
1451,Karen Singh,karen.singh1451@outlook.com,Australia,2023-11-06,Standard,4093.39
1452,Barbara Patel,barbara.patel1452@example.com,United States,2023-12-29,Standard,4041.04
1453,James Chen,james.chen1453@techcorp.io,France,2021-07-22,Basic,3029.45
1454,Mei Zhang,mei.zhang1454@outlook.com,United Kingdom,2024-02-18,Standard,3110.84
1455,Priya Wang,priya.wang1455@company.org,France,2022-02-08,Basic,4931.6
1456,Wei Sharma,wei.sharma1456@gmail.com,Australia,2020-07-06,Premium,1661.35
1457,Joseph Davis,joseph.davis1457@company.org,Japan,2024-06-27,Premium,3082.33
1458,John Verma,john.verma1458@example.com,Japan,2021-02-15,Premium,1955.05
1459,Karen Miller,karen.miller1459@techcorp.io,Germany,2020-05-10,Basic,2514.73
1460,John Martinez,john.martinez1460@techcorp.io,Brazil,2025-03-27,Basic,4487.22
1461,Patricia Wang,patricia.wang1461@techcorp.io,Brazil,2022-09-13,Basic,1097.62
1462,Arjun Williams,arjun.williams1462@gmail.com,France,2020-04-29,Basic,4648.57
1463,David Patel,david.patel1463@outlook.com,United Kingdom,2022-11-21,Premium,2407.7
1464,Carlos Brown,carlos.brown1464@techcorp.io,Germany,2025-07-08,Basic,3987.93
1465,David Davis,david.davis1465@company.org,India,2023-11-06,Standard,4555.33
1466,Neha Patel,neha.patel1466@techcorp.io,Brazil,2024-11-24,Basic,1156.58
1467,Patricia Martinez,patricia.martinez1467@gmail.com,India,2020-12-31,Standard,3715.88
1468,Sofia Miller,sofia.miller1468@techcorp.io,India,2024-02-15,Basic,4273.99
1469,Richard Lee,richard.lee1469@techcorp.io,United States,2023-06-27,Basic,2970.8
1470,Michael Patel,michael.patel1470@example.com,Australia,2024-02-04,Premium,4672.93
1471,Robert Zhang,robert.zhang1471@techcorp.io,United Kingdom,2021-03-12,Standard,95.48
1472,Mei Chen,mei.chen1472@outlook.com,Germany,2023-04-30,Basic,2524.17
1473,Joseph Jones,joseph.jones1473@company.org,Canada,2021-08-20,Premium,3343.49
1474,Ananya Johnson,ananya.johnson1474@company.org,Australia,2023-06-19,Premium,4952.16
1475,Patricia Rodriguez,patricia.rodriguez1475@techcorp.io,Japan,2022-06-02,Standard,1492.9
1476,Richard Johnson,richard.johnson1476@outlook.com,Germany,2022-05-12,Premium,4675.44
1477,Linda Johnson,linda.johnson1477@yahoo.com,Japan,2024-05-23,Standard,4922.73
1478,Priya Garcia,priya.garcia1478@gmail.com,Brazil,2024-05-25,Standard,2141.07
1479,Jessica Verma,jessica.verma1479@example.com,France,2020-10-21,Premium,3647.44
1480,Elizabeth Miller,elizabeth.miller1480@techcorp.io,Brazil,2024-05-31,Basic,697.96
1481,Arjun Lee,arjun.lee1481@gmail.com,Canada,2025-02-17,Premium,860.29
1482,Robert Chen,robert.chen1482@techcorp.io,Japan,2023-04-07,Basic,1088.34
1483,Ananya Miller,ananya.miller1483@techcorp.io,United States,2024-01-23,Premium,4287.9
1484,Patricia Jones,patricia.jones1484@example.com,France,2021-11-20,Basic,525.44
1485,Jessica Garcia,jessica.garcia1485@gmail.com,India,2023-10-18,Premium,2197.42
1486,Robert Gonzalez,robert.gonzalez1486@techcorp.io,France,2022-09-30,Basic,638.07
1487,Richard Wang,richard.wang1487@outlook.com,Germany,2024-03-17,Premium,4956.26
1488,Priya Williams,priya.williams1488@example.com,France,2023-02-01,Premium,3283.32
1489,Barbara Smith,barbara.smith1489@gmail.com,India,2020-12-04,Basic,2471.63
1490,Priya Zhang,priya.zhang1490@yahoo.com,United States,2025-05-18,Standard,3483.94
1491,Patricia Lee,patricia.lee1491@yahoo.com,France,2025-06-06,Premium,3528.55
1492,Elizabeth Lee,elizabeth.lee1492@yahoo.com,India,2023-08-25,Basic,3583.15
1493,Mei Kim,mei.kim1493@yahoo.com,France,2020-03-21,Standard,2802.5
1494,Sarah Zhang,sarah.zhang1494@example.com,India,2021-05-23,Basic,4830.12
1495,Carlos Brown,carlos.brown1495@yahoo.com,Germany,2020-01-22,Premium,2263.8
1496,David Brown,david.brown1496@gmail.com,Germany,2022-04-24,Premium,847.99
1497,Sarah Rodriguez,sarah.rodriguez1497@gmail.com,India,2021-05-25,Premium,1527.96
1498,Sarah Garcia,sarah.garcia1498@example.com,United States,2022-10-14,Standard,278.52
1499,Thomas Martinez,thomas.martinez1499@techcorp.io,Brazil,2024-12-27,Basic,2906.5
1500,Amit Sharma,amit.sharma1500@company.org,Australia,2022-05-09,Premium,540.1
1501,Wei Johnson,wei.johnson1501@yahoo.com,United States,2022-02-09,Basic,1533.56
1502,Wei Miller,wei.miller1502@yahoo.com,Brazil,2022-06-03,Premium,1827.37
1503,Robert Lopez,robert.lopez1503@example.com,India,2022-11-10,Standard,1939.82
1504,Carlos Garcia,carlos.garcia1504@example.com,Japan,2020-12-07,Standard,3398.8
1505,Amit Jones,amit.jones1505@company.org,United Kingdom,2020-10-16,Premium,3676.74
1506,Rahul Gonzalez,rahul.gonzalez1506@yahoo.com,Australia,2021-11-02,Standard,4116.76
1507,David Singh,david.singh1507@example.com,United States,2022-10-10,Basic,1387.12
1508,Sarah Brown,sarah.brown1508@techcorp.io,Brazil,2024-07-24,Basic,1680.32
1509,John Verma,john.verma1509@outlook.com,Canada,2021-08-22,Basic,1404.55
1510,Patricia Patel,patricia.patel1510@yahoo.com,France,2021-03-06,Basic,919.87
1511,Neha Martinez,neha.martinez1511@company.org,Japan,2021-01-26,Premium,1777.06
1512,Charles Martinez,charles.martinez1512@company.org,Canada,2021-02-09,Basic,895.2
1513,Arjun Patel,arjun.patel1513@yahoo.com,Australia,2024-07-07,Standard,2981.94
1514,William Smith,william.smith1514@techcorp.io,Brazil,2021-09-28,Premium,675.52
1515,Richard Lee,richard.lee1515@techcorp.io,Canada,2020-08-04,Premium,3214.01
1516,Barbara Davis,barbara.davis1516@techcorp.io,France,2025-02-18,Basic,2222.85
1517,Barbara Chen,barbara.chen1517@company.org,Canada,2023-02-03,Standard,2626.94
1518,Amit Davis,amit.davis1518@outlook.com,India,2023-06-05,Standard,3864.36
1519,Mei Williams,mei.williams1519@techcorp.io,India,2020-11-10,Premium,1238.18
1520,John Garcia,john.garcia1520@company.org,United States,2020-12-12,Premium,1464.96
1521,Sofia Wang,sofia.wang1521@gmail.com,France,2021-07-12,Standard,2514.14
1522,Priya Kim,priya.kim1522@techcorp.io,India,2024-07-18,Basic,3100.62
1523,Sofia Smith,sofia.smith1523@techcorp.io,France,2023-11-14,Basic,4971.4
1524,Priya Zhang,priya.zhang1524@techcorp.io,United States,2025-01-11,Basic,3388.88
1525,Carlos Zhang,carlos.zhang1525@yahoo.com,Germany,2020-11-03,Standard,4205.07
1526,Thomas Verma,thomas.verma1526@gmail.com,France,2025-07-22,Standard,893.9
1527,Patricia Sharma,patricia.sharma1527@techcorp.io,United Kingdom,2021-04-27,Standard,1530.93
1528,Elizabeth Rodriguez,elizabeth.rodriguez1528@yahoo.com,United States,2024-05-31,Basic,4619.13
1529,Sofia Gonzalez,sofia.gonzalez1529@company.org,United States,2025-03-11,Premium,4249.34
1530,Mary Verma,mary.verma1530@gmail.com,Japan,2023-09-07,Standard,1801.77
1531,James Verma,james.verma1531@techcorp.io,Germany,2024-07-04,Standard,93.88
1532,Susan Wang,susan.wang1532@yahoo.com,India,2021-09-21,Standard,663.02
1533,Jessica Smith,jessica.smith1533@yahoo.com,Canada,2022-07-15,Standard,2007.03
1534,Elizabeth Verma,elizabeth.verma1534@example.com,Germany,2023-01-08,Basic,4947.38
1535,Priya Chen,priya.chen1535@yahoo.com,Germany,2023-12-19,Premium,2198.1
1536,Barbara Miller,barbara.miller1536@gmail.com,United Kingdom,2023-03-12,Basic,711.72
1537,Susan Sharma,susan.sharma1537@gmail.com,Germany,2022-03-26,Standard,4800.51
1538,William Brown,william.brown1538@example.com,Japan,2025-07-22,Premium,3585.89
1539,David Patel,david.patel1539@company.org,France,2021-06-22,Basic,4790.51
1540,Ananya Smith,ananya.smith1540@yahoo.com,Germany,2023-11-10,Premium,117.56
1541,Priya Davis,priya.davis1541@gmail.com,Australia,2024-10-25,Premium,3700.29
1542,Susan Wang,susan.wang1542@outlook.com,Canada,2025-06-13,Basic,3816.45
1543,Linda Lopez,linda.lopez1543@yahoo.com,Brazil,2022-02-04,Basic,1441.64
1544,Patricia Rodriguez,patricia.rodriguez1544@techcorp.io,United Kingdom,2024-10-23,Basic,2395.77
1545,Ananya Brown,ananya.brown1545@techcorp.io,Brazil,2022-01-12,Basic,4963.13
1546,Charles Gonzalez,charles.gonzalez1546@techcorp.io,Germany,2022-07-28,Basic,704.86
1547,Mary Rodriguez,mary.rodriguez1547@yahoo.com,Germany,2024-10-12,Basic,3101.51
1548,John Johnson,john.johnson1548@example.com,France,2023-06-09,Premium,3184.88
1549,Linda Davis,linda.davis1549@outlook.com,France,2025-05-16,Basic,2573.83
1550,Rahul Johnson,rahul.johnson1550@outlook.com,India,2023-01-07,Standard,1438.75
1551,Barbara Singh,barbara.singh1551@yahoo.com,Australia,2020-07-13,Basic,252.4
1552,Mary Sharma,mary.sharma1552@yahoo.com,Canada,2025-04-17,Standard,4546.99
1553,Patricia Singh,patricia.singh1553@yahoo.com,Canada,2025-07-05,Standard,1704.7
1554,Patricia Brown,patricia.brown1554@techcorp.io,United States,2021-06-17,Standard,1834.82
1555,Ananya Verma,ananya.verma1555@techcorp.io,Brazil,2024-03-02,Basic,3268.73
1556,Michael Lee,michael.lee1556@example.com,India,2021-03-11,Basic,3166.32
1557,Karen Brown,karen.brown1557@gmail.com,United Kingdom,2022-03-01,Premium,2256.56
1558,Patricia Williams,patricia.williams1558@company.org,Australia,2023-05-19,Premium,2397.28
1559,Arjun Miller,arjun.miller1559@company.org,Germany,2020-06-28,Basic,998.95
1560,Sarah Rodriguez,sarah.rodriguez1560@company.org,Australia,2024-02-08,Standard,3167.83
1561,Patricia Singh,patricia.singh1561@gmail.com,Japan,2024-09-12,Premium,4660.1
1562,Thomas Smith,thomas.smith1562@yahoo.com,Canada,2021-06-12,Standard,274.95
1563,Charles Johnson,charles.johnson1563@techcorp.io,United Kingdom,2024-06-16,Standard,3439.24
1564,Mei Zhang,mei.zhang1564@gmail.com,Germany,2024-11-28,Premium,1951.54
1565,Arjun Patel,arjun.patel1565@example.com,Canada,2022-04-27,Basic,67.82
1566,Charles Miller,charles.miller1566@company.org,United States,2025-02-08,Premium,3553.38
1567,Thomas Rodriguez,thomas.rodriguez1567@outlook.com,United Kingdom,2023-04-28,Premium,1379.15
1568,Patricia Garcia,patricia.garcia1568@yahoo.com,United States,2022-09-02,Standard,243.5
1569,Robert Rodriguez,robert.rodriguez1569@yahoo.com,Canada,2020-07-30,Premium,4901.12
1570,Wei Miller,wei.miller1570@company.org,India,2020-01-06,Premium,1769.94
1571,Karen Verma,karen.verma1571@outlook.com,India,2022-12-17,Premium,711.38
1572,Carlos Lopez,carlos.lopez1572@outlook.com,Australia,2020-08-22,Premium,4088.81
1573,Wei Verma,wei.verma1573@yahoo.com,Canada,2021-12-24,Standard,4859.44
1574,Sarah Lee,sarah.lee1574@gmail.com,France,2022-11-20,Premium,3189.81
1575,Sarah Miller,sarah.miller1575@example.com,United Kingdom,2023-08-21,Standard,1059.4
1576,Rahul Patel,rahul.patel1576@yahoo.com,Japan,2022-08-07,Premium,3645.12
1577,Barbara Jones,barbara.jones1577@example.com,India,2025-07-24,Basic,2323.98
1578,Wei Garcia,wei.garcia1578@yahoo.com,Japan,2022-01-08,Premium,1446.12
1579,Elizabeth Garcia,elizabeth.garcia1579@yahoo.com,France,2022-02-08,Basic,760.44
1580,Susan Davis,susan.davis1580@example.com,France,2021-02-14,Premium,2657.55
1581,Neha Smith,neha.smith1581@company.org,India,2024-03-27,Standard,152.54
1582,Wei Smith,wei.smith1582@techcorp.io,United States,2021-06-25,Basic,3862.08
1583,William Jones,william.jones1583@techcorp.io,United States,2020-02-08,Basic,2734.73
1584,Wei Sharma,wei.sharma1584@techcorp.io,India,2022-04-08,Basic,2428.11
1585,Charles Chen,charles.chen1585@yahoo.com,Canada,2023-09-20,Standard,814.84
1586,Mary Kim,mary.kim1586@techcorp.io,Canada,2021-05-19,Basic,4133.38
1587,Patricia Kim,patricia.kim1587@outlook.com,India,2024-08-28,Basic,55.99
1588,Linda Smith,linda.smith1588@yahoo.com,France,2024-04-27,Basic,1798.88
1589,Elizabeth Davis,elizabeth.davis1589@techcorp.io,France,2021-04-05,Standard,889.32
1590,Patricia Davis,patricia.davis1590@gmail.com,Canada,2024-01-03,Basic,3097.7
1591,Patricia Verma,patricia.verma1591@gmail.com,United States,2021-09-10,Basic,2171.71
1592,David Lopez,david.lopez1592@yahoo.com,France,2021-09-07,Premium,3451.45
1593,Karen Martinez,karen.martinez1593@outlook.com,India,2023-01-15,Standard,3325.57
1594,Sofia Rodriguez,sofia.rodriguez1594@techcorp.io,India,2020-01-09,Basic,3900.03
1595,Robert Sharma,robert.sharma1595@yahoo.com,France,2025-01-03,Premium,3994.41
1596,Jessica Williams,jessica.williams1596@gmail.com,France,2023-02-14,Basic,497.71
1597,Robert Garcia,robert.garcia1597@example.com,Australia,2023-07-31,Standard,2147.97
1598,Amit Singh,amit.singh1598@company.org,Australia,2021-07-20,Premium,4611.94
1599,Richard Singh,richard.singh1599@company.org,Japan,2025-07-10,Premium,2704.25
1600,Linda Patel,linda.patel1600@gmail.com,France,2022-06-17,Premium,481.89
1601,Barbara Smith,barbara.smith1601@yahoo.com,United States,2024-01-24,Premium,2395.94
1602,Robert Brown,robert.brown1602@gmail.com,Australia,2024-01-18,Basic,1508.75
1603,Robert Kim,robert.kim1603@example.com,United Kingdom,2022-05-13,Basic,326.54
1604,Robert Brown,robert.brown1604@techcorp.io,Germany,2024-03-26,Premium,180.42
1605,Susan Verma,susan.verma1605@gmail.com,India,2020-10-29,Standard,4195.31
1606,Mei Garcia,mei.garcia1606@gmail.com,Germany,2024-02-05,Basic,441.02
1607,John Smith,john.smith1607@company.org,France,2021-09-05,Basic,2375.34
1608,Robert Zhang,robert.zhang1608@techcorp.io,Canada,2025-04-09,Standard,3626.66
1609,Joseph Gonzalez,joseph.gonzalez1609@techcorp.io,United States,2023-03-20,Basic,821.64
1610,Carlos Gonzalez,carlos.gonzalez1610@gmail.com,Germany,2021-10-18,Basic,2012.13
1611,Susan Chen,susan.chen1611@company.org,Canada,2025-08-17,Standard,3561.3
1612,Susan Garcia,susan.garcia1612@outlook.com,India,2024-03-26,Basic,3728.52
1613,Richard Lopez,richard.lopez1613@gmail.com,United Kingdom,2024-05-25,Basic,4121.4
1614,Sarah Lopez,sarah.lopez1614@gmail.com,Japan,2025-05-09,Standard,3280.86
1615,Richard Patel,richard.patel1615@yahoo.com,United States,2024-03-01,Premium,2149.9
1616,William Brown,william.brown1616@gmail.com,India,2024-01-25,Premium,3905.05
1617,David Smith,david.smith1617@yahoo.com,Canada,2021-10-28,Premium,577.0
1618,Michael Lopez,michael.lopez1618@gmail.com,Canada,2022-02-07,Premium,1048.54
1619,Sofia Johnson,sofia.johnson1619@yahoo.com,Canada,2020-12-14,Premium,2845.74
1620,Charles Wang,charles.wang1620@gmail.com,United States,2023-07-12,Basic,4720.37
1621,James Verma,james.verma1621@outlook.com,France,2025-08-10,Basic,1606.64
1622,Richard Verma,richard.verma1622@yahoo.com,India,2023-09-19,Standard,4487.73
1623,Thomas Brown,thomas.brown1623@company.org,Germany,2020-04-07,Premium,3990.54
1624,Jessica Lee,jessica.lee1624@gmail.com,Canada,2021-10-22,Basic,3427.75
1625,John Gonzalez,john.gonzalez1625@gmail.com,United Kingdom,2022-06-02,Premium,3288.39
1626,Arjun Garcia,arjun.garcia1626@company.org,Brazil,2023-10-30,Standard,3937.49
1627,David Martinez,david.martinez1627@outlook.com,France,2020-06-12,Premium,3882.17
1628,Richard Davis,richard.davis1628@yahoo.com,India,2021-09-16,Premium,3157.56
1629,Jessica Brown,jessica.brown1629@gmail.com,Germany,2023-06-21,Premium,4344.29
1630,Ananya Williams,ananya.williams1630@example.com,India,2025-02-05,Standard,890.1
1631,Elizabeth Garcia,elizabeth.garcia1631@gmail.com,Canada,2024-01-28,Standard,491.68
1632,Jennifer Chen,jennifer.chen1632@outlook.com,Japan,2022-11-14,Standard,3268.95
1633,Robert Brown,robert.brown1633@company.org,Japan,2020-06-11,Standard,4302.07
1634,Richard Singh,richard.singh1634@company.org,Germany,2024-12-10,Standard,2586.77
1635,Karen Sharma,karen.sharma1635@outlook.com,India,2024-08-19,Premium,2277.96
1636,Carlos Johnson,carlos.johnson1636@company.org,United States,2022-09-29,Premium,4115.11
1637,James Jones,james.jones1637@gmail.com,Canada,2024-03-19,Basic,2872.16
1638,Mei Williams,mei.williams1638@yahoo.com,France,2025-03-08,Premium,512.84
1639,Joseph Chen,joseph.chen1639@techcorp.io,Brazil,2025-03-19,Basic,474.82
1640,Neha Brown,neha.brown1640@example.com,France,2022-03-28,Standard,1677.17
1641,David Sharma,david.sharma1641@company.org,Japan,2022-05-20,Premium,3719.36
1642,Patricia Rodriguez,patricia.rodriguez1642@example.com,United States,2021-09-29,Standard,770.29
1643,Michael Sharma,michael.sharma1643@company.org,United States,2024-04-06,Basic,4685.48
1644,Barbara Singh,barbara.singh1644@example.com,United Kingdom,2020-08-09,Basic,4346.7
1645,Arjun Singh,arjun.singh1645@outlook.com,Canada,2021-12-22,Basic,751.6
1646,William Patel,william.patel1646@gmail.com,Canada,2025-01-23,Standard,2647.65
1647,Priya Rodriguez,priya.rodriguez1647@yahoo.com,United States,2021-01-13,Standard,1742.99
1648,Arjun Martinez,arjun.martinez1648@yahoo.com,United Kingdom,2023-12-01,Standard,2434.05
1649,Sarah Garcia,sarah.garcia1649@techcorp.io,France,2023-12-23,Premium,2873.07
1650,Wei Smith,wei.smith1650@company.org,United Kingdom,2020-11-14,Premium,3356.41
1651,Karen Jones,karen.jones1651@outlook.com,Australia,2020-02-28,Basic,4487.68
1652,Sofia Jones,sofia.jones1652@example.com,Australia,2021-04-10,Premium,2061.61
1653,Thomas Smith,thomas.smith1653@example.com,Germany,2025-01-14,Premium,4848.81
1654,Patricia Johnson,patricia.johnson1654@yahoo.com,United Kingdom,2024-09-17,Premium,2753.13
1655,Jennifer Lopez,jennifer.lopez1655@example.com,United Kingdom,2023-11-26,Basic,4764.27
1656,Priya Lee,priya.lee1656@gmail.com,Australia,2024-01-30,Basic,1544.63
1657,Elizabeth Zhang,elizabeth.zhang1657@gmail.com,Japan,2025-02-10,Standard,2081.41
1658,Barbara Kim,barbara.kim1658@example.com,Brazil,2023-10-07,Basic,4635.43
1659,Joseph Singh,joseph.singh1659@outlook.com,Germany,2021-10-28,Premium,2207.59
1660,Elizabeth Singh,elizabeth.singh1660@techcorp.io,Canada,2021-02-10,Basic,4039.4
1661,Patricia Williams,patricia.williams1661@techcorp.io,United States,2024-08-11,Basic,2507.2
1662,Arjun Lopez,arjun.lopez1662@company.org,India,2024-12-24,Premium,2927.11
1663,Mary Martinez,mary.martinez1663@example.com,United Kingdom,2022-07-01,Standard,2780.36
1664,Patricia Miller,patricia.miller1664@example.com,India,2023-12-07,Standard,2094.03
1665,Wei Gonzalez,wei.gonzalez1665@techcorp.io,France,2020-02-01,Standard,3921.87
1666,Thomas Martinez,thomas.martinez1666@outlook.com,Canada,2023-06-13,Standard,3382.84
1667,James Singh,james.singh1667@gmail.com,United States,2020-04-17,Basic,3963.03
1668,Wei Zhang,wei.zhang1668@techcorp.io,Australia,2023-10-04,Basic,4797.84
1669,Susan Davis,susan.davis1669@company.org,France,2022-02-28,Premium,3239.95
1670,Wei Johnson,wei.johnson1670@company.org,France,2021-06-11,Premium,1982.54
1671,Neha Garcia,neha.garcia1671@example.com,Australia,2021-10-10,Standard,1193.3
1672,Amit Jones,amit.jones1672@company.org,India,2024-05-24,Premium,4587.49
1673,Wei Kim,wei.kim1673@yahoo.com,Australia,2022-04-14,Basic,511.66
1674,Susan Smith,susan.smith1674@techcorp.io,Germany,2020-04-23,Premium,3552.5
1675,Sofia Williams,sofia.williams1675@company.org,France,2020-04-13,Premium,3684.14
1676,Joseph Gonzalez,joseph.gonzalez1676@techcorp.io,Australia,2022-02-03,Basic,3279.99
1677,Linda Martinez,linda.martinez1677@yahoo.com,Brazil,2022-10-01,Premium,3911.14
1678,Ananya Patel,ananya.patel1678@outlook.com,United States,2023-01-31,Basic,4678.13
1679,Rahul Smith,rahul.smith1679@techcorp.io,India,2021-03-30,Standard,4639.64
1680,Patricia Brown,patricia.brown1680@yahoo.com,Canada,2022-12-09,Basic,509.25
1681,Jessica Verma,jessica.verma1681@yahoo.com,France,2021-02-16,Standard,3987.44
1682,Susan Williams,susan.williams1682@example.com,India,2022-05-11,Premium,2128.54
1683,Carlos Sharma,carlos.sharma1683@techcorp.io,Japan,2021-10-21,Basic,1528.84
1684,Carlos Garcia,carlos.garcia1684@techcorp.io,United States,2021-04-25,Standard,4969.01
1685,Jessica Lopez,jessica.lopez1685@company.org,Brazil,2020-01-21,Basic,2632.66
1686,William Brown,william.brown1686@yahoo.com,United States,2020-04-04,Premium,2583.14
1687,Robert Miller,robert.miller1687@outlook.com,India,2022-06-07,Basic,1671.32
1688,Linda Williams,linda.williams1688@techcorp.io,Germany,2023-01-01,Standard,2433.8
1689,John Verma,john.verma1689@techcorp.io,Brazil,2023-04-20,Standard,3738.71
1690,Jessica Singh,jessica.singh1690@company.org,France,2022-03-01,Standard,906.15
1691,Priya Rodriguez,priya.rodriguez1691@example.com,India,2023-06-30,Basic,3980.79
1692,Neha Wang,neha.wang1692@example.com,Japan,2024-10-01,Premium,3748.04
1693,Wei Sharma,wei.sharma1693@company.org,India,2024-04-17,Standard,1038.62
1694,Barbara Verma,barbara.verma1694@techcorp.io,India,2025-01-14,Basic,4452.78
1695,Thomas Rodriguez,thomas.rodriguez1695@company.org,France,2023-04-17,Premium,4142.1
1696,Rahul Zhang,rahul.zhang1696@outlook.com,France,2020-05-02,Basic,940.53
1697,David Singh,david.singh1697@yahoo.com,Australia,2022-10-01,Basic,1115.16
1698,Barbara Verma,barbara.verma1698@yahoo.com,Australia,2021-05-15,Basic,1627.02
1699,James Sharma,james.sharma1699@yahoo.com,Japan,2023-08-10,Basic,2830.12
1700,Richard Martinez,richard.martinez1700@company.org,United Kingdom,2022-06-09,Basic,2826.75
1701,Amit Lopez,amit.lopez1701@techcorp.io,India,2024-09-23,Premium,3793.2
1702,David Sharma,david.sharma1702@yahoo.com,United Kingdom,2020-07-22,Standard,2518.32
1703,William Singh,william.singh1703@gmail.com,India,2025-01-28,Basic,3027.08
1704,Charles Patel,charles.patel1704@yahoo.com,United States,2023-03-13,Basic,3236.15
1705,Mei Lee,mei.lee1705@gmail.com,Japan,2023-03-10,Basic,4216.13
1706,Richard Johnson,richard.johnson1706@company.org,Brazil,2020-06-09,Standard,3241.64
1707,John Wang,john.wang1707@gmail.com,France,2023-05-17,Standard,1620.09
1708,Barbara Patel,barbara.patel1708@gmail.com,Brazil,2023-07-06,Standard,3080.99
1709,Richard Martinez,richard.martinez1709@techcorp.io,Japan,2025-07-13,Premium,4837.41
1710,Patricia Verma,patricia.verma1710@company.org,India,2020-04-29,Basic,286.78
1711,James Jones,james.jones1711@gmail.com,Australia,2024-11-19,Basic,892.45
1712,Michael Verma,michael.verma1712@company.org,United States,2020-08-03,Standard,4422.43
1713,Mary Brown,mary.brown1713@gmail.com,Canada,2020-11-03,Standard,1680.18
1714,Karen Patel,karen.patel1714@outlook.com,Germany,2021-07-18,Premium,2330.43
1715,Robert Sharma,robert.sharma1715@yahoo.com,France,2025-01-04,Premium,655.75
1716,Thomas Davis,thomas.davis1716@company.org,Japan,2025-06-30,Standard,1643.46
1717,Neha Wang,neha.wang1717@yahoo.com,India,2022-12-16,Standard,3571.34
1718,Barbara Kim,barbara.kim1718@yahoo.com,United Kingdom,2020-11-15,Basic,4860.24
1719,Mary Miller,mary.miller1719@gmail.com,United Kingdom,2025-04-01,Standard,980.19
1720,Patricia Sharma,patricia.sharma1720@yahoo.com,Brazil,2023-07-07,Standard,3557.14
1721,Rahul Jones,rahul.jones1721@company.org,India,2021-06-16,Basic,4587.65
1722,Richard Chen,richard.chen1722@company.org,Brazil,2022-04-11,Standard,980.37
1723,William Singh,william.singh1723@yahoo.com,Canada,2021-02-22,Basic,2331.72
1724,Patricia Brown,patricia.brown1724@yahoo.com,United States,2025-03-02,Basic,1370.45
1725,Jessica Zhang,jessica.zhang1725@example.com,Australia,2022-12-23,Basic,4638.29
1726,John Verma,john.verma1726@example.com,United Kingdom,2021-09-08,Standard,2535.84
1727,Thomas Sharma,thomas.sharma1727@gmail.com,Japan,2023-01-21,Standard,534.17
1728,Rahul Patel,rahul.patel1728@techcorp.io,France,2022-03-05,Standard,987.78
1729,Jennifer Lopez,jennifer.lopez1729@outlook.com,Brazil,2025-07-14,Premium,2196.15
1730,Priya Johnson,priya.johnson1730@techcorp.io,United Kingdom,2021-03-30,Basic,620.18
1731,Carlos Johnson,carlos.johnson1731@company.org,Canada,2022-09-04,Basic,2684.05
1732,William Davis,william.davis1732@company.org,France,2024-05-24,Standard,551.46
1733,Neha Rodriguez,neha.rodriguez1733@example.com,United Kingdom,2021-12-01,Basic,1770.78
1734,Elizabeth Lopez,elizabeth.lopez1734@outlook.com,United States,2021-01-21,Basic,2541.04
1735,Amit Lopez,amit.lopez1735@example.com,Canada,2022-09-04,Basic,1609.81
1736,John Garcia,john.garcia1736@yahoo.com,Australia,2025-02-07,Basic,4813.1
1737,Priya Wang,priya.wang1737@example.com,Australia,2020-03-26,Basic,4873.14
1738,Carlos Williams,carlos.williams1738@yahoo.com,United States,2023-12-13,Standard,2936.64
1739,Jessica Davis,jessica.davis1739@example.com,India,2020-07-04,Basic,2857.97
1740,Elizabeth Davis,elizabeth.davis1740@company.org,Brazil,2021-11-16,Basic,3887.52
1741,Patricia Martinez,patricia.martinez1741@techcorp.io,Australia,2025-01-27,Standard,3687.33
1742,Sarah Rodriguez,sarah.rodriguez1742@techcorp.io,Japan,2022-11-04,Standard,2320.82
1743,Wei Verma,wei.verma1743@outlook.com,Australia,2025-06-06,Basic,1386.19
1744,Thomas Gonzalez,thomas.gonzalez1744@gmail.com,Germany,2024-08-07,Basic,3313.87
1745,Robert Verma,robert.verma1745@example.com,United States,2022-09-27,Premium,3718.01
1746,Susan Verma,susan.verma1746@yahoo.com,India,2022-03-04,Standard,3211.73
1747,William Gonzalez,william.gonzalez1747@techcorp.io,Brazil,2025-01-14,Premium,916.01
1748,Sofia Verma,sofia.verma1748@outlook.com,France,2024-09-05,Standard,1581.15
1749,Mary Lee,mary.lee1749@company.org,Australia,2021-05-18,Standard,3986.9
1750,Charles Verma,charles.verma1750@outlook.com,India,2020-02-04,Standard,4639.8
1751,Robert Chen,robert.chen1751@techcorp.io,Germany,2023-04-01,Premium,2812.8
1752,Jennifer Martinez,jennifer.martinez1752@example.com,Canada,2020-09-21,Standard,127.18
1753,Mary Miller,mary.miller1753@outlook.com,India,2020-08-05,Standard,1563.82
1754,Susan Verma,susan.verma1754@techcorp.io,United States,2020-07-23,Standard,731.71
1755,Carlos Martinez,carlos.martinez1755@company.org,Brazil,2021-09-27,Basic,3580.33
1756,Robert Miller,robert.miller1756@example.com,India,2023-04-06,Basic,209.08
1757,Sofia Verma,sofia.verma1757@yahoo.com,France,2024-09-26,Standard,4836.19
1758,Patricia Rodriguez,patricia.rodriguez1758@outlook.com,Canada,2021-12-10,Premium,2207.29
1759,Carlos Sharma,carlos.sharma1759@company.org,Germany,2022-03-28,Standard,721.67
1760,Sarah Miller,sarah.miller1760@outlook.com,Canada,2020-12-16,Standard,2854.99
1761,Rahul Chen,rahul.chen1761@company.org,Germany,2024-03-19,Standard,525.41
1762,Thomas Chen,thomas.chen1762@techcorp.io,Australia,2024-01-04,Standard,1803.26
1763,Joseph Singh,joseph.singh1763@example.com,Japan,2020-04-23,Premium,180.79
1764,Arjun Singh,arjun.singh1764@gmail.com,Germany,2023-05-23,Basic,2922.6
1765,Barbara Jones,barbara.jones1765@company.org,Brazil,2023-04-16,Basic,3788.91
1766,Richard Jones,richard.jones1766@example.com,United States,2025-03-10,Premium,2328.09
1767,Mary Williams,mary.williams1767@gmail.com,Canada,2021-03-14,Standard,2991.98
1768,Wei Martinez,wei.martinez1768@company.org,Japan,2023-09-19,Basic,651.14
1769,Charles Zhang,charles.zhang1769@techcorp.io,United States,2022-04-19,Premium,763.55
1770,Neha Wang,neha.wang1770@yahoo.com,United Kingdom,2021-09-25,Standard,3159.79
1771,Neha Smith,neha.smith1771@example.com,United Kingdom,2021-04-14,Basic,50.18
1772,Karen Brown,karen.brown1772@company.org,India,2022-10-09,Basic,562.85
1773,James Zhang,james.zhang1773@example.com,France,2020-08-15,Basic,1534.62
1774,Jessica Garcia,jessica.garcia1774@yahoo.com,Brazil,2022-12-02,Premium,3422.54
1775,Mei Lopez,mei.lopez1775@gmail.com,France,2021-08-22,Premium,157.21
1776,Robert Davis,robert.davis1776@yahoo.com,Brazil,2022-03-31,Standard,2428.31
1777,Elizabeth Brown,elizabeth.brown1777@company.org,Japan,2024-02-13,Premium,1412.15
1778,Richard Brown,richard.brown1778@example.com,France,2024-10-06,Basic,188.45
1779,Joseph Brown,joseph.brown1779@company.org,France,2020-02-15,Premium,1548.67
1780,Rahul Gonzalez,rahul.gonzalez1780@techcorp.io,Japan,2020-06-23,Standard,4815.84
1781,Joseph Chen,joseph.chen1781@outlook.com,United States,2021-10-10,Standard,2528.16
1782,Mei Zhang,mei.zhang1782@yahoo.com,Australia,2024-05-18,Premium,360.69
1783,Rahul Jones,rahul.jones1783@outlook.com,Australia,2025-02-25,Premium,4300.39
1784,Robert Rodriguez,robert.rodriguez1784@techcorp.io,Canada,2024-06-01,Basic,4584.99
1785,Rahul Wang,rahul.wang1785@example.com,Japan,2022-01-08,Premium,3557.08
1786,Thomas Zhang,thomas.zhang1786@outlook.com,Germany,2023-08-20,Premium,4778.21
1787,Barbara Lee,barbara.lee1787@company.org,France,2020-10-03,Basic,196.13
1788,Neha Garcia,neha.garcia1788@yahoo.com,India,2021-03-11,Standard,4674.46
1789,Jessica Sharma,jessica.sharma1789@yahoo.com,United Kingdom,2021-03-07,Basic,3654.41
1790,Richard Singh,richard.singh1790@gmail.com,United States,2022-10-22,Basic,235.22
1791,Neha Williams,neha.williams1791@example.com,Australia,2020-04-30,Basic,1639.74
1792,Amit Chen,amit.chen1792@example.com,Germany,2022-03-29,Basic,1299.85
1793,Joseph Martinez,joseph.martinez1793@yahoo.com,United Kingdom,2021-10-25,Standard,4078.5
1794,Ananya Miller,ananya.miller1794@gmail.com,United States,2021-01-29,Basic,214.53
1795,Robert Smith,robert.smith1795@outlook.com,France,2020-10-21,Standard,967.26
1796,Neha Gonzalez,neha.gonzalez1796@company.org,Japan,2022-02-17,Basic,2873.33
1797,Jessica Zhang,jessica.zhang1797@outlook.com,Australia,2021-07-18,Basic,2222.45
1798,Rahul Patel,rahul.patel1798@gmail.com,India,2021-06-04,Premium,1526.22
1799,Patricia Wang,patricia.wang1799@yahoo.com,United States,2023-09-17,Basic,1158.91
1800,Elizabeth Rodriguez,elizabeth.rodriguez1800@example.com,Australia,2020-10-05,Basic,4842.17
1801,John Kim,john.kim1801@company.org,United Kingdom,2025-08-10,Standard,2026.14
1802,Mary Kim,mary.kim1802@techcorp.io,India,2025-04-13,Standard,3283.5
1803,Mary Sharma,mary.sharma1803@example.com,Canada,2022-04-01,Standard,4445.74
1804,Mary Jones,mary.jones1804@yahoo.com,Brazil,2023-09-12,Premium,4565.98
1805,Mary Davis,mary.davis1805@example.com,India,2020-05-24,Standard,4906.23
1806,Susan Lopez,susan.lopez1806@techcorp.io,India,2025-05-15,Basic,1389.02
1807,Mary Brown,mary.brown1807@gmail.com,Japan,2022-07-11,Premium,1783.78
1808,Jessica Martinez,jessica.martinez1808@yahoo.com,United States,2020-08-14,Basic,3879.39
1809,Ananya Miller,ananya.miller1809@company.org,France,2020-03-15,Premium,2436.76
1810,Richard Patel,richard.patel1810@techcorp.io,Germany,2024-10-26,Premium,2162.83
1811,Robert Brown,robert.brown1811@example.com,India,2024-02-15,Standard,1008.55
1812,Susan Johnson,susan.johnson1812@yahoo.com,United Kingdom,2021-01-11,Premium,99.75
1813,Susan Kim,susan.kim1813@company.org,United States,2020-03-02,Premium,1287.12
1814,Mary Williams,mary.williams1814@gmail.com,Germany,2024-12-01,Basic,1448.85
1815,David Verma,,United Kingdom,2023-04-12,Basic,3050.31
1816,Jessica Brown,jessica.brown1816@techcorp.io,India,2020-11-08,Standard,4694.93
1817,Michael Wang,michael.wang1817@techcorp.io,Australia,2022-06-21,Standard,3580.01
1818,Barbara Kim,barbara.kim1818@outlook.com,United Kingdom,2022-12-31,Standard,3503.97
1819,Thomas Brown,thomas.brown1819@gmail.com,Australia,2024-08-09,Premium,4755.29
1820,Jessica Rodriguez,jessica.rodriguez1820@gmail.com,United Kingdom,2021-07-15,Premium,1191.15
1821,Neha Kim,neha.kim1821@yahoo.com,India,2024-03-05,Premium,4091.08
1822,Robert Johnson,robert.johnson1822@yahoo.com,Japan,2025-02-01,Basic,155.38
1823,Wei Johnson,wei.johnson1823@outlook.com,Canada,2024-04-22,Standard,4144.54
1824,John Johnson,john.johnson1824@outlook.com,France,2025-07-21,Basic,4320.73
1825,Richard Chen,richard.chen1825@gmail.com,United Kingdom,2022-04-22,Standard,962.91
1826,Susan Kim,susan.kim1826@gmail.com,Canada,2020-05-08,Premium,3826.83
1827,Sofia Smith,sofia.smith1827@company.org,Australia,2022-12-11,Premium,1121.89
1828,James Sharma,james.sharma1828@techcorp.io,France,2024-10-17,Premium,4646.4
1829,Arjun Johnson,arjun.johnson1829@gmail.com,Brazil,2024-05-08,Premium,4665.74
1830,Elizabeth Kim,elizabeth.kim1830@example.com,France,2022-12-01,Basic,4803.51
1831,Joseph Davis,joseph.davis1831@yahoo.com,United States,2023-02-23,Premium,4757.29
1832,John Davis,john.davis1832@company.org,Canada,2023-10-14,Premium,2003.28
1833,Karen Rodriguez,karen.rodriguez1833@outlook.com,Canada,2022-10-23,Premium,4060.78
1834,Karen Smith,karen.smith1834@gmail.com,Canada,2023-08-07,Standard,4245.58
1835,Joseph Chen,joseph.chen1835@gmail.com,Japan,2020-02-06,Standard,233.17
1836,Barbara Wang,barbara.wang1836@techcorp.io,Brazil,2022-06-11,Standard,339.99
1837,John Rodriguez,john.rodriguez1837@company.org,Brazil,2023-07-10,Basic,2230.18
1838,William Rodriguez,william.rodriguez1838@outlook.com,Japan,2021-06-05,Basic,3170.17
1839,Robert Lopez,robert.lopez1839@techcorp.io,United States,2022-08-11,Basic,3290.27
1840,Jennifer Zhang,jennifer.zhang1840@example.com,Australia,2020-06-20,Premium,3600.92
1841,Mary Rodriguez,mary.rodriguez1841@outlook.com,United States,2023-12-18,Premium,3605.68
1842,Karen Davis,karen.davis1842@outlook.com,India,2020-11-13,Premium,2246.87
1843,Thomas Williams,thomas.williams1843@yahoo.com,United Kingdom,2023-08-27,Premium,1888.23
1844,Wei Singh,wei.singh1844@gmail.com,France,2023-03-05,Basic,172.24
1845,Karen Verma,karen.verma1845@outlook.com,France,2024-03-14,Standard,4715.27
1846,Elizabeth Lopez,elizabeth.lopez1846@gmail.com,Germany,2024-02-17,Basic,1489.82
1847,Robert Lee,robert.lee1847@gmail.com,India,2022-05-16,Standard,2578.44
1848,Arjun Zhang,arjun.zhang1848@company.org,Australia,2022-05-30,Standard,4162.1
1849,Mary Jones,mary.jones1849@example.com,India,2020-11-12,Basic,2848.74
1850,Charles Gonzalez,charles.gonzalez1850@company.org,France,2021-05-11,Premium,4001.12
1851,Karen Wang,karen.wang1851@techcorp.io,Brazil,2024-12-11,Standard,1382.45
1852,Wei Lee,wei.lee1852@outlook.com,United Kingdom,2023-09-08,Basic,4005.08
1853,Barbara Davis,barbara.davis1853@example.com,Australia,2021-04-17,Premium,1243.18
1854,Neha Singh,neha.singh1854@outlook.com,India,2023-12-12,Premium,2552.94
1855,Sofia Verma,sofia.verma1855@techcorp.io,Japan,2022-08-01,Standard,3942.21
1856,Linda Lee,linda.lee1856@yahoo.com,Brazil,2022-09-30,Standard,3386.82
1857,Priya Jones,priya.jones1857@company.org,Canada,2023-03-21,Standard,1603.53
1858,John Singh,john.singh1858@example.com,Brazil,2021-08-30,Premium,2496.29
1859,Carlos Miller,carlos.miller1859@yahoo.com,Japan,2020-03-04,Basic,647.9
1860,William Kim,william.kim1860@techcorp.io,Japan,2021-02-17,Basic,4353.82
1861,Wei Singh,wei.singh1861@gmail.com,Germany,2020-10-26,Basic,2598.74
1862,Thomas Patel,thomas.patel1862@example.com,Australia,2021-06-06,Standard,3499.8
1863,Linda Martinez,linda.martinez1863@gmail.com,Australia,2023-10-10,Premium,3063.35
1864,Patricia Johnson,patricia.johnson1864@gmail.com,Australia,2025-01-12,Standard,3172.62
1865,Neha Singh,neha.singh1865@outlook.com,Japan,2021-07-05,Premium,958.08
1866,Arjun Lee,arjun.lee1866@company.org,India,2021-09-15,Basic,2988.09
1867,Barbara Gonzalez,barbara.gonzalez1867@example.com,France,2023-08-05,Standard,924.78
1868,Neha Lee,neha.lee1868@outlook.com,India,2022-08-09,Standard,2491.8
1869,Mary Lee,mary.lee1869@company.org,Brazil,2024-10-13,Standard,1647.86
1870,David Garcia,david.garcia1870@yahoo.com,United States,2022-05-12,Standard,2619.72
1871,Charles Lopez,charles.lopez1871@outlook.com,India,2023-11-23,Standard,869.68
1872,Elizabeth Rodriguez,elizabeth.rodriguez1872@example.com,Japan,2022-07-05,Basic,1477.97
1873,Sofia Rodriguez,sofia.rodriguez1873@company.org,India,2022-08-06,Premium,1429.21
1874,Patricia Miller,patricia.miller1874@company.org,Brazil,2021-11-22,Basic,3012.04
1875,Mary Kim,mary.kim1875@company.org,United Kingdom,2020-01-28,Standard,4170.9
1876,James Verma,,Canada,2024-10-12,Premium,2251.88
1877,Robert Chen,robert.chen1877@outlook.com,India,2021-05-06,Standard,4449.95
1878,Jessica Rodriguez,jessica.rodriguez1878@gmail.com,Germany,2023-02-14,Premium,3360.14
1879,Barbara Williams,barbara.williams1879@techcorp.io,United Kingdom,2020-10-31,Standard,825.8
1880,David Rodriguez,david.rodriguez1880@example.com,Brazil,2020-10-30,Premium,3455.29
1881,Carlos Johnson,carlos.johnson1881@example.com,India,2023-07-24,Basic,4215.08
1882,Priya Gonzalez,priya.gonzalez1882@gmail.com,United States,2022-10-04,Basic,2952.4
1883,Mei Davis,mei.davis1883@techcorp.io,United Kingdom,2022-12-22,Standard,799.59
1884,Wei Garcia,wei.garcia1884@techcorp.io,Japan,2023-03-03,Basic,1032.94
1885,Carlos Williams,carlos.williams1885@company.org,United Kingdom,2020-01-14,Standard,382.94
1886,Sarah Lopez,sarah.lopez1886@yahoo.com,Germany,2020-06-07,Standard,3455.51
1887,Karen Patel,karen.patel1887@techcorp.io,United Kingdom,2023-11-29,Standard,2675.78
1888,Jennifer Martinez,jennifer.martinez1888@yahoo.com,Canada,2025-06-09,Standard,3993.89
1889,Richard Lopez,richard.lopez1889@outlook.com,Brazil,2025-05-24,Standard,527.84
1890,Patricia Martinez,patricia.martinez1890@example.com,Japan,2023-08-25,Basic,3328.97
1891,Patricia Garcia,patricia.garcia1891@example.com,Australia,2021-04-10,Standard,3499.99
1892,Amit Jones,amit.jones1892@example.com,Japan,2024-08-14,Premium,1212.56
1893,Elizabeth Rodriguez,elizabeth.rodriguez1893@company.org,United Kingdom,2024-08-02,Basic,2833.17
1894,David Rodriguez,david.rodriguez1894@techcorp.io,Australia,2024-08-11,Standard,4054.7
1895,Susan Patel,susan.patel1895@outlook.com,United States,2023-01-04,Standard,3654.52
1896,David Gonzalez,david.gonzalez1896@gmail.com,Canada,2025-01-07,Standard,1145.48
1897,Carlos Garcia,carlos.garcia1897@company.org,United Kingdom,2021-03-27,Premium,3073.22
1898,Robert Lopez,robert.lopez1898@company.org,United States,2020-03-27,Standard,496.75
1899,Amit Sharma,amit.sharma1899@outlook.com,Brazil,2020-09-16,Premium,293.62
1900,Michael Verma,michael.verma1900@company.org,United Kingdom,2021-10-05,Premium,2007.86
1901,Amit Davis,amit.davis1901@outlook.com,Germany,2024-03-11,Standard,2096.31
1902,Sarah Davis,sarah.davis1902@gmail.com,United States,2020-03-23,Premium,557.48
1903,Richard Wang,richard.wang1903@gmail.com,Germany,2023-03-05,Standard,170.01
1904,Rahul Davis,rahul.davis1904@gmail.com,Canada,2021-05-21,Standard,3293.62
1905,Robert Rodriguez,robert.rodriguez1905@gmail.com,India,2020-10-29,Premium,3624.46
1906,Arjun Singh,arjun.singh1906@gmail.com,United States,2021-09-13,Basic,3692.57
1907,Ananya Patel,ananya.patel1907@yahoo.com,Canada,2023-08-18,Standard,2586.16
1908,James Martinez,james.martinez1908@outlook.com,Japan,2022-04-10,Basic,1358.14
1909,Rahul Lee,rahul.lee1909@example.com,France,2023-04-07,Standard,510.66
1910,Susan Kim,susan.kim1910@outlook.com,Japan,2023-03-10,Premium,2689.36
1911,Linda Patel,linda.patel1911@gmail.com,Japan,2024-05-31,Standard,3825.37
1912,Amit Brown,amit.brown1912@example.com,United Kingdom,2020-04-11,Standard,3867.47
1913,Joseph Verma,joseph.verma1913@example.com,India,2023-06-26,Standard,761.67
1914,Rahul Williams,rahul.williams1914@gmail.com,Brazil,2021-11-24,Basic,4330.9
1915,Jessica Lee,jessica.lee1915@yahoo.com,India,2021-08-01,Standard,3101.62
1916,Jessica Zhang,jessica.zhang1916@techcorp.io,United Kingdom,2020-08-29,Standard,1297.52
1917,Elizabeth Sharma,elizabeth.sharma1917@yahoo.com,United States,2023-08-09,Premium,2848.3
1918,Susan Smith,susan.smith1918@outlook.com,United Kingdom,2025-06-24,Premium,2524.09
1919,Rahul Davis,rahul.davis1919@outlook.com,Japan,2025-06-01,Premium,2796.3
1920,Neha Williams,neha.williams1920@gmail.com,France,2020-11-13,Standard,680.05
1921,James Garcia,james.garcia1921@company.org,India,2021-11-11,Basic,2216.13
1922,Patricia Johnson,patricia.johnson1922@example.com,Japan,2021-11-30,Premium,4025.61
1923,Jessica Jones,jessica.jones1923@techcorp.io,Brazil,2024-09-08,Standard,95.83
1924,Patricia Singh,patricia.singh1924@outlook.com,Canada,2023-08-13,Premium,4453.25
1925,Charles Gonzalez,charles.gonzalez1925@yahoo.com,Germany,2023-04-03,Premium,3440.87
1926,Ananya Lopez,ananya.lopez1926@techcorp.io,Australia,2022-10-26,Standard,2341.26
1927,Sofia Sharma,sofia.sharma1927@techcorp.io,Germany,2021-11-03,Premium,3589.65
1928,Jessica Smith,jessica.smith1928@outlook.com,France,2022-01-04,Basic,2378.94
1929,James Martinez,james.martinez1929@techcorp.io,United Kingdom,2022-03-27,Premium,514.55
1930,Joseph Sharma,joseph.sharma1930@gmail.com,United States,2025-04-03,Premium,824.44
1931,Barbara Gonzalez,barbara.gonzalez1931@company.org,United Kingdom,2023-11-13,Premium,119.94
1932,Michael Rodriguez,michael.rodriguez1932@outlook.com,France,2023-06-06,Standard,3141.28
1933,Richard Rodriguez,richard.rodriguez1933@company.org,Brazil,2022-04-09,Basic,2983.56
1934,Patricia Miller,patricia.miller1934@outlook.com,Germany,2022-12-12,Premium,556.49
1935,Ananya Zhang,ananya.zhang1935@company.org,France,2023-09-14,Premium,3871.29
1936,Charles Lopez,charles.lopez1936@outlook.com,Japan,2022-05-07,Basic,63.22
1937,Linda Miller,linda.miller1937@gmail.com,Germany,2021-08-10,Basic,2403.55
1938,James Sharma,james.sharma1938@gmail.com,United States,2021-07-15,Premium,4045.81
1939,Susan Wang,susan.wang1939@outlook.com,Canada,2025-08-11,Basic,1241.83
1940,Richard Patel,richard.patel1940@example.com,Japan,2023-12-25,Standard,4201.31
1941,David Zhang,david.zhang1941@gmail.com,United Kingdom,2021-11-11,Premium,4176.34
1942,Amit Jones,amit.jones1942@example.com,Brazil,2024-12-13,Standard,3490.74
1943,William Brown,william.brown1943@company.org,France,2023-11-27,Basic,175.21
1944,Barbara Chen,barbara.chen1944@techcorp.io,Australia,2024-10-03,Basic,3104.02
1945,Carlos Miller,carlos.miller1945@example.com,Australia,2022-01-03,Premium,4977.42
1946,Michael Chen,michael.chen1946@outlook.com,Brazil,2022-03-09,Basic,2951.63
1947,David Brown,david.brown1947@outlook.com,Canada,2020-02-23,Premium,1401.49
1948,Rahul Rodriguez,rahul.rodriguez1948@techcorp.io,Japan,2024-06-19,Basic,4978.9
1949,Amit Rodriguez,amit.rodriguez1949@outlook.com,United States,2020-05-04,Premium,4641.5
1950,Karen Gonzalez,karen.gonzalez1950@example.com,Japan,2021-12-12,Standard,3762.18
1951,Rahul Kim,rahul.kim1951@gmail.com,United States,2024-02-22,Basic,3083.96
1952,Amit Jones,amit.jones1952@techcorp.io,Germany,2021-06-23,Basic,2126.88
1953,Mei Brown,mei.brown1953@gmail.com,Japan,2020-09-12,Standard,532.5
1954,Sarah Rodriguez,sarah.rodriguez1954@yahoo.com,United States,2023-09-24,Premium,4248.74
1955,David Garcia,david.garcia1955@company.org,Australia,2020-02-28,Premium,2045.71
1956,Wei Johnson,wei.johnson1956@gmail.com,United Kingdom,2025-08-16,Basic,3658.34
1957,John Garcia,john.garcia1957@example.com,United States,2023-02-02,Premium,1033.48
1958,Thomas Singh,thomas.singh1958@yahoo.com,United States,2023-06-28,Standard,2824.77
1959,Patricia Sharma,patricia.sharma1959@example.com,India,2025-03-11,Basic,625.5
1960,John Garcia,john.garcia1960@techcorp.io,India,2022-01-30,Standard,2976.19
1961,James Garcia,james.garcia1961@gmail.com,United Kingdom,2024-03-14,Standard,452.31
1962,Neha Davis,neha.davis1962@outlook.com,United Kingdom,2021-06-27,Standard,314.01
1963,Amit Martinez,amit.martinez1963@yahoo.com,Canada,2021-07-29,Premium,1611.93
1964,Linda Miller,linda.miller1964@outlook.com,United Kingdom,2021-12-26,Standard,1333.8
1965,Joseph Rodriguez,joseph.rodriguez1965@gmail.com,Japan,2023-12-25,Premium,1849.89
1966,Arjun Gonzalez,arjun.gonzalez1966@company.org,Japan,2021-11-29,Basic,4750.84
1967,Charles Patel,charles.patel1967@yahoo.com,Brazil,2022-05-12,Premium,2197.57
1968,Rahul Martinez,rahul.martinez1968@yahoo.com,Australia,2023-01-06,Basic,2590.7
1969,Michael Rodriguez,michael.rodriguez1969@yahoo.com,Japan,2022-12-04,Basic,4613.5
1970,Thomas Gonzalez,thomas.gonzalez1970@yahoo.com,Japan,2021-07-26,Standard,2954.76
1971,Barbara Lee,barbara.lee1971@example.com,United States,2023-08-13,Premium,567.83
1972,Barbara Smith,barbara.smith1972@yahoo.com,France,2025-05-01,Standard,1716.53
1973,Carlos Brown,carlos.brown1973@yahoo.com,Australia,2023-06-08,Basic,2360.86
1974,Jennifer Smith,jennifer.smith1974@example.com,Japan,2024-11-16,Premium,2026.7
1975,Wei Davis,wei.davis1975@outlook.com,Australia,2023-10-15,Standard,3408.85
1976,Elizabeth Johnson,elizabeth.johnson1976@yahoo.com,Brazil,2021-03-17,Standard,2158.18
1977,William Lee,william.lee1977@example.com,United States,2021-11-02,Premium,873.6
1978,Elizabeth Lopez,elizabeth.lopez1978@techcorp.io,Brazil,2022-03-23,Premium,3771.66
1979,Robert Sharma,robert.sharma1979@gmail.com,India,2023-06-20,Basic,4017.37
1980,Joseph Patel,joseph.patel1980@yahoo.com,Japan,2020-01-04,Premium,780.08
1981,Carlos Garcia,carlos.garcia1981@outlook.com,Canada,2020-11-25,Basic,1219.11
1982,Michael Singh,michael.singh1982@gmail.com,United Kingdom,2021-09-23,Premium,2798.97
1983,Arjun Verma,arjun.verma1983@gmail.com,Japan,2021-10-14,Standard,544.57
1984,Sarah Patel,sarah.patel1984@techcorp.io,United Kingdom,2025-04-18,Premium,1912.64
1985,Joseph Davis,joseph.davis1985@gmail.com,France,2021-06-10,Standard,3827.07
1986,Robert Patel,robert.patel1986@outlook.com,Canada,2024-10-05,Premium,1999.56
1987,John Verma,john.verma1987@example.com,United States,2022-06-27,Premium,931.89
1988,Linda Verma,linda.verma1988@outlook.com,Australia,2025-08-15,Basic,3072.3
1989,Arjun Patel,arjun.patel1989@gmail.com,United Kingdom,2021-07-19,Standard,980.45
1990,Michael Martinez,michael.martinez1990@example.com,India,2023-10-22,Standard,3287.52
1991,Susan Jones,susan.jones1991@outlook.com,Canada,2024-05-03,Premium,4115.31
1992,Mary Rodriguez,mary.rodriguez1992@example.com,Germany,2021-10-31,Standard,3427.58
1993,Wei Brown,wei.brown1993@example.com,India,2023-11-19,Premium,3676.72
1994,Rahul Patel,rahul.patel1994@gmail.com,Germany,2023-07-30,Basic,2894.68
1995,Richard Chen,richard.chen1995@gmail.com,Japan,2024-07-03,Standard,3868.23
1996,Elizabeth Singh,elizabeth.singh1996@outlook.com,India,2025-01-18,Premium,1895.49
1997,Jessica Sharma,jessica.sharma1997@company.org,Australia,2021-04-02,Basic,4904.64
1998,Sarah Patel,sarah.patel1998@techcorp.io,India,2021-09-07,Basic,1718.72
1999,Sofia Lee,sofia.lee1999@outlook.com,United Kingdom,2025-02-06,Standard,290.29
2000,Elizabeth Johnson,elizabeth.johnson2000@gmail.com,Japan,2025-02-28,Standard,297.86
2001,Karen Verma,karen.verma2001@outlook.com,France,2023-10-14,Premium,1515.92
2002,Wei Smith,wei.smith2002@company.org,Canada,2022-01-02,Standard,1816.58
2003,James Chen,james.chen2003@outlook.com,Canada,2020-05-25,Premium,602.83
2004,Neha Johnson,neha.johnson2004@company.org,France,2022-10-15,Basic,466.03
2005,Patricia Jones,patricia.jones2005@techcorp.io,Germany,2025-07-14,Standard,4468.95
2006,Barbara Chen,barbara.chen2006@techcorp.io,United Kingdom,2025-02-20,Basic,428.85
2007,Barbara Johnson,barbara.johnson2007@yahoo.com,India,2024-04-13,Premium,4902.32
2008,John Sharma,john.sharma2008@techcorp.io,Canada,2024-09-26,Standard,160.8
2009,Neha Rodriguez,neha.rodriguez2009@techcorp.io,India,2024-11-10,Basic,3978.54
2010,Charles Rodriguez,charles.rodriguez2010@outlook.com,Brazil,2022-09-25,Premium,4004.82
2011,Barbara Lee,barbara.lee2011@example.com,United Kingdom,2024-11-24,Standard,3747.01
2012,Arjun Garcia,arjun.garcia2012@outlook.com,Brazil,2020-07-06,Premium,2023.42
2013,Jennifer Martinez,jennifer.martinez2013@outlook.com,United States,2024-07-25,Basic,142.66
2014,Susan Jones,susan.jones2014@outlook.com,Canada,2025-03-09,Premium,3961.78
2015,Rahul Sharma,rahul.sharma2015@gmail.com,United Kingdom,2022-07-09,Basic,3559.59
2016,Linda Williams,linda.williams2016@company.org,Canada,2025-03-01,Premium,2132.79
2017,Karen Sharma,karen.sharma2017@company.org,France,2025-05-02,Premium,112.21
2018,David Sharma,david.sharma2018@outlook.com,Japan,2021-09-13,Standard,4279.06
2019,Jessica Miller,jessica.miller2019@company.org,Germany,2024-05-16,Standard,2044.54
2020,Priya Lee,priya.lee2020@gmail.com,Japan,2023-11-15,Basic,1077.38
2021,Thomas Verma,thomas.verma2021@outlook.com,Canada,2023-07-15,Standard,3388.78
2022,James Jones,james.jones2022@company.org,Germany,2023-12-11,Premium,2186.08
2023,Arjun Smith,arjun.smith2023@outlook.com,Brazil,2025-07-03,Basic,1907.66
2024,Sarah Jones,sarah.jones2024@example.com,India,2021-02-01,Standard,1130.61
2025,Patricia Lee,patricia.lee2025@outlook.com,Germany,2021-10-13,Premium,4895.54
2026,Sarah Singh,sarah.singh2026@outlook.com,United Kingdom,2024-09-08,Premium,1430.45
2027,Arjun Verma,arjun.verma2027@techcorp.io,India,2023-07-25,Premium,2701.35
2028,Richard Davis,richard.davis2028@example.com,Japan,2025-03-15,Standard,4139.39
2029,Joseph Garcia,joseph.garcia2029@yahoo.com,France,2023-03-27,Basic,2686.7
2030,David Chen,david.chen2030@techcorp.io,Germany,2021-02-06,Standard,2921.78
2031,Susan Singh,susan.singh2031@example.com,United Kingdom,2020-04-28,Premium,1159.75
2032,Karen Lopez,karen.lopez2032@company.org,India,2024-08-01,Basic,1658.85
2033,Linda Garcia,linda.garcia2033@company.org,Japan,2021-01-07,Standard,162.46
2034,Karen Gonzalez,karen.gonzalez2034@example.com,Brazil,2022-03-01,Basic,2315.96
2035,Neha Davis,neha.davis2035@yahoo.com,Japan,2022-03-29,Standard,706.62
2036,John Smith,john.smith2036@yahoo.com,Japan,2025-02-23,Basic,3434.17
2037,Joseph Davis,joseph.davis2037@yahoo.com,Japan,2025-08-10,Premium,600.23
2038,Karen Sharma,karen.sharma2038@yahoo.com,United Kingdom,2025-03-08,Premium,4814.25
2039,James Johnson,james.johnson2039@techcorp.io,France,2025-04-09,Standard,398.31
2040,Susan Rodriguez,susan.rodriguez2040@techcorp.io,Brazil,2021-05-10,Premium,3894.15
2041,Rahul Kim,rahul.kim2041@techcorp.io,United States,2024-12-01,Standard,4147.38
2042,Mary Martinez,mary.martinez2042@example.com,United States,2024-01-28,Standard,3597.29
2043,Thomas Gonzalez,thomas.gonzalez2043@techcorp.io,Japan,2024-10-21,Basic,562.93
2044,Mei Rodriguez,mei.rodriguez2044@company.org,India,2021-11-23,Standard,2093.82
2045,David Jones,david.jones2045@yahoo.com,Japan,2022-05-10,Standard,530.77
2046,Rahul Williams,rahul.williams2046@example.com,Japan,2022-09-29,Standard,1745.09
2047,Amit Chen,amit.chen2047@outlook.com,Japan,2022-11-22,Premium,1412.73
2048,Mary Jones,mary.jones2048@yahoo.com,Brazil,2023-03-27,Basic,1144.06
2049,Barbara Lee,barbara.lee2049@outlook.com,Canada,2023-06-10,Premium,833.6
2050,Rahul Martinez,rahul.martinez2050@example.com,Japan,2023-04-22,Basic,3731.48
2051,Amit Jones,amit.jones2051@yahoo.com,Canada,2024-04-22,Standard,3201.97
2052,James Miller,james.miller2052@company.org,Canada,2021-08-30,Premium,109.73
2053,Barbara Zhang,barbara.zhang2053@techcorp.io,Brazil,2024-07-20,Standard,3111.38
2054,Jennifer Verma,jennifer.verma2054@techcorp.io,Germany,2025-08-14,Standard,2640.52
2055,Richard Wang,richard.wang2055@techcorp.io,Germany,2025-05-28,Basic,2445.79
2056,Richard Smith,richard.smith2056@techcorp.io,India,2023-11-03,Basic,1581.08
2057,Linda Jones,linda.jones2057@outlook.com,India,2022-03-17,Standard,2519.01
2058,Charles Gonzalez,charles.gonzalez2058@gmail.com,Brazil,2022-07-24,Premium,1052.52
2059,Priya Johnson,priya.johnson2059@example.com,India,2023-09-11,Premium,382.63
2060,Sarah Kim,sarah.kim2060@techcorp.io,Brazil,2020-11-21,Basic,2260.83
2061,Thomas Davis,thomas.davis2061@yahoo.com,Canada,2022-01-18,Premium,4684.85
2062,Mei Davis,mei.davis2062@yahoo.com,Japan,2021-12-27,Basic,4897.92
2063,William Kim,william.kim2063@outlook.com,India,2022-02-17,Premium,4161.93
2064,John Jones,john.jones2064@company.org,Canada,2020-09-06,Basic,1176.55
2065,Charles Lee,charles.lee2065@example.com,Japan,2021-02-06,Premium,4414.12
2066,Mary Sharma,mary.sharma2066@techcorp.io,India,2022-03-15,Standard,626.21
2067,John Wang,john.wang2067@yahoo.com,India,2022-05-30,Premium,2461.79
2068,Charles Smith,charles.smith2068@company.org,France,2021-04-01,Premium,4438.26
2069,Arjun Gonzalez,arjun.gonzalez2069@yahoo.com,Japan,2020-01-03,Standard,3785.07
2070,Karen Rodriguez,karen.rodriguez2070@example.com,Germany,2023-09-08,Premium,2442.23
2071,Elizabeth Gonzalez,elizabeth.gonzalez2071@outlook.com,Canada,2022-10-16,Standard,1412.68
2072,Sarah Zhang,sarah.zhang2072@outlook.com,Japan,2021-04-01,Basic,2463.52
2073,David Zhang,david.zhang2073@example.com,Japan,2021-10-30,Basic,374.52
2074,Susan Martinez,susan.martinez2074@gmail.com,Japan,2023-11-03,Premium,3450.45
2075,Wei Garcia,wei.garcia2075@yahoo.com,India,2022-08-07,Basic,1570.64
2076,Elizabeth Sharma,elizabeth.sharma2076@company.org,Japan,2021-02-25,Premium,1535.3
2077,Karen Miller,karen.miller2077@company.org,Germany,2023-08-19,Basic,999.93
2078,Richard Garcia,richard.garcia2078@yahoo.com,Germany,2023-08-26,Premium,4906.71
2079,Rahul Lopez,rahul.lopez2079@example.com,Canada,2022-07-25,Standard,2386.31
2080,Mei Martinez,mei.martinez2080@outlook.com,Germany,2023-06-08,Standard,3647.21
2081,Wei Sharma,wei.sharma2081@example.com,Canada,2024-10-08,Premium,1998.03
2082,Susan Smith,susan.smith2082@example.com,United States,2024-08-01,Standard,3246.67
2083,Robert Chen,robert.chen2083@outlook.com,United States,2022-04-08,Basic,3327.17
2084,William Martinez,william.martinez2084@outlook.com,United States,2023-08-11,Standard,3965.05
2085,David Kim,david.kim2085@company.org,United Kingdom,2022-05-30,Premium,2539.57
2086,Mei Rodriguez,mei.rodriguez2086@gmail.com,India,2022-09-22,Basic,1661.14
2087,Jessica Lee,jessica.lee2087@example.com,United States,2024-05-16,Premium,4800.67
2088,Amit Wang,amit.wang2088@yahoo.com,Canada,2024-03-16,Basic,552.13
2089,Rahul Sharma,rahul.sharma2089@outlook.com,Brazil,2024-02-22,Standard,4621.85
2090,Patricia Wang,patricia.wang2090@yahoo.com,India,2023-08-22,Premium,2098.2
2091,Robert Jones,robert.jones2091@company.org,Canada,2022-03-30,Premium,485.63
2092,Linda Sharma,linda.sharma2092@company.org,Brazil,2022-12-03,Premium,2678.59
2093,Elizabeth Smith,elizabeth.smith2093@yahoo.com,India,2023-07-09,Standard,4530.26
2094,Joseph Miller,joseph.miller2094@yahoo.com,Australia,2025-04-02,Basic,2330.98
2095,David Miller,david.miller2095@techcorp.io,Canada,2022-11-11,Premium,3750.87
2096,James Jones,james.jones2096@gmail.com,France,2024-10-16,Standard,4040.02
2097,Ananya Johnson,ananya.johnson2097@company.org,United States,2024-03-09,Basic,2850.29
2098,Mary Zhang,mary.zhang2098@outlook.com,Brazil,2025-07-08,Standard,2895.34
2099,Rahul Williams,rahul.williams2099@techcorp.io,India,2021-01-12,Premium,3913.91
2100,Sarah Garcia,sarah.garcia2100@company.org,India,2025-04-02,Premium,3268.36
2101,Michael Williams,michael.williams2101@techcorp.io,France,2023-02-08,Standard,2283.88
2102,Carlos Jones,carlos.jones2102@techcorp.io,Australia,2020-10-26,Basic,3256.81
2103,David Chen,david.chen2103@company.org,France,2020-03-28,Standard,2894.95
2104,James Lopez,james.lopez2104@example.com,United States,2020-02-04,Basic,1645.8
2105,Robert Rodriguez,robert.rodriguez2105@yahoo.com,Australia,2025-02-17,Premium,3343.74
2106,Arjun Lee,arjun.lee2106@outlook.com,Germany,2022-02-12,Basic,1070.41
2107,Jennifer Brown,jennifer.brown2107@gmail.com,Brazil,2020-06-10,Basic,2723.38
2108,John Sharma,john.sharma2108@outlook.com,United Kingdom,2022-05-05,Basic,1549.5
2109,Susan Rodriguez,susan.rodriguez2109@yahoo.com,United Kingdom,2023-12-26,Basic,729.7
2110,Carlos Chen,carlos.chen2110@gmail.com,France,2020-04-14,Standard,4344.29
2111,Mei Miller,mei.miller2111@example.com,United States,2025-01-04,Standard,2025.93
2112,Michael Patel,michael.patel2112@company.org,India,2021-01-15,Basic,2558.18
2113,Charles Zhang,charles.zhang2113@gmail.com,Germany,2022-05-08,Basic,4706.44
2114,Neha Lopez,neha.lopez2114@outlook.com,Australia,2024-08-27,Basic,1091.12
2115,John Zhang,john.zhang2115@outlook.com,Japan,2022-11-11,Premium,604.36
2116,Joseph Smith,joseph.smith2116@gmail.com,France,2024-09-16,Standard,4809.77
2117,Patricia Verma,patricia.verma2117@outlook.com,Canada,2020-09-24,Standard,4732.41
2118,Rahul Martinez,rahul.martinez2118@yahoo.com,India,2024-05-15,Standard,128.46
2119,William Gonzalez,william.gonzalez2119@outlook.com,United States,2021-07-30,Basic,927.92
2120,James Jones,james.jones2120@company.org,Germany,2021-07-28,Premium,2375.57
2121,Mary Johnson,mary.johnson2121@company.org,United Kingdom,2023-04-15,Standard,3106.9
2122,Wei Garcia,wei.garcia2122@example.com,Germany,2021-12-16,Premium,4828.24
2123,Neha Garcia,neha.garcia2123@outlook.com,India,2021-10-27,Basic,2512.9
2124,Elizabeth Patel,elizabeth.patel2124@techcorp.io,Australia,2022-12-22,Premium,1639.31
2125,Ananya Smith,ananya.smith2125@outlook.com,United States,2025-04-11,Basic,3688.01
2126,Robert Singh,robert.singh2126@gmail.com,Brazil,2024-03-24,Premium,3626.49
2127,Jennifer Garcia,jennifer.garcia2127@gmail.com,United States,2023-11-29,Basic,506.01
2128,John Brown,john.brown2128@example.com,Japan,2024-08-27,Premium,2230.06
2129,Mei Lopez,mei.lopez2129@techcorp.io,United States,2023-06-29,Standard,2373.96
2130,Carlos Rodriguez,carlos.rodriguez2130@yahoo.com,Australia,2024-02-06,Premium,3358.74
2131,Patricia Wang,patricia.wang2131@example.com,United Kingdom,2021-05-30,Basic,2597.93
2132,Ananya Jones,ananya.jones2132@yahoo.com,India,2021-01-23,Premium,2049.0
2133,Carlos Lopez,carlos.lopez2133@gmail.com,United Kingdom,2022-07-15,Standard,963.9
2134,Priya Martinez,priya.martinez2134@outlook.com,Japan,2022-12-28,Basic,1673.32
2135,Barbara Jones,barbara.jones2135@company.org,United States,2024-04-26,Premium,287.69
2136,Michael Garcia,michael.garcia2136@gmail.com,Germany,2020-05-19,Basic,851.33
2137,David Smith,david.smith2137@company.org,Japan,2025-06-04,Standard,979.35
2138,Mei Lee,mei.lee2138@example.com,Japan,2022-05-29,Standard,3125.5
2139,Sarah Chen,sarah.chen2139@gmail.com,Canada,2023-10-13,Standard,4983.59
2140,Jennifer Rodriguez,jennifer.rodriguez2140@outlook.com,Japan,2025-02-12,Premium,527.69
2141,Mei Sharma,mei.sharma2141@company.org,Canada,2020-09-15,Standard,2161.25
2142,James Kim,james.kim2142@yahoo.com,India,2022-07-19,Standard,4158.89
2143,Patricia Kim,patricia.kim2143@techcorp.io,Canada,2021-06-01,Standard,1569.8
2144,Susan Kim,susan.kim2144@gmail.com,Brazil,2022-01-17,Standard,4109.13
2145,Carlos Zhang,carlos.zhang2145@yahoo.com,Germany,2022-06-27,Basic,1033.45
2146,Neha Verma,neha.verma2146@company.org,Germany,2020-07-11,Premium,1845.15
2147,Linda Zhang,linda.zhang2147@yahoo.com,Australia,2021-10-12,Basic,3417.96
2148,Rahul Gonzalez,rahul.gonzalez2148@company.org,United Kingdom,2021-09-14,Premium,4713.85
2149,Karen Singh,karen.singh2149@yahoo.com,Canada,2020-07-19,Standard,1517.66
2150,Carlos Zhang,carlos.zhang2150@example.com,Japan,2025-03-31,Standard,723.79
2151,Elizabeth Smith,elizabeth.smith2151@gmail.com,Canada,2023-06-30,Basic,4619.11
2152,Karen Lopez,karen.lopez2152@gmail.com,United States,2024-08-07,Basic,761.77
2153,Wei Garcia,wei.garcia2153@yahoo.com,France,2021-10-15,Premium,2124.1
2154,Charles Miller,charles.miller2154@yahoo.com,Australia,2020-10-15,Basic,4818.62
2155,William Jones,william.jones2155@example.com,India,2021-09-13,Basic,2244.74
2156,Priya Rodriguez,priya.rodriguez2156@outlook.com,United States,2021-04-25,Premium,1590.24
2157,Patricia Gonzalez,patricia.gonzalez2157@company.org,Japan,2022-08-09,Premium,2219.45
2158,Wei Brown,wei.brown2158@company.org,Japan,2021-09-21,Basic,4407.12
2159,Arjun Sharma,arjun.sharma2159@outlook.com,United States,2024-04-11,Standard,608.55
2160,Joseph Singh,joseph.singh2160@company.org,Germany,2025-06-18,Standard,1161.94
2161,Patricia Williams,patricia.williams2161@techcorp.io,Australia,2022-09-15,Premium,2497.93
2162,Amit Singh,amit.singh2162@example.com,United States,2021-03-06,Standard,4219.51
2163,Neha Rodriguez,neha.rodriguez2163@outlook.com,Brazil,2023-09-08,Standard,3351.54
2164,William Verma,william.verma2164@gmail.com,United States,2021-02-18,Premium,4039.66
2165,Linda Lee,linda.lee2165@example.com,United Kingdom,2024-11-11,Premium,1365.48
2166,Arjun Wang,arjun.wang2166@company.org,France,2024-04-16,Basic,3028.23
2167,Charles Gonzalez,charles.gonzalez2167@gmail.com,India,2021-04-26,Basic,1835.47
2168,Priya Lopez,priya.lopez2168@example.com,France,2020-06-12,Standard,3253.09
2169,Joseph Chen,joseph.chen2169@company.org,Brazil,2020-06-01,Standard,4075.15
2170,Rahul Singh,rahul.singh2170@techcorp.io,United States,2022-06-03,Premium,944.65
2171,Rahul Sharma,rahul.sharma2171@gmail.com,Canada,2024-08-15,Basic,3658.83
2172,Mei Rodriguez,mei.rodriguez2172@outlook.com,Australia,2023-12-14,Basic,1419.33
2173,Ananya Johnson,ananya.johnson2173@outlook.com,Japan,2022-12-13,Basic,1086.44
2174,Arjun Kim,arjun.kim2174@techcorp.io,Australia,2024-07-01,Standard,3915.79
2175,Jennifer Wang,jennifer.wang2175@gmail.com,Australia,2023-12-11,Premium,2714.26
2176,Ananya Davis,ananya.davis2176@outlook.com,Canada,2021-02-18,Premium,497.64
2177,Richard Sharma,richard.sharma2177@company.org,Japan,2022-02-01,Standard,1050.64
2178,Mei Wang,mei.wang2178@outlook.com,Australia,2024-11-28,Standard,3786.12
2179,Jennifer Sharma,jennifer.sharma2179@gmail.com,India,2022-02-16,Premium,1587.11
2180,Thomas Gonzalez,thomas.gonzalez2180@company.org,Canada,2021-12-29,Standard,3111.43
2181,John Miller,john.miller2181@gmail.com,India,2024-07-15,Standard,771.54
2182,David Kim,david.kim2182@outlook.com,France,2021-06-28,Standard,562.95
2183,Neha Martinez,neha.martinez2183@company.org,India,2023-08-19,Basic,2240.55
2184,Mary Davis,mary.davis2184@company.org,Germany,2023-01-26,Basic,2497.74
2185,Wei Davis,wei.davis2185@yahoo.com,United Kingdom,2024-12-08,Premium,4067.05
2186,Robert Smith,,United Kingdom,2020-03-26,Premium,2442.2
2187,Joseph Singh,joseph.singh2187@company.org,Brazil,2022-02-26,Standard,970.99
2188,Thomas Lee,thomas.lee2188@example.com,France,2022-12-07,Premium,3994.15
2189,Barbara Rodriguez,barbara.rodriguez2189@example.com,Australia,2024-02-02,Basic,1634.77
2190,Barbara Williams,barbara.williams2190@techcorp.io,Germany,2023-08-10,Premium,1272.13
2191,Sarah Lee,sarah.lee2191@yahoo.com,India,2025-05-02,Premium,1601.75
2192,Ananya Lopez,ananya.lopez2192@yahoo.com,Australia,2022-07-06,Standard,1382.21
2193,Wei Johnson,wei.johnson2193@example.com,Japan,2025-07-29,Premium,2209.11
2194,Jennifer Smith,jennifer.smith2194@company.org,Japan,2020-08-23,Standard,2409.3
2195,Amit Jones,amit.jones2195@gmail.com,Australia,2020-09-24,Premium,1416.65
2196,William Smith,william.smith2196@techcorp.io,Japan,2024-10-30,Premium,3833.61
2197,Robert Patel,robert.patel2197@yahoo.com,Japan,2023-06-23,Premium,3501.17
2198,Elizabeth Sharma,elizabeth.sharma2198@yahoo.com,Brazil,2024-07-25,Basic,3843.19
2199,Priya Lee,priya.lee2199@outlook.com,United States,2020-08-04,Premium,3784.61
2200,Charles Brown,charles.brown2200@gmail.com,India,2024-08-21,Premium,847.98
2201,Michael Davis,michael.davis2201@company.org,Germany,2022-01-12,Basic,3264.56
2202,Jessica Brown,jessica.brown2202@outlook.com,India,2021-01-20,Standard,2891.31
2203,Priya Patel,priya.patel2203@example.com,France,2025-04-27,Basic,4243.96
2204,Jennifer Brown,jennifer.brown2204@outlook.com,Australia,2021-12-27,Premium,2180.29
2205,William Wang,william.wang2205@gmail.com,Germany,2022-12-03,Standard,1043.01
2206,Barbara Gonzalez,barbara.gonzalez2206@techcorp.io,India,2023-10-23,Standard,3771.49
2207,Thomas Rodriguez,thomas.rodriguez2207@gmail.com,United States,2020-08-30,Premium,1897.08
2208,Jennifer Smith,jennifer.smith2208@company.org,United States,2020-01-20,Standard,1954.53
2209,James Lee,james.lee2209@company.org,Australia,2020-10-11,Basic,982.99
2210,Karen Wang,karen.wang2210@yahoo.com,Brazil,2022-06-13,Standard,529.98
2211,Priya Jones,priya.jones2211@company.org,Australia,2021-12-25,Standard,3546.52
2212,Carlos Garcia,carlos.garcia2212@company.org,Germany,2024-12-28,Basic,3129.31
2213,Sofia Kim,sofia.kim2213@gmail.com,Canada,2023-04-08,Basic,1777.82
2214,Jennifer Lee,jennifer.lee2214@company.org,Germany,2021-02-12,Standard,1006.14
2215,Robert Lopez,robert.lopez2215@outlook.com,Japan,2024-05-11,Standard,4722.85
2216,Priya Kim,priya.kim2216@gmail.com,Australia,2022-10-05,Standard,749.84
2217,Wei Wang,wei.wang2217@yahoo.com,France,2020-06-19,Standard,340.19
2218,Sofia Wang,sofia.wang2218@techcorp.io,India,2021-01-07,Premium,3291.28
2219,Sofia Zhang,sofia.zhang2219@company.org,Brazil,2024-06-02,Premium,3233.83
2220,Elizabeth Sharma,elizabeth.sharma2220@yahoo.com,Japan,2022-03-22,Standard,4724.02
2221,Susan Patel,susan.patel2221@example.com,France,2020-12-03,Standard,167.98
2222,Patricia Sharma,patricia.sharma2222@company.org,Japan,2024-05-11,Standard,2513.19
2223,Ananya Martinez,ananya.martinez2223@techcorp.io,United States,2020-06-19,Basic,4736.56
2224,Elizabeth Lee,elizabeth.lee2224@techcorp.io,Brazil,2021-12-11,Premium,1602.59
2225,Mary Kim,mary.kim2225@gmail.com,United States,2023-05-25,Standard,981.78
2226,Sarah Johnson,sarah.johnson2226@techcorp.io,France,2021-12-31,Premium,1885.58
2227,Amit Johnson,amit.johnson2227@yahoo.com,India,2025-02-15,Basic,4467.16
2228,Amit Sharma,amit.sharma2228@gmail.com,United Kingdom,2025-07-21,Basic,2877.17
2229,Karen Smith,karen.smith2229@gmail.com,France,2022-04-23,Premium,625.84
2230,Elizabeth Smith,elizabeth.smith2230@yahoo.com,Australia,2021-12-26,Standard,4141.53
2231,Barbara Patel,barbara.patel2231@gmail.com,Germany,2021-08-03,Premium,1268.56
2232,Priya Rodriguez,priya.rodriguez2232@example.com,Canada,2022-04-19,Premium,3696.34
2233,William Singh,william.singh2233@techcorp.io,United States,2024-08-30,Standard,1916.8
2234,Wei Miller,wei.miller2234@example.com,Canada,2020-02-12,Premium,3477.99
2235,Mary Chen,mary.chen2235@yahoo.com,United Kingdom,2020-10-15,Premium,616.18
2236,Jennifer Wang,jennifer.wang2236@gmail.com,Germany,2023-09-02,Basic,4720.34
2237,William Patel,william.patel2237@outlook.com,Brazil,2023-03-19,Standard,4284.77
2238,William Brown,william.brown2238@gmail.com,France,2022-04-07,Basic,2796.01
2239,Jessica Miller,jessica.miller2239@yahoo.com,Brazil,2020-05-26,Standard,2420.16
2240,Patricia Davis,patricia.davis2240@gmail.com,France,2022-01-25,Basic,3824.58
2241,Ananya Williams,ananya.williams2241@yahoo.com,France,2024-02-28,Standard,3704.81
2242,Joseph Lopez,joseph.lopez2242@gmail.com,Brazil,2022-02-13,Basic,3638.31
2243,Mary Lee,mary.lee2243@gmail.com,Germany,2023-10-30,Standard,4613.11
2244,Barbara Chen,barbara.chen2244@yahoo.com,United States,2024-05-21,Standard,807.83
2245,Elizabeth Zhang,elizabeth.zhang2245@gmail.com,United Kingdom,2022-01-23,Premium,1011.98
2246,Priya Chen,priya.chen2246@gmail.com,Japan,2020-10-11,Basic,3028.22
2247,Elizabeth Kim,elizabeth.kim2247@yahoo.com,Germany,2023-07-24,Basic,601.26
2248,John Singh,john.singh2248@company.org,Brazil,2020-03-12,Premium,3616.39
2249,Neha Sharma,neha.sharma2249@outlook.com,United States,2021-08-10,Basic,3437.37
2250,James Patel,james.patel2250@gmail.com,United States,2024-05-06,Premium,642.23
2251,Linda Gonzalez,linda.gonzalez2251@gmail.com,Brazil,2020-10-29,Basic,3261.87
2252,Sofia Wang,sofia.wang2252@company.org,France,2023-03-02,Premium,3099.44
2253,Joseph Davis,joseph.davis2253@techcorp.io,Japan,2022-10-21,Standard,4901.65
2254,Rahul Chen,rahul.chen2254@example.com,Germany,2025-02-03,Premium,4403.25
2255,Linda Jones,linda.jones2255@outlook.com,Germany,2024-05-10,Standard,4415.59
2256,Barbara Smith,barbara.smith2256@example.com,Canada,2021-08-12,Basic,2326.66
2257,Amit Kim,amit.kim2257@yahoo.com,France,2021-05-27,Premium,1797.06
2258,Richard Singh,richard.singh2258@example.com,Japan,2025-01-26,Standard,4764.25
2259,Joseph Verma,joseph.verma2259@outlook.com,Australia,2024-06-21,Basic,3630.37
2260,Michael Davis,michael.davis2260@yahoo.com,United Kingdom,2022-03-08,Premium,3313.66
2261,Karen Verma,karen.verma2261@example.com,Brazil,2024-07-30,Standard,3237.8
2262,Michael Patel,michael.patel2262@yahoo.com,Japan,2021-03-21,Premium,3278.58
2263,Elizabeth Lopez,elizabeth.lopez2263@example.com,United States,2022-03-27,Basic,1721.53
2264,Carlos Garcia,carlos.garcia2264@techcorp.io,France,2024-11-03,Basic,4718.84
2265,James Miller,james.miller2265@example.com,Germany,2023-01-24,Premium,3419.12
2266,Arjun Jones,arjun.jones2266@techcorp.io,France,2022-03-21,Basic,2085.88
2267,Joseph Davis,joseph.davis2267@techcorp.io,Germany,2025-06-16,Standard,3071.27
2268,Arjun Lopez,arjun.lopez2268@company.org,United States,2021-02-01,Basic,474.46
2269,James Johnson,james.johnson2269@outlook.com,India,2023-07-07,Standard,1054.88
2270,Robert Miller,robert.miller2270@outlook.com,India,2024-01-26,Premium,4550.77
2271,Charles Chen,charles.chen2271@example.com,Australia,2021-12-18,Standard,1551.04
2272,Ananya Kim,ananya.kim2272@yahoo.com,Germany,2021-10-30,Standard,636.28
2273,Sofia Lopez,sofia.lopez2273@example.com,Germany,2025-04-07,Premium,4917.35
2274,Amit Davis,amit.davis2274@gmail.com,Germany,2024-12-27,Basic,3790.58
2275,Robert Patel,robert.patel2275@example.com,France,2025-05-07,Basic,3847.33
2276,Charles Verma,charles.verma2276@example.com,Germany,2025-01-06,Basic,4852.97
2277,Priya Lee,priya.lee2277@outlook.com,Australia,2020-12-14,Standard,391.01
2278,Robert Lopez,robert.lopez2278@outlook.com,France,2021-09-04,Basic,4964.84
2279,Ananya Miller,ananya.miller2279@techcorp.io,Australia,2023-04-12,Premium,3974.27
2280,Ananya Williams,ananya.williams2280@outlook.com,Japan,2020-03-06,Premium,4460.69
2281,Susan Garcia,susan.garcia2281@outlook.com,Canada,2022-02-25,Premium,1437.22
2282,Thomas Smith,thomas.smith2282@example.com,Australia,2021-11-14,Basic,3264.56
2283,Amit Martinez,amit.martinez2283@outlook.com,Japan,2024-11-08,Standard,250.26
2284,Neha Chen,neha.chen2284@techcorp.io,India,2023-09-25,Premium,205.3
2285,Mei Lopez,mei.lopez2285@gmail.com,United States,2023-05-24,Standard,1038.23
2286,Jessica Patel,jessica.patel2286@example.com,United States,2023-01-12,Premium,1906.95
2287,Barbara Zhang,barbara.zhang2287@example.com,France,2023-11-02,Basic,4717.39
2288,Neha Rodriguez,neha.rodriguez2288@company.org,United Kingdom,2025-06-25,Standard,1370.03
2289,Sofia Chen,sofia.chen2289@techcorp.io,India,2023-07-29,Premium,4484.3
2290,James Jones,james.jones2290@gmail.com,United Kingdom,2020-10-31,Basic,1898.27
2291,Robert Lee,robert.lee2291@yahoo.com,India,2020-11-04,Basic,3629.38
2292,Neha Sharma,neha.sharma2292@company.org,India,2021-10-01,Premium,3149.33
2293,Mei Chen,mei.chen2293@techcorp.io,Australia,2021-03-09,Premium,653.79
2294,Amit Jones,amit.jones2294@yahoo.com,India,2022-01-30,Basic,3605.36
2295,John Smith,john.smith2295@example.com,United Kingdom,2022-05-11,Basic,3599.05
2296,Richard Sharma,richard.sharma2296@techcorp.io,Brazil,2022-02-28,Standard,4096.88
2297,Amit Wang,amit.wang2297@company.org,Germany,2025-04-05,Standard,3671.25
2298,Charles Johnson,charles.johnson2298@example.com,Germany,2020-01-26,Basic,920.46
2299,Michael Rodriguez,michael.rodriguez2299@yahoo.com,Brazil,2022-02-14,Premium,663.85
2300,Arjun Williams,arjun.williams2300@yahoo.com,Germany,2023-08-09,Basic,854.0
2301,Rahul Lee,rahul.lee2301@outlook.com,France,2023-03-15,Basic,2161.29
2302,Wei Verma,wei.verma2302@techcorp.io,United Kingdom,2020-01-29,Premium,4458.25
2303,Priya Rodriguez,priya.rodriguez2303@outlook.com,Germany,2020-09-21,Basic,360.78
2304,Barbara Johnson,barbara.johnson2304@company.org,France,2020-11-23,Premium,3833.95
2305,Amit Chen,amit.chen2305@gmail.com,India,2023-07-28,Premium,3868.36
2306,Sofia Verma,sofia.verma2306@techcorp.io,India,2022-12-10,Premium,4206.64
2307,Joseph Verma,joseph.verma2307@techcorp.io,Japan,2024-02-26,Standard,1536.22
2308,Jessica Sharma,jessica.sharma2308@company.org,United Kingdom,2022-07-23,Premium,894.24
2309,Amit Verma,amit.verma2309@example.com,Japan,2025-03-05,Standard,4621.06
2310,Mei Patel,mei.patel2310@example.com,Japan,2025-01-26,Basic,753.31
2311,Arjun Patel,arjun.patel2311@example.com,United States,2021-07-25,Standard,1938.21
2312,Mei Gonzalez,mei.gonzalez2312@yahoo.com,France,2024-02-06,Basic,2200.19
2313,Wei Garcia,wei.garcia2313@yahoo.com,Germany,2022-06-07,Basic,131.13
2314,Jessica Jones,jessica.jones2314@outlook.com,Australia,2022-03-21,Basic,2511.75
2315,Jennifer Martinez,jennifer.martinez2315@company.org,Canada,2022-07-21,Basic,2458.35
2316,Neha Wang,neha.wang2316@example.com,France,2021-10-16,Standard,4847.04
2317,Mary Verma,mary.verma2317@gmail.com,India,2023-08-17,Premium,2409.67
2318,Elizabeth Jones,elizabeth.jones2318@yahoo.com,Brazil,2025-07-17,Basic,2110.91
2319,James Martinez,james.martinez2319@techcorp.io,Germany,2023-10-18,Premium,1587.53
2320,Karen Singh,karen.singh2320@company.org,India,2021-06-14,Premium,1445.39
2321,Neha Verma,neha.verma2321@techcorp.io,Germany,2024-02-22,Premium,4853.63
2322,John Smith,,Australia,2024-09-04,Basic,1086.81
2323,David Davis,david.davis2323@outlook.com,Japan,2023-02-23,Premium,1736.75
2324,Ananya Sharma,ananya.sharma2324@techcorp.io,United Kingdom,2021-06-04,Standard,3918.9
2325,Charles Davis,charles.davis2325@techcorp.io,United Kingdom,2022-10-17,Standard,2838.33
2326,Carlos Smith,carlos.smith2326@outlook.com,Brazil,2021-01-26,Standard,3763.45
2327,Karen Sharma,karen.sharma2327@gmail.com,Brazil,2025-07-03,Standard,3032.87
2328,Carlos Rodriguez,carlos.rodriguez2328@gmail.com,Japan,2024-05-14,Basic,3966.84
2329,William Jones,william.jones2329@outlook.com,United States,2025-04-24,Basic,1155.5
2330,James Sharma,james.sharma2330@outlook.com,Japan,2021-08-21,Standard,4785.5
2331,Jessica Sharma,jessica.sharma2331@company.org,Brazil,2022-03-30,Premium,981.57
2332,Sofia Lopez,sofia.lopez2332@company.org,India,2023-04-25,Premium,349.79
2333,Carlos Miller,carlos.miller2333@company.org,Brazil,2023-03-02,Basic,3964.01
2334,Susan Smith,susan.smith2334@outlook.com,Canada,2022-04-16,Basic,1515.71
2335,James Gonzalez,james.gonzalez2335@techcorp.io,France,2020-11-18,Standard,2351.45
2336,Sofia Jones,sofia.jones2336@example.com,France,2021-10-04,Premium,2248.49
2337,David Brown,david.brown2337@outlook.com,Japan,2023-02-04,Basic,3546.17
2338,Joseph Martinez,joseph.martinez2338@yahoo.com,Germany,2023-08-15,Basic,663.38
2339,Mei Sharma,mei.sharma2339@company.org,Japan,2024-02-19,Basic,1610.58
2340,Neha Patel,neha.patel2340@company.org,United States,2024-11-13,Premium,1653.23
2341,Jennifer Sharma,jennifer.sharma2341@company.org,United States,2023-03-04,Standard,2849.8
2342,Charles Johnson,charles.johnson2342@company.org,United States,2021-06-24,Standard,366.2
2343,John Jones,john.jones2343@yahoo.com,India,2021-10-31,Premium,1213.32
2344,Arjun Verma,arjun.verma2344@outlook.com,Australia,2020-11-28,Standard,1750.69
2345,John Wang,john.wang2345@example.com,Brazil,2020-09-11,Premium,2110.95
2346,Ananya Patel,ananya.patel2346@techcorp.io,Germany,2021-01-01,Basic,2270.07
2347,Patricia Rodriguez,patricia.rodriguez2347@yahoo.com,United Kingdom,2020-08-19,Premium,3433.43
2348,James Johnson,james.johnson2348@techcorp.io,United Kingdom,2025-05-14,Basic,258.77
2349,Arjun Davis,arjun.davis2349@yahoo.com,Germany,2025-08-12,Standard,1648.6
2350,Arjun Gonzalez,arjun.gonzalez2350@techcorp.io,France,2020-03-19,Premium,3839.41
2351,Jessica Smith,jessica.smith2351@techcorp.io,France,2020-10-05,Basic,1040.62
2352,Mary Miller,mary.miller2352@yahoo.com,Japan,2020-01-30,Standard,3524.03
2353,Charles Verma,charles.verma2353@company.org,Germany,2024-06-14,Basic,803.67
2354,James Gonzalez,james.gonzalez2354@techcorp.io,Canada,2022-12-24,Premium,1902.79
2355,Richard Garcia,richard.garcia2355@yahoo.com,Canada,2023-10-02,Basic,1668.94
2356,William Patel,william.patel2356@gmail.com,Canada,2025-01-23,Basic,2255.44
2357,Rahul Zhang,rahul.zhang2357@example.com,United Kingdom,2022-01-27,Basic,256.22
2358,Ananya Brown,ananya.brown2358@techcorp.io,United Kingdom,2022-03-30,Premium,3691.73
2359,Elizabeth Miller,elizabeth.miller2359@company.org,Canada,2024-01-18,Standard,319.12
2360,Rahul Davis,rahul.davis2360@company.org,Canada,2022-06-07,Premium,167.87
2361,James Miller,james.miller2361@yahoo.com,Australia,2022-04-25,Standard,4736.64
2362,Richard Sharma,richard.sharma2362@example.com,France,2021-11-07,Standard,2426.87
2363,Karen Martinez,karen.martinez2363@techcorp.io,United Kingdom,2020-11-14,Premium,580.94
2364,James Smith,james.smith2364@company.org,United States,2020-02-15,Standard,4654.29
2365,Elizabeth Chen,elizabeth.chen2365@example.com,Germany,2021-02-02,Basic,1871.85
2366,Rahul Miller,rahul.miller2366@example.com,Australia,2020-11-07,Standard,2116.56
2367,James Martinez,james.martinez2367@gmail.com,India,2023-05-22,Basic,1350.49
2368,Sofia Miller,sofia.miller2368@gmail.com,United States,2025-05-05,Basic,121.0
2369,John Davis,john.davis2369@example.com,Brazil,2023-01-23,Standard,161.67
2370,Charles Wang,charles.wang2370@gmail.com,Germany,2022-06-01,Basic,2017.82
2371,Richard Smith,richard.smith2371@gmail.com,Japan,2024-11-06,Standard,2091.5
2372,James Lee,james.lee2372@gmail.com,India,2023-02-24,Premium,1443.76
2373,Jessica Miller,jessica.miller2373@outlook.com,United States,2023-01-18,Basic,1212.35
2374,Joseph Smith,joseph.smith2374@techcorp.io,United States,2024-11-18,Premium,4763.12
2375,Jessica Davis,jessica.davis2375@techcorp.io,United States,2023-03-19,Standard,487.66
2376,Barbara Chen,barbara.chen2376@example.com,Brazil,2021-11-02,Standard,3310.08
2377,Barbara Kim,barbara.kim2377@company.org,Germany,2023-08-06,Premium,3214.61
2378,Susan Garcia,susan.garcia2378@company.org,France,2024-03-04,Standard,4918.39
2379,Arjun Martinez,arjun.martinez2379@yahoo.com,Japan,2024-07-28,Standard,4808.86
2380,John Lopez,john.lopez2380@outlook.com,Germany,2023-09-25,Standard,3245.05
2381,Joseph Kim,joseph.kim2381@techcorp.io,Germany,2020-06-24,Standard,2556.45
2382,Mei Gonzalez,mei.gonzalez2382@yahoo.com,Australia,2021-10-15,Premium,740.63
2383,Wei Miller,wei.miller2383@techcorp.io,France,2020-11-30,Standard,4409.58
2384,Thomas Kim,thomas.kim2384@gmail.com,Brazil,2021-03-01,Premium,70.0
2385,Sofia Kim,sofia.kim2385@techcorp.io,Germany,2022-07-17,Premium,3563.28
2386,David Wang,david.wang2386@gmail.com,Australia,2024-03-09,Premium,4687.79
2387,Thomas Patel,thomas.patel2387@yahoo.com,Australia,2024-07-29,Premium,3770.25
2388,Patricia Davis,patricia.davis2388@techcorp.io,Japan,2021-09-29,Premium,4481.41
2389,Michael Smith,michael.smith2389@company.org,India,2025-07-21,Basic,4583.43
2390,Amit Martinez,amit.martinez2390@yahoo.com,France,2023-05-25,Basic,2732.74
2391,Patricia Miller,patricia.miller2391@gmail.com,United States,2020-05-07,Standard,649.32
2392,Jennifer Williams,jennifer.williams2392@gmail.com,Canada,2025-01-27,Basic,2138.49
2393,Barbara Patel,barbara.patel2393@gmail.com,Canada,2023-11-06,Standard,1905.83
2394,Elizabeth Singh,elizabeth.singh2394@company.org,Japan,2020-06-20,Premium,2482.1
2395,Mary Wang,mary.wang2395@outlook.com,Australia,2020-05-07,Standard,3518.13
2396,Mei Patel,mei.patel2396@company.org,India,2024-09-27,Premium,2956.27
2397,Carlos Verma,carlos.verma2397@techcorp.io,Japan,2020-04-21,Standard,241.42
2398,Jessica Williams,jessica.williams2398@example.com,Canada,2021-01-12,Basic,1264.68
2399,Wei Gonzalez,wei.gonzalez2399@gmail.com,Japan,2024-04-04,Premium,1720.04
2400,Karen Wang,karen.wang2400@gmail.com,Australia,2023-06-22,Premium,3896.96
2401,Mei Chen,mei.chen2401@yahoo.com,France,2021-01-23,Basic,3434.93
2402,Charles Smith,charles.smith2402@company.org,Japan,2020-10-10,Premium,947.1
2403,William Lee,william.lee2403@example.com,Brazil,2020-07-18,Standard,2949.02
2404,Amit Zhang,amit.zhang2404@example.com,Germany,2025-01-24,Standard,4275.1
2405,Mary Martinez,mary.martinez2405@company.org,Australia,2024-10-13,Basic,3449.7
2406,Wei Williams,wei.williams2406@yahoo.com,Japan,2025-06-14,Basic,78.18
2407,Arjun Gonzalez,arjun.gonzalez2407@yahoo.com,France,2020-06-28,Standard,954.26
2408,David Lee,david.lee2408@example.com,United Kingdom,2024-12-26,Premium,4742.8
2409,Patricia Brown,patricia.brown2409@yahoo.com,Germany,2021-06-24,Premium,4895.04
2410,Karen Lee,karen.lee2410@gmail.com,Japan,2025-07-25,Standard,3981.97
2411,Susan Smith,susan.smith2411@techcorp.io,Brazil,2024-02-17,Premium,2740.25
2412,Susan Wang,susan.wang2412@gmail.com,Canada,2024-11-22,Premium,3525.14
2413,John Williams,john.williams2413@gmail.com,Canada,2024-01-04,Standard,2036.57
2414,Sofia Davis,sofia.davis2414@yahoo.com,India,2020-04-08,Basic,477.57
2415,Jennifer Miller,jennifer.miller2415@example.com,Brazil,2024-03-09,Premium,1351.88
2416,John Garcia,john.garcia2416@company.org,France,2021-04-19,Premium,246.79
2417,Michael Jones,michael.jones2417@outlook.com,Germany,2024-05-19,Basic,1890.7
2418,Thomas Smith,thomas.smith2418@gmail.com,Brazil,2022-12-25,Premium,2676.07
2419,Elizabeth Jones,elizabeth.jones2419@outlook.com,United Kingdom,2025-05-21,Basic,983.9
2420,Jessica Wang,jessica.wang2420@example.com,United Kingdom,2021-02-09,Basic,1969.89
2421,Rahul Gonzalez,rahul.gonzalez2421@company.org,India,2021-08-21,Premium,678.43
2422,Thomas Jones,thomas.jones2422@gmail.com,Japan,2020-10-24,Premium,865.43
2423,Rahul Singh,rahul.singh2423@techcorp.io,Australia,2022-07-12,Standard,2061.64
2424,Arjun Singh,arjun.singh2424@gmail.com,Australia,2024-06-04,Basic,1003.4
2425,Neha Verma,neha.verma2425@example.com,Japan,2022-07-09,Premium,4542.16
2426,Jessica Lopez,jessica.lopez2426@company.org,France,2021-10-06,Basic,3014.95
2427,Elizabeth Wang,elizabeth.wang2427@gmail.com,France,2020-05-06,Standard,378.35
2428,John Jones,john.jones2428@techcorp.io,United States,2024-02-22,Standard,1996.67
2429,Joseph Gonzalez,joseph.gonzalez2429@outlook.com,Canada,2023-09-01,Standard,4284.13
2430,Jessica Zhang,jessica.zhang2430@example.com,France,2021-07-16,Standard,1718.52
2431,Amit Wang,amit.wang2431@outlook.com,Brazil,2020-09-14,Standard,3164.15
2432,Sofia Rodriguez,sofia.rodriguez2432@outlook.com,Brazil,2022-07-22,Standard,4637.76
2433,David Davis,david.davis2433@company.org,United Kingdom,2023-11-28,Standard,999.64
2434,David Zhang,david.zhang2434@techcorp.io,France,2023-02-14,Standard,3008.91
2435,Priya Miller,priya.miller2435@company.org,Germany,2023-04-23,Basic,3451.16
2436,Barbara Kim,barbara.kim2436@company.org,Australia,2022-04-17,Standard,2929.66
2437,Jennifer Brown,jennifer.brown2437@techcorp.io,Canada,2022-10-08,Basic,3010.75
2438,Rahul Sharma,rahul.sharma2438@yahoo.com,Japan,2024-03-15,Basic,1988.57
2439,Amit Rodriguez,amit.rodriguez2439@company.org,Japan,2023-10-30,Basic,1310.89
2440,John Rodriguez,john.rodriguez2440@gmail.com,France,2024-05-29,Basic,379.4
2441,Ananya Rodriguez,ananya.rodriguez2441@example.com,Japan,2023-02-08,Premium,2858.9
2442,Michael Rodriguez,michael.rodriguez2442@gmail.com,France,2025-06-28,Premium,584.99
2443,Susan Patel,susan.patel2443@outlook.com,India,2021-07-26,Basic,658.44
2444,Arjun Johnson,arjun.johnson2444@gmail.com,India,2023-02-10,Basic,2765.03
2445,William Jones,william.jones2445@gmail.com,France,2022-04-19,Basic,4461.99
2446,Charles Johnson,charles.johnson2446@gmail.com,India,2023-10-14,Premium,3611.88
2447,Elizabeth Singh,elizabeth.singh2447@yahoo.com,United Kingdom,2022-06-21,Premium,3038.12
2448,Arjun Rodriguez,arjun.rodriguez2448@company.org,Australia,2022-08-26,Basic,163.62
2449,Charles Sharma,charles.sharma2449@yahoo.com,Germany,2024-04-18,Basic,2731.47
2450,James Garcia,james.garcia2450@gmail.com,Canada,2025-06-14,Basic,523.63
2451,Mei Singh,mei.singh2451@yahoo.com,United Kingdom,2025-02-25,Premium,869.93
2452,Jennifer Davis,jennifer.davis2452@outlook.com,India,2020-01-13,Basic,3372.25
2453,Susan Lee,susan.lee2453@company.org,France,2025-01-01,Basic,1199.29
2454,Mei Williams,mei.williams2454@example.com,Japan,2024-12-17,Basic,3708.86
2455,Richard Lopez,richard.lopez2455@example.com,United States,2023-01-17,Basic,4414.94
2456,Jessica Singh,jessica.singh2456@company.org,Australia,2023-08-12,Basic,2520.21
2457,Karen Patel,karen.patel2457@example.com,United Kingdom,2024-03-07,Basic,3532.11
2458,Karen Patel,karen.patel2458@yahoo.com,France,2022-04-28,Basic,1605.35
2459,Richard Rodriguez,richard.rodriguez2459@yahoo.com,Canada,2022-08-03,Standard,3022.16
2460,Jessica Smith,jessica.smith2460@techcorp.io,United Kingdom,2020-09-21,Standard,3579.69
2461,James Patel,james.patel2461@company.org,Australia,2024-01-12,Standard,151.45
2462,Susan Chen,susan.chen2462@example.com,India,2024-11-26,Standard,1773.74
2463,William Verma,william.verma2463@outlook.com,Japan,2021-10-09,Basic,1134.73
2464,Charles Gonzalez,charles.gonzalez2464@company.org,Brazil,2022-03-12,Basic,4896.85
2465,Barbara Johnson,barbara.johnson2465@yahoo.com,India,2021-10-12,Basic,3096.48
2466,Sarah Johnson,sarah.johnson2466@outlook.com,India,2022-11-11,Standard,787.7
2467,Robert Singh,robert.singh2467@outlook.com,Germany,2022-07-27,Standard,1592.41
2468,Thomas Williams,thomas.williams2468@yahoo.com,India,2020-08-01,Premium,3290.38
2469,Ananya Garcia,ananya.garcia2469@outlook.com,Brazil,2025-04-10,Standard,4479.86
2470,Linda Smith,linda.smith2470@yahoo.com,India,2020-10-02,Basic,1381.77
2471,Ananya Garcia,ananya.garcia2471@company.org,India,2025-03-09,Premium,3816.26
2472,Neha Garcia,neha.garcia2472@yahoo.com,Brazil,2022-02-04,Basic,3945.2
2473,David Garcia,david.garcia2473@outlook.com,Brazil,2020-03-25,Premium,2547.32
2474,Mary Patel,mary.patel2474@yahoo.com,Germany,2020-07-17,Standard,821.75
2475,Robert Davis,robert.davis2475@company.org,Australia,2023-02-17,Standard,1266.66
2476,Jennifer Brown,jennifer.brown2476@techcorp.io,United Kingdom,2021-10-25,Premium,3049.75
2477,Mary Williams,mary.williams2477@example.com,Germany,2020-01-03,Standard,2330.82
2478,Ananya Wang,ananya.wang2478@techcorp.io,France,2024-07-12,Premium,2359.77
2479,Rahul Zhang,rahul.zhang2479@outlook.com,France,2022-10-26,Premium,4687.51
2480,Jennifer Zhang,jennifer.zhang2480@example.com,Germany,2020-05-29,Basic,413.41
2481,Barbara Martinez,barbara.martinez2481@gmail.com,France,2024-04-16,Standard,1532.61
2482,James Sharma,james.sharma2482@example.com,United Kingdom,2020-03-06,Basic,2205.91
2483,Rahul Jones,rahul.jones2483@example.com,Germany,2023-05-21,Standard,1260.23
2484,James Davis,james.davis2484@example.com,Canada,2025-06-16,Standard,2358.43
2485,Joseph Verma,joseph.verma2485@yahoo.com,Japan,2021-06-18,Standard,4800.11
2486,Linda Jones,linda.jones2486@techcorp.io,India,2023-04-25,Standard,312.94
2487,Joseph Patel,joseph.patel2487@techcorp.io,France,2020-11-15,Premium,1505.06
2488,Wei Zhang,wei.zhang2488@company.org,Japan,2020-06-14,Standard,385.39
2489,David Miller,david.miller2489@outlook.com,Brazil,2021-11-10,Basic,4960.89
2490,Robert Kim,robert.kim2490@outlook.com,United States,2020-04-11,Premium,1132.53
2491,Thomas Verma,thomas.verma2491@gmail.com,Japan,2024-07-10,Standard,4002.63
2492,Joseph Verma,joseph.verma2492@company.org,Australia,2023-03-13,Standard,302.04
2493,Thomas Lee,thomas.lee2493@gmail.com,Japan,2025-06-19,Standard,3830.02
2494,Mary Kim,mary.kim2494@techcorp.io,Brazil,2020-10-02,Basic,4668.09
2495,Richard Sharma,richard.sharma2495@techcorp.io,Japan,2022-12-30,Basic,753.95
2496,Sofia Miller,sofia.miller2496@gmail.com,France,2023-02-03,Standard,1140.18
2497,Mary Martinez,mary.martinez2497@gmail.com,Germany,2022-03-07,Standard,2868.01
2498,Susan Jones,susan.jones2498@example.com,Brazil,2022-11-11,Basic,52.81
2499,John Garcia,john.garcia2499@gmail.com,Canada,2025-05-30,Basic,1134.52
2500,Sofia Garcia,sofia.garcia2500@techcorp.io,Japan,2021-04-12,Basic,3363.61
2501,Ananya Sharma,ananya.sharma2501@company.org,Australia,2025-04-04,Standard,2906.37
2502,Sarah Sharma,sarah.sharma2502@techcorp.io,Australia,2021-09-29,Premium,3425.69
2503,Amit Lee,amit.lee2503@company.org,Canada,2022-10-01,Basic,4083.91
2504,Susan Wang,susan.wang2504@outlook.com,Australia,2023-05-16,Standard,4865.17
2505,Richard Johnson,richard.johnson2505@company.org,Canada,2022-11-21,Basic,4129.14
2506,Sarah Davis,sarah.davis2506@yahoo.com,United Kingdom,2025-03-16,Basic,4633.96
2507,Amit Kim,amit.kim2507@company.org,Australia,2024-08-17,Premium,2029.26
2508,Charles Sharma,charles.sharma2508@outlook.com,India,2022-09-20,Basic,3134.14
2509,Sofia Williams,sofia.williams2509@outlook.com,United States,2024-11-19,Standard,4084.55
2510,Robert Singh,robert.singh2510@example.com,United States,2023-09-29,Standard,635.22
2511,Linda Wang,linda.wang2511@example.com,France,2022-05-26,Standard,2179.02
2512,Linda Martinez,linda.martinez2512@yahoo.com,Germany,2023-10-08,Basic,3010.01
2513,Charles Patel,charles.patel2513@gmail.com,India,2020-12-02,Basic,3991.16
2514,James Jones,james.jones2514@company.org,France,2025-07-10,Basic,4675.15
2515,Ananya Gonzalez,ananya.gonzalez2515@yahoo.com,United States,2020-01-09,Standard,928.99
2516,Robert Martinez,robert.martinez2516@outlook.com,Australia,2020-12-24,Basic,867.85
2517,Elizabeth Sharma,elizabeth.sharma2517@gmail.com,United States,2020-12-03,Basic,3091.1
2518,Wei Miller,wei.miller2518@yahoo.com,France,2025-07-01,Basic,1373.28
2519,Elizabeth Lopez,elizabeth.lopez2519@company.org,India,2023-03-11,Basic,371.47
2520,Karen Rodriguez,karen.rodriguez2520@yahoo.com,Brazil,2021-01-28,Standard,3052.09
2521,Amit Martinez,amit.martinez2521@gmail.com,France,2023-10-19,Premium,855.89
2522,Jessica Chen,jessica.chen2522@outlook.com,Brazil,2023-06-09,Standard,3284.77
2523,Wei Patel,wei.patel2523@example.com,United Kingdom,2023-06-20,Premium,1666.72
2524,Linda Chen,linda.chen2524@yahoo.com,Germany,2020-05-30,Basic,340.8
2525,Carlos Brown,carlos.brown2525@yahoo.com,India,2025-01-12,Basic,789.17
2526,John Martinez,john.martinez2526@outlook.com,Australia,2022-09-06,Premium,2433.9
2527,Susan Brown,susan.brown2527@techcorp.io,Brazil,2023-05-24,Premium,1088.37
2528,Jessica Gonzalez,jessica.gonzalez2528@gmail.com,Australia,2021-10-03,Standard,997.87
2529,John Johnson,,Canada,2024-05-14,Basic,4071.97
2530,Joseph Patel,joseph.patel2530@techcorp.io,Australia,2025-01-15,Basic,4088.12
2531,Neha Singh,neha.singh2531@techcorp.io,Australia,2022-01-23,Basic,4352.41
2532,Jennifer Rodriguez,jennifer.rodriguez2532@example.com,India,2025-06-17,Standard,783.43
2533,Carlos Jones,carlos.jones2533@yahoo.com,Brazil,2025-07-21,Standard,4541.17
2534,Neha Garcia,neha.garcia2534@example.com,United States,2020-02-07,Premium,1835.6
2535,David Lopez,david.lopez2535@outlook.com,Australia,2020-01-12,Basic,2439.85
2536,Wei Zhang,wei.zhang2536@yahoo.com,United Kingdom,2021-08-28,Standard,3417.76
2537,Mei Zhang,mei.zhang2537@outlook.com,Brazil,2024-05-19,Premium,4968.47
2538,Karen Lopez,karen.lopez2538@yahoo.com,France,2020-06-10,Standard,4822.51
2539,Charles Kim,charles.kim2539@outlook.com,Brazil,2025-02-12,Basic,1458.2
2540,James Singh,james.singh2540@company.org,India,2025-04-27,Standard,4648.79
2541,Sofia Lopez,sofia.lopez2541@company.org,United Kingdom,2023-07-14,Premium,1153.35
2542,William Martinez,william.martinez2542@techcorp.io,United States,2022-07-28,Premium,4526.68
2543,William Patel,william.patel2543@outlook.com,United States,2022-07-27,Basic,1147.91
2544,Wei Chen,wei.chen2544@yahoo.com,France,2020-01-10,Standard,286.43
2545,John Rodriguez,john.rodriguez2545@company.org,Brazil,2024-09-03,Basic,2533.67
2546,Neha Gonzalez,neha.gonzalez2546@outlook.com,United States,2025-07-27,Premium,1106.4
2547,Priya Kim,priya.kim2547@outlook.com,India,2022-08-19,Standard,2825.74
2548,David Garcia,david.garcia2548@company.org,United Kingdom,2020-02-28,Premium,2176.03
2549,David Gonzalez,david.gonzalez2549@yahoo.com,Japan,2020-03-25,Basic,692.89
2550,Neha Rodriguez,neha.rodriguez2550@yahoo.com,Canada,2022-11-19,Standard,851.21
2551,Susan Miller,susan.miller2551@techcorp.io,Germany,2024-01-20,Basic,3837.21
2552,Elizabeth Martinez,elizabeth.martinez2552@company.org,Brazil,2020-10-07,Basic,4914.93
2553,Mei Brown,mei.brown2553@gmail.com,United Kingdom,2020-09-27,Standard,4827.46
2554,Patricia Chen,patricia.chen2554@outlook.com,India,2025-08-11,Premium,2353.22
2555,Patricia Wang,patricia.wang2555@techcorp.io,Canada,2020-12-07,Standard,3955.55
2556,Barbara Garcia,barbara.garcia2556@example.com,United Kingdom,2022-10-22,Premium,140.23
2557,Sofia Lopez,sofia.lopez2557@gmail.com,India,2021-10-26,Basic,1743.4
2558,Thomas Kim,thomas.kim2558@yahoo.com,Japan,2023-12-10,Basic,1733.89
2559,Richard Singh,richard.singh2559@gmail.com,Brazil,2024-07-06,Basic,879.24
2560,Karen Gonzalez,karen.gonzalez2560@example.com,India,2022-07-17,Premium,4672.29
2561,Arjun Wang,arjun.wang2561@company.org,Japan,2024-05-05,Standard,3230.51
2562,Michael Johnson,michael.johnson2562@gmail.com,Japan,2022-02-09,Basic,2876.15
2563,James Verma,james.verma2563@techcorp.io,Australia,2024-08-29,Premium,4195.72
2564,David Chen,david.chen2564@gmail.com,Germany,2021-01-28,Premium,2626.55
2565,Arjun Brown,arjun.brown2565@company.org,Germany,2025-04-23,Standard,2790.25
2566,Sarah Sharma,sarah.sharma2566@gmail.com,United States,2023-07-22,Basic,1594.69
2567,Wei Singh,wei.singh2567@outlook.com,United States,2021-03-12,Basic,4698.29
2568,Priya Jones,priya.jones2568@techcorp.io,Canada,2024-04-03,Basic,1439.31
2569,Mei Singh,mei.singh2569@gmail.com,Brazil,2024-01-30,Basic,2516.52
2570,Neha Martinez,neha.martinez2570@example.com,United States,2020-04-17,Standard,1672.38
2571,Amit Williams,amit.williams2571@yahoo.com,Brazil,2021-02-14,Standard,611.2
2572,William Sharma,william.sharma2572@outlook.com,India,2022-01-18,Premium,1100.94
2573,Ananya Williams,ananya.williams2573@yahoo.com,United States,2023-02-06,Standard,4215.26
2574,Sarah Kim,sarah.kim2574@gmail.com,Brazil,2023-05-02,Premium,3306.6
2575,Patricia Patel,patricia.patel2575@gmail.com,Canada,2024-09-17,Basic,3306.59
2576,William Johnson,william.johnson2576@yahoo.com,India,2021-01-21,Premium,69.85
2577,Carlos Wang,carlos.wang2577@gmail.com,Japan,2024-01-19,Standard,2732.72
2578,William Garcia,william.garcia2578@company.org,Brazil,2022-10-11,Basic,1703.61
2579,Jennifer Gonzalez,jennifer.gonzalez2579@company.org,India,2020-03-09,Standard,1131.17
2580,Amit Jones,amit.jones2580@yahoo.com,Brazil,2022-09-04,Standard,76.17
2581,Thomas Rodriguez,thomas.rodriguez2581@company.org,United Kingdom,2025-07-10,Premium,1227.66
2582,Susan Miller,susan.miller2582@company.org,France,2022-02-27,Premium,1498.9
2583,Robert Patel,robert.patel2583@company.org,France,2023-03-24,Standard,1282.7
2584,Mei Brown,mei.brown2584@techcorp.io,France,2022-11-10,Premium,3046.02
2585,James Brown,james.brown2585@example.com,United Kingdom,2022-11-02,Premium,684.55
2586,Jennifer Gonzalez,jennifer.gonzalez2586@company.org,India,2022-10-16,Basic,3569.79
2587,Linda Davis,linda.davis2587@techcorp.io,United States,2020-10-22,Premium,2003.86
2588,Michael Rodriguez,michael.rodriguez2588@gmail.com,United States,2022-05-10,Premium,598.33
2589,Amit Smith,amit.smith2589@example.com,India,2023-10-30,Basic,2263.02
2590,Robert Gonzalez,robert.gonzalez2590@gmail.com,Australia,2023-08-24,Standard,1924.69
2591,Thomas Rodriguez,thomas.rodriguez2591@example.com,United Kingdom,2021-08-20,Basic,1976.59
2592,Michael Davis,michael.davis2592@example.com,Japan,2023-01-26,Standard,292.22
2593,James Singh,james.singh2593@example.com,Germany,2020-09-08,Basic,3754.21
2594,Thomas Martinez,thomas.martinez2594@yahoo.com,France,2021-03-28,Standard,746.45
2595,William Garcia,william.garcia2595@example.com,United States,2025-04-22,Premium,373.21
2596,Joseph Verma,joseph.verma2596@outlook.com,United Kingdom,2025-01-14,Basic,3457.73
2597,William Wang,william.wang2597@example.com,Canada,2021-10-19,Standard,1141.8
2598,Carlos Jones,carlos.jones2598@gmail.com,United Kingdom,2025-06-13,Standard,1133.42
2599,Sarah Zhang,sarah.zhang2599@techcorp.io,Germany,2021-03-25,Standard,3620.15
2600,Thomas Rodriguez,thomas.rodriguez2600@techcorp.io,India,2023-01-18,Premium,2606.58
2601,Elizabeth Patel,elizabeth.patel2601@gmail.com,India,2021-03-14,Basic,4498.94
2602,William Davis,william.davis2602@techcorp.io,Brazil,2022-01-19,Premium,2510.33
2603,Thomas Smith,thomas.smith2603@yahoo.com,United States,2023-09-02,Premium,3859.95
2604,Susan Lee,susan.lee2604@outlook.com,United States,2025-05-24,Basic,977.49
2605,Neha Martinez,neha.martinez2605@techcorp.io,France,2022-10-25,Premium,4032.74
2606,Charles Miller,charles.miller2606@techcorp.io,France,2024-01-01,Basic,1930.61
2607,Karen Miller,karen.miller2607@yahoo.com,Australia,2020-07-06,Standard,1816.56
2608,Arjun Davis,arjun.davis2608@company.org,Australia,2025-07-12,Basic,2182.57
2609,Sarah Smith,sarah.smith2609@techcorp.io,India,2021-02-26,Premium,4484.83
2610,Linda Singh,linda.singh2610@gmail.com,United Kingdom,2025-03-28,Standard,2698.15
2611,Neha Williams,neha.williams2611@gmail.com,Brazil,2024-12-12,Premium,721.82
2612,Neha Miller,neha.miller2612@yahoo.com,Australia,2021-01-31,Basic,1319.46
2613,Sofia Lee,sofia.lee2613@example.com,India,2023-02-22,Premium,2963.7
2614,Joseph Miller,joseph.miller2614@gmail.com,Australia,2022-08-27,Premium,637.96
2615,Ananya Rodriguez,ananya.rodriguez2615@company.org,Brazil,2022-09-14,Basic,2406.26
2616,William Kim,william.kim2616@yahoo.com,United States,2025-06-28,Basic,3988.83
2617,Carlos Sharma,carlos.sharma2617@gmail.com,India,2022-07-28,Premium,1424.47
2618,Susan Verma,susan.verma2618@outlook.com,Japan,2021-11-03,Basic,3707.56
2619,Rahul Lee,rahul.lee2619@gmail.com,Canada,2022-02-27,Basic,4120.45
2620,Linda Johnson,linda.johnson2620@techcorp.io,Germany,2022-03-13,Basic,1028.34
2621,Elizabeth Chen,elizabeth.chen2621@gmail.com,Japan,2022-07-13,Premium,715.85
2622,Patricia Miller,patricia.miller2622@outlook.com,Canada,2024-11-03,Basic,3455.19
2623,Wei Garcia,wei.garcia2623@example.com,France,2020-02-01,Basic,1903.95
2624,Sarah Garcia,sarah.garcia2624@techcorp.io,France,2021-03-20,Basic,3833.87
2625,Michael Williams,michael.williams2625@yahoo.com,France,2021-03-20,Standard,1184.82
2626,Wei Garcia,wei.garcia2626@outlook.com,Brazil,2023-09-13,Standard,829.12
2627,Karen Kim,karen.kim2627@techcorp.io,United Kingdom,2025-01-13,Standard,902.07
2628,Wei Chen,wei.chen2628@outlook.com,Australia,2022-12-01,Premium,1110.03
2629,Neha Smith,neha.smith2629@yahoo.com,France,2023-04-25,Standard,3874.16
2630,Joseph Williams,joseph.williams2630@company.org,India,2021-06-03,Basic,1187.2
2631,Amit Kim,amit.kim2631@gmail.com,Brazil,2025-05-17,Standard,4551.2
2632,Charles Jones,charles.jones2632@gmail.com,Brazil,2022-01-06,Premium,4385.21
2633,Ananya Jones,ananya.jones2633@yahoo.com,United States,2020-10-30,Basic,2718.06
2634,John Sharma,john.sharma2634@company.org,Brazil,2021-01-18,Standard,1342.64
2635,Sarah Jones,sarah.jones2635@yahoo.com,United States,2024-10-17,Standard,4258.71
2636,Michael Jones,michael.jones2636@yahoo.com,India,2021-08-28,Premium,2239.62
2637,Susan Gonzalez,susan.gonzalez2637@company.org,India,2023-08-11,Standard,864.94
2638,William Sharma,william.sharma2638@gmail.com,United States,2020-02-17,Basic,3887.76
2639,Amit Smith,amit.smith2639@techcorp.io,United States,2020-12-08,Standard,866.37
2640,Neha Gonzalez,neha.gonzalez2640@company.org,India,2020-12-04,Premium,992.59
2641,Ananya Brown,ananya.brown2641@example.com,Brazil,2024-03-01,Basic,3947.96
2642,Neha Lopez,neha.lopez2642@gmail.com,Germany,2023-12-18,Standard,1926.27
2643,Patricia Zhang,patricia.zhang2643@techcorp.io,Canada,2023-04-11,Standard,838.41
2644,Sarah Jones,sarah.jones2644@company.org,Brazil,2025-05-06,Standard,2481.14
2645,Sofia Williams,sofia.williams2645@yahoo.com,Germany,2023-03-29,Premium,3127.19
2646,Mary Sharma,mary.sharma2646@example.com,Japan,2020-06-14,Premium,2201.72
2647,James Johnson,james.johnson2647@company.org,United States,2020-01-12,Premium,1343.36
2648,Linda Patel,linda.patel2648@outlook.com,Australia,2020-12-29,Standard,3633.3
2649,William Zhang,william.zhang2649@yahoo.com,France,2024-03-27,Premium,658.56
2650,Susan Jones,susan.jones2650@outlook.com,Brazil,2022-07-22,Standard,1879.35
2651,Mary Verma,mary.verma2651@outlook.com,Germany,2024-03-17,Premium,257.27
2652,Amit Johnson,amit.johnson2652@techcorp.io,Japan,2020-08-05,Standard,1079.19
2653,Susan Lopez,susan.lopez2653@company.org,Brazil,2025-02-27,Premium,1807.63
2654,James Lopez,james.lopez2654@techcorp.io,Brazil,2022-01-26,Basic,369.35
2655,William Johnson,william.johnson2655@gmail.com,France,2022-11-01,Premium,665.11
2656,Sarah Zhang,sarah.zhang2656@techcorp.io,United States,2022-12-07,Premium,3679.76
2657,Mei Gonzalez,mei.gonzalez2657@yahoo.com,Brazil,2025-04-24,Standard,4408.25
2658,Linda Zhang,linda.zhang2658@yahoo.com,France,2022-02-07,Premium,3256.33
2659,Richard Rodriguez,richard.rodriguez2659@yahoo.com,Germany,2020-09-25,Basic,3498.39
2660,Karen Martinez,karen.martinez2660@techcorp.io,Germany,2023-06-13,Standard,1523.05
2661,James Davis,james.davis2661@example.com,Germany,2024-02-17,Premium,3639.88
2662,Thomas Singh,thomas.singh2662@yahoo.com,India,2023-06-22,Standard,456.73
2663,Mei Johnson,mei.johnson2663@example.com,Canada,2024-05-15,Basic,1805.65
2664,Arjun Verma,arjun.verma2664@outlook.com,United States,2022-02-03,Standard,3953.86
2665,Neha Verma,neha.verma2665@outlook.com,Brazil,2022-02-04,Standard,998.78
2666,Mei Smith,mei.smith2666@techcorp.io,India,2025-04-08,Standard,1573.26
2667,Ananya Rodriguez,ananya.rodriguez2667@outlook.com,Brazil,2020-04-02,Basic,3667.36
2668,Barbara Davis,barbara.davis2668@company.org,Brazil,2021-12-31,Standard,1691.18
2669,Robert Chen,robert.chen2669@company.org,United States,2023-10-24,Basic,1484.0
2670,Rahul Johnson,rahul.johnson2670@outlook.com,United Kingdom,2022-04-18,Basic,1084.24
2671,Arjun Verma,arjun.verma2671@yahoo.com,Brazil,2022-11-21,Premium,1609.62
2672,Amit Brown,amit.brown2672@example.com,United Kingdom,2021-08-02,Basic,495.79
2673,Amit Lopez,amit.lopez2673@example.com,Brazil,2025-03-25,Premium,4399.05
2674,Patricia Kim,patricia.kim2674@gmail.com,United Kingdom,2022-09-14,Premium,502.52
2675,Priya Miller,priya.miller2675@example.com,United Kingdom,2021-07-05,Standard,3237.94
2676,Linda Johnson,linda.johnson2676@example.com,United States,2020-11-10,Basic,4594.75
2677,Karen Zhang,karen.zhang2677@example.com,Australia,2024-05-13,Basic,2335.48
2678,Thomas Singh,thomas.singh2678@company.org,Brazil,2020-02-04,Basic,4561.98
2679,Michael Smith,michael.smith2679@gmail.com,India,2023-10-02,Standard,604.47
2680,Robert Lopez,robert.lopez2680@company.org,United States,2022-09-28,Premium,1917.59
2681,Jessica Gonzalez,jessica.gonzalez2681@techcorp.io,Japan,2022-12-16,Premium,1454.06
2682,Karen Brown,karen.brown2682@techcorp.io,France,2020-01-13,Premium,3416.6
2683,Richard Verma,richard.verma2683@company.org,Australia,2021-07-02,Basic,427.45
2684,Karen Williams,karen.williams2684@gmail.com,Brazil,2023-03-20,Basic,2719.19
2685,Linda Davis,linda.davis2685@example.com,Brazil,2025-05-09,Standard,4198.42
2686,Charles Jones,charles.jones2686@example.com,United Kingdom,2021-11-29,Premium,830.51
2687,Michael Lopez,michael.lopez2687@company.org,Brazil,2021-08-28,Basic,1238.7
2688,William Sharma,william.sharma2688@outlook.com,France,2020-11-10,Basic,1312.98
2689,Mary Martinez,mary.martinez2689@yahoo.com,Brazil,2024-07-26,Premium,262.12
2690,Barbara Gonzalez,barbara.gonzalez2690@gmail.com,Australia,2022-08-31,Standard,4681.18
2691,Susan Singh,susan.singh2691@techcorp.io,United States,2021-01-28,Basic,3744.4
2692,Susan Smith,susan.smith2692@gmail.com,United Kingdom,2020-08-14,Premium,4430.44
2693,Barbara Patel,barbara.patel2693@example.com,India,2020-04-21,Standard,812.26
2694,Joseph Williams,joseph.williams2694@outlook.com,United Kingdom,2021-02-13,Basic,3849.59
2695,William Sharma,william.sharma2695@outlook.com,United States,2024-10-26,Premium,2773.94
2696,Susan Lee,susan.lee2696@gmail.com,Japan,2025-06-10,Standard,3827.11
2697,Rahul Jones,rahul.jones2697@company.org,United Kingdom,2022-12-16,Standard,3760.83
2698,Mary Brown,mary.brown2698@yahoo.com,Canada,2020-01-21,Premium,4926.48
2699,Arjun Miller,arjun.miller2699@outlook.com,Canada,2022-08-30,Standard,4321.03
2700,Sofia Kim,sofia.kim2700@techcorp.io,Brazil,2021-07-13,Standard,278.3
2701,Linda Gonzalez,linda.gonzalez2701@outlook.com,India,2020-08-06,Basic,3351.78
2702,Joseph Smith,joseph.smith2702@company.org,United States,2024-02-17,Premium,2925.18
2703,John Martinez,john.martinez2703@outlook.com,Germany,2020-03-05,Premium,4977.05
2704,William Lee,william.lee2704@yahoo.com,France,2024-09-19,Premium,2884.94
2705,Richard Martinez,richard.martinez2705@company.org,Japan,2021-01-02,Premium,1512.96
2706,Sarah Verma,sarah.verma2706@company.org,France,2022-10-13,Basic,1685.25
2707,Patricia Martinez,patricia.martinez2707@gmail.com,Brazil,2023-06-22,Premium,3112.98
2708,Mei Miller,mei.miller2708@yahoo.com,United Kingdom,2021-03-19,Basic,4203.97
2709,Ananya Davis,ananya.davis2709@outlook.com,Germany,2024-10-26,Standard,2841.38
2710,Mary Singh,mary.singh2710@company.org,United States,2025-04-21,Basic,2020.07
2711,Patricia Chen,patricia.chen2711@example.com,United States,2024-12-15,Basic,3758.92
2712,Elizabeth Kim,elizabeth.kim2712@techcorp.io,United Kingdom,2022-06-21,Standard,3367.23
2713,Karen Verma,karen.verma2713@techcorp.io,United Kingdom,2021-07-21,Premium,4490.48
2714,Arjun Smith,arjun.smith2714@outlook.com,United States,2023-11-12,Standard,4442.05
2715,Patricia Jones,patricia.jones2715@techcorp.io,France,2023-10-30,Basic,2768.8
2716,Mei Jones,mei.jones2716@example.com,Australia,2021-08-23,Standard,3321.55
2717,John Kim,john.kim2717@example.com,France,2023-11-12,Standard,3170.25
2718,Sofia Miller,sofia.miller2718@gmail.com,Brazil,2025-05-27,Standard,536.35
2719,Wei Jones,wei.jones2719@yahoo.com,Brazil,2023-07-08,Premium,1717.42
2720,Sofia Brown,sofia.brown2720@outlook.com,United Kingdom,2022-12-29,Standard,2730.27
2721,Linda Lee,linda.lee2721@outlook.com,Brazil,2023-01-18,Premium,4500.02
2722,Mei Smith,mei.smith2722@yahoo.com,Japan,2022-07-05,Basic,82.24
2723,Mei Zhang,mei.zhang2723@example.com,France,2024-05-13,Basic,4992.3
2724,Patricia Patel,patricia.patel2724@company.org,United Kingdom,2020-11-03,Basic,3358.16
2725,Wei Lopez,wei.lopez2725@outlook.com,United States,2020-07-15,Basic,1907.2
2726,Mary Lopez,mary.lopez2726@techcorp.io,Canada,2020-11-24,Standard,3167.82
2727,John Sharma,john.sharma2727@gmail.com,Japan,2024-07-28,Basic,4321.35
2728,Thomas Miller,thomas.miller2728@company.org,Japan,2024-08-11,Premium,761.06
2729,Neha Verma,neha.verma2729@yahoo.com,Canada,2023-01-11,Basic,4483.81
2730,Joseph Chen,joseph.chen2730@company.org,Canada,2024-05-19,Basic,338.0
2731,Joseph Jones,joseph.jones2731@techcorp.io,France,2024-08-13,Premium,693.64
2732,Robert Verma,robert.verma2732@gmail.com,Brazil,2021-01-12,Premium,4368.62
2733,Neha Gonzalez,neha.gonzalez2733@example.com,France,2020-07-14,Basic,2848.84
2734,Sofia Lopez,sofia.lopez2734@gmail.com,Canada,2020-04-03,Standard,4686.04
2735,Priya Kim,priya.kim2735@outlook.com,India,2022-03-10,Basic,1053.2
2736,Linda Williams,linda.williams2736@yahoo.com,Australia,2024-01-05,Premium,4656.52
2737,Michael Verma,michael.verma2737@example.com,India,2025-03-28,Premium,4639.48
2738,Joseph Smith,joseph.smith2738@yahoo.com,Germany,2021-02-20,Basic,3034.49
2739,James Patel,james.patel2739@gmail.com,United Kingdom,2024-09-24,Basic,4134.58
2740,Priya Sharma,priya.sharma2740@yahoo.com,Japan,2025-07-23,Premium,2888.51
2741,Barbara Patel,barbara.patel2741@gmail.com,United Kingdom,2022-06-12,Standard,417.96
2742,Priya Kim,priya.kim2742@outlook.com,Canada,2022-12-19,Premium,293.46
2743,Jennifer Lee,jennifer.lee2743@outlook.com,United States,2021-07-30,Standard,1505.38
2744,Mary Brown,mary.brown2744@example.com,Canada,2023-03-12,Basic,1220.71
2745,Michael Rodriguez,,France,2025-04-10,Premium,586.0
2746,Robert Chen,robert.chen2746@techcorp.io,Japan,2021-11-28,Basic,422.13
2747,Wei Garcia,wei.garcia2747@techcorp.io,India,2025-07-06,Premium,2704.41
2748,Jennifer Brown,jennifer.brown2748@techcorp.io,United Kingdom,2022-12-05,Premium,4656.4
2749,Susan Garcia,susan.garcia2749@company.org,Brazil,2023-10-25,Premium,4157.25
2750,Ananya Lopez,ananya.lopez2750@example.com,United Kingdom,2024-10-10,Basic,4379.93
2751,Sarah Davis,sarah.davis2751@gmail.com,Brazil,2021-12-26,Premium,3423.58
2752,David Singh,david.singh2752@gmail.com,Australia,2022-07-26,Premium,3763.84
2753,Neha Smith,neha.smith2753@example.com,Brazil,2024-10-21,Standard,3419.69
2754,Patricia Chen,patricia.chen2754@example.com,United States,2024-07-07,Standard,1217.95
2755,Richard Zhang,richard.zhang2755@yahoo.com,United States,2024-02-04,Basic,1911.78
2756,Robert Williams,robert.williams2756@techcorp.io,Germany,2022-01-09,Basic,3164.42
2757,David Garcia,david.garcia2757@gmail.com,France,2024-02-08,Basic,3897.57
2758,Sarah Chen,sarah.chen2758@gmail.com,Canada,2024-07-16,Premium,794.19
2759,John Zhang,john.zhang2759@techcorp.io,Germany,2020-10-24,Premium,736.78
2760,Charles Patel,charles.patel2760@example.com,United States,2023-01-04,Basic,2178.31
2761,Karen Kim,karen.kim2761@outlook.com,Brazil,2020-03-07,Basic,678.03
2762,Sofia Johnson,sofia.johnson2762@outlook.com,United States,2022-07-30,Premium,4216.73
2763,Susan Lopez,susan.lopez2763@techcorp.io,Canada,2023-04-10,Premium,693.44
2764,Carlos Lopez,carlos.lopez2764@outlook.com,Brazil,2020-09-27,Premium,465.87
2765,Barbara Chen,barbara.chen2765@techcorp.io,Brazil,2025-02-18,Basic,3491.64
2766,Joseph Williams,joseph.williams2766@outlook.com,Germany,2022-08-21,Premium,2038.18
2767,Richard Wang,richard.wang2767@yahoo.com,Brazil,2022-02-03,Basic,4672.83
2768,Joseph Rodriguez,joseph.rodriguez2768@example.com,India,2020-09-17,Premium,3157.7
2769,Joseph Wang,joseph.wang2769@company.org,Brazil,2025-07-10,Standard,2732.79
2770,Mei Lopez,mei.lopez2770@company.org,France,2025-07-29,Premium,4235.28
2771,Wei Jones,wei.jones2771@outlook.com,Brazil,2022-03-14,Standard,4971.25
2772,Mary Gonzalez,mary.gonzalez2772@company.org,Australia,2020-01-03,Standard,3235.57
2773,Priya Gonzalez,priya.gonzalez2773@yahoo.com,Australia,2020-07-31,Premium,1383.17
2774,James Verma,james.verma2774@example.com,France,2023-09-21,Premium,2310.35
2775,Mary Smith,mary.smith2775@techcorp.io,India,2021-11-18,Standard,4503.85
2776,Jennifer Sharma,jennifer.sharma2776@outlook.com,Canada,2022-10-25,Basic,4674.44
2777,Richard Chen,richard.chen2777@company.org,France,2022-03-14,Basic,1797.45
2778,Wei Lopez,wei.lopez2778@outlook.com,Germany,2022-10-07,Premium,4760.62
2779,Priya Kim,priya.kim2779@techcorp.io,Canada,2024-05-22,Basic,4338.15
2780,Michael Kim,michael.kim2780@company.org,India,2023-10-25,Standard,863.89
2781,John Sharma,john.sharma2781@yahoo.com,Brazil,2023-10-15,Premium,4947.44
2782,Jessica Garcia,jessica.garcia2782@outlook.com,France,2021-11-17,Premium,900.69
2783,Charles Davis,charles.davis2783@techcorp.io,United Kingdom,2023-11-07,Premium,3059.29
2784,Priya Verma,priya.verma2784@gmail.com,United Kingdom,2021-03-11,Premium,3567.55
2785,Barbara Verma,barbara.verma2785@gmail.com,Japan,2022-12-12,Standard,4750.41
2786,Sarah Sharma,sarah.sharma2786@gmail.com,Australia,2025-06-20,Premium,1472.16
2787,William Davis,william.davis2787@gmail.com,United Kingdom,2023-06-09,Premium,3134.74
2788,Carlos Zhang,carlos.zhang2788@company.org,India,2021-04-08,Standard,3015.06
2789,Jennifer Johnson,jennifer.johnson2789@yahoo.com,Brazil,2023-09-28,Premium,1218.29
2790,Ananya Johnson,ananya.johnson2790@gmail.com,Australia,2022-05-10,Standard,1572.52
2791,David Martinez,david.martinez2791@example.com,India,2023-08-31,Standard,1051.37
2792,Michael Garcia,michael.garcia2792@outlook.com,United Kingdom,2024-09-14,Standard,3652.82
2793,Thomas Brown,thomas.brown2793@yahoo.com,France,2025-01-06,Standard,276.67
2794,Karen Rodriguez,karen.rodriguez2794@yahoo.com,India,2023-03-07,Basic,224.2
2795,Barbara Garcia,barbara.garcia2795@example.com,France,2021-05-14,Premium,2979.09
2796,Jessica Kim,jessica.kim2796@gmail.com,Germany,2025-05-11,Basic,1394.83
2797,Robert Davis,robert.davis2797@company.org,Brazil,2023-11-27,Standard,855.81
2798,Robert Sharma,robert.sharma2798@company.org,France,2024-08-31,Basic,4779.95
2799,Mei Lee,mei.lee2799@company.org,France,2025-01-16,Premium,2238.9
2800,Elizabeth Garcia,elizabeth.garcia2800@yahoo.com,Japan,2023-10-15,Premium,1719.56
2801,Neha Rodriguez,neha.rodriguez2801@company.org,Australia,2024-09-24,Standard,3993.18
2802,David Lopez,david.lopez2802@outlook.com,Germany,2025-08-18,Basic,1557.48
2803,Karen Brown,karen.brown2803@gmail.com,France,2023-09-23,Basic,723.82
2804,Mei Smith,mei.smith2804@gmail.com,United States,2021-09-30,Standard,1893.89
2805,Linda Lee,linda.lee2805@techcorp.io,United Kingdom,2020-10-24,Basic,699.08
2806,Carlos Brown,carlos.brown2806@outlook.com,Australia,2020-10-10,Basic,77.57
2807,David Wang,david.wang2807@gmail.com,Brazil,2022-04-15,Premium,3183.38
2808,Sarah Garcia,sarah.garcia2808@techcorp.io,India,2023-03-08,Standard,1457.6
2809,Thomas Zhang,thomas.zhang2809@company.org,France,2024-04-29,Premium,3118.81
2810,Amit Wang,amit.wang2810@yahoo.com,Japan,2022-06-28,Standard,2272.57
2811,Rahul Chen,rahul.chen2811@techcorp.io,Canada,2024-08-19,Basic,3747.16
2812,Robert Verma,robert.verma2812@company.org,Germany,2024-02-19,Standard,1085.3
2813,John Zhang,john.zhang2813@yahoo.com,Germany,2021-03-09,Premium,711.94
2814,Wei Williams,wei.williams2814@yahoo.com,United Kingdom,2021-08-09,Premium,85.07
2815,Elizabeth Lopez,elizabeth.lopez2815@gmail.com,United States,2024-03-24,Premium,90.17
2816,John Zhang,john.zhang2816@yahoo.com,France,2022-12-10,Standard,842.75
2817,Amit Kim,amit.kim2817@example.com,Australia,2020-04-09,Premium,867.04
2818,Jessica Patel,jessica.patel2818@company.org,India,2025-02-10,Basic,3945.27
2819,Carlos Verma,carlos.verma2819@example.com,Japan,2023-08-07,Standard,3746.79
2820,Barbara Kim,barbara.kim2820@techcorp.io,Canada,2025-06-04,Basic,1925.6
2821,Mei Lee,mei.lee2821@gmail.com,Australia,2021-08-06,Premium,496.66
2822,Wei Chen,wei.chen2822@example.com,Brazil,2022-09-14,Premium,556.14
2823,Mary Kim,mary.kim2823@yahoo.com,Japan,2021-05-10,Premium,2370.42
2824,John Chen,john.chen2824@techcorp.io,United Kingdom,2022-03-23,Standard,3946.7
2825,Neha Miller,neha.miller2825@company.org,Germany,2020-04-29,Standard,949.86
2826,Robert Lee,robert.lee2826@company.org,United Kingdom,2024-08-14,Basic,4778.94
2827,Neha Singh,neha.singh2827@outlook.com,India,2023-05-26,Basic,2788.03
2828,Robert Davis,robert.davis2828@yahoo.com,Australia,2024-01-29,Premium,4822.55
2829,Ananya Lee,ananya.lee2829@company.org,United Kingdom,2023-08-04,Premium,4701.5
2830,William Singh,william.singh2830@gmail.com,Japan,2025-03-11,Premium,3731.12
2831,Jessica Davis,jessica.davis2831@yahoo.com,France,2023-04-02,Basic,4712.4
2832,Charles Sharma,charles.sharma2832@outlook.com,Canada,2025-08-02,Premium,3591.68
2833,Patricia Garcia,patricia.garcia2833@example.com,Japan,2020-01-12,Basic,2876.66
2834,Joseph Williams,joseph.williams2834@yahoo.com,United States,2023-09-18,Basic,3350.27
2835,Karen Chen,karen.chen2835@company.org,Japan,2021-04-05,Basic,2477.12
2836,Carlos Sharma,carlos.sharma2836@yahoo.com,Brazil,2022-09-22,Basic,788.74
2837,Ananya Brown,ananya.brown2837@yahoo.com,Australia,2024-06-14,Premium,3963.4
2838,Mei Johnson,mei.johnson2838@company.org,United Kingdom,2021-12-10,Basic,4422.69
2839,William Kim,william.kim2839@example.com,Japan,2024-11-30,Standard,3433.81
2840,Amit Verma,amit.verma2840@techcorp.io,Brazil,2024-01-03,Basic,1222.14
2841,Sarah Patel,sarah.patel2841@gmail.com,United States,2022-04-07,Basic,1426.74
2842,Elizabeth Davis,elizabeth.davis2842@example.com,India,2023-08-06,Basic,2328.06
2843,Barbara Garcia,barbara.garcia2843@yahoo.com,India,2020-04-03,Basic,3232.41
2844,Jennifer Lee,jennifer.lee2844@techcorp.io,Australia,2020-04-08,Basic,1548.81
2845,Jessica Rodriguez,jessica.rodriguez2845@techcorp.io,Brazil,2022-02-28,Basic,3079.8
2846,Michael Smith,michael.smith2846@company.org,France,2025-04-09,Basic,1091.56
2847,Charles Wang,charles.wang2847@gmail.com,India,2021-08-17,Standard,289.66
2848,Robert Jones,robert.jones2848@gmail.com,United Kingdom,2021-10-06,Basic,4340.32
2849,Sofia Chen,sofia.chen2849@example.com,Japan,2021-07-25,Basic,620.07
2850,Arjun Williams,arjun.williams2850@gmail.com,India,2024-04-16,Standard,567.3
2851,Sofia Garcia,sofia.garcia2851@gmail.com,India,2020-05-10,Standard,723.13
2852,David Zhang,david.zhang2852@example.com,United Kingdom,2022-03-21,Premium,3746.53
2853,Michael Johnson,michael.johnson2853@outlook.com,United Kingdom,2024-11-02,Standard,1719.7
2854,Sarah Smith,sarah.smith2854@techcorp.io,Germany,2025-02-08,Premium,4390.52
2855,Ananya Martinez,ananya.martinez2855@company.org,India,2021-09-04,Standard,921.88
2856,John Martinez,john.martinez2856@gmail.com,Brazil,2024-06-05,Premium,2647.84
2857,Sofia Sharma,sofia.sharma2857@gmail.com,Australia,2021-07-05,Basic,3001.8
2858,Richard Jones,richard.jones2858@gmail.com,United Kingdom,2024-02-11,Standard,3621.79
2859,Wei Williams,wei.williams2859@techcorp.io,United States,2022-05-29,Premium,3351.41
2860,Karen Verma,karen.verma2860@yahoo.com,Japan,2020-03-10,Basic,1182.87
2861,Joseph Brown,joseph.brown2861@yahoo.com,Canada,2022-02-20,Standard,4679.09
2862,Sarah Sharma,sarah.sharma2862@company.org,Australia,2024-05-05,Standard,3824.73
2863,Robert Miller,robert.miller2863@gmail.com,Canada,2020-11-02,Premium,3903.68
2864,James Jones,james.jones2864@example.com,United States,2024-09-26,Basic,1841.02
2865,Jennifer Wang,jennifer.wang2865@yahoo.com,Brazil,2025-07-19,Standard,348.53
2866,Karen Lopez,karen.lopez2866@gmail.com,Japan,2020-12-15,Standard,2159.68
2867,Charles Smith,charles.smith2867@example.com,United Kingdom,2021-06-16,Basic,4307.05
2868,Thomas Gonzalez,thomas.gonzalez2868@gmail.com,Australia,2023-08-01,Standard,4766.93
2869,Jennifer Gonzalez,jennifer.gonzalez2869@techcorp.io,United States,2022-06-27,Premium,3566.14
2870,Elizabeth Johnson,elizabeth.johnson2870@yahoo.com,United States,2021-05-25,Basic,3099.88
2871,Sofia Patel,sofia.patel2871@example.com,Japan,2024-02-18,Standard,4470.56
2872,Elizabeth Lopez,elizabeth.lopez2872@gmail.com,Australia,2024-12-18,Premium,3401.49
2873,Barbara Verma,barbara.verma2873@outlook.com,France,2021-12-07,Basic,1293.84
2874,Wei Brown,wei.brown2874@yahoo.com,Canada,2025-03-06,Standard,63.52
2875,Mary Kim,mary.kim2875@gmail.com,India,2021-05-17,Basic,1075.74
2876,Ananya Singh,ananya.singh2876@company.org,United Kingdom,2021-02-15,Standard,2023.26
2877,Arjun Williams,arjun.williams2877@example.com,Germany,2024-10-01,Premium,260.99
2878,James Zhang,james.zhang2878@gmail.com,Australia,2025-01-08,Basic,783.25
2879,James Brown,james.brown2879@outlook.com,United States,2025-03-13,Basic,1017.65
2880,Mary Singh,mary.singh2880@example.com,India,2022-10-06,Basic,2336.63
2881,Linda Sharma,linda.sharma2881@gmail.com,United States,2023-03-24,Standard,4851.35
2882,William Wang,william.wang2882@outlook.com,United Kingdom,2024-06-28,Basic,615.32
2883,Michael Smith,michael.smith2883@gmail.com,France,2022-01-14,Standard,2681.87
2884,Thomas Verma,thomas.verma2884@example.com,France,2024-10-25,Premium,1306.12
2885,James Miller,james.miller2885@gmail.com,Brazil,2020-01-23,Standard,1034.88
2886,Priya Miller,priya.miller2886@company.org,France,2021-10-03,Standard,4613.75
2887,Wei Singh,wei.singh2887@example.com,France,2021-09-01,Basic,1798.51
2888,John Zhang,john.zhang2888@yahoo.com,Germany,2025-04-29,Basic,208.82
2889,William Patel,william.patel2889@example.com,France,2021-02-14,Standard,4827.15
2890,Rahul Lee,rahul.lee2890@gmail.com,India,2021-04-22,Basic,2262.31
2891,Jessica Chen,jessica.chen2891@gmail.com,Canada,2020-06-01,Basic,3757.66
2892,William Lee,william.lee2892@yahoo.com,Brazil,2020-10-05,Premium,2836.46
2893,Amit Gonzalez,amit.gonzalez2893@techcorp.io,Canada,2020-01-13,Standard,1283.99
2894,Amit Williams,amit.williams2894@outlook.com,Germany,2020-06-22,Standard,3072.26
2895,Thomas Johnson,thomas.johnson2895@company.org,Canada,2025-07-28,Standard,3927.46
2896,Thomas Wang,thomas.wang2896@techcorp.io,United Kingdom,2020-09-23,Basic,2343.08
2897,Joseph Brown,joseph.brown2897@example.com,France,2023-04-13,Basic,2083.89
2898,Richard Brown,richard.brown2898@yahoo.com,United Kingdom,2025-06-09,Standard,4765.1
2899,Jessica Wang,jessica.wang2899@company.org,Canada,2022-10-13,Basic,4163.04
2900,Arjun Sharma,arjun.sharma2900@example.com,Germany,2022-05-13,Premium,3459.98
2901,Thomas Lee,thomas.lee2901@company.org,Canada,2021-04-11,Premium,2258.04
2902,James Williams,james.williams2902@techcorp.io,Canada,2021-11-07,Standard,4248.2
2903,Priya Jones,priya.jones2903@gmail.com,United Kingdom,2025-03-28,Basic,2602.08
2904,Wei Kim,wei.kim2904@yahoo.com,India,2020-12-30,Standard,321.87
2905,Jennifer Smith,jennifer.smith2905@techcorp.io,Canada,2021-01-24,Premium,4721.39
2906,Ananya Williams,ananya.williams2906@yahoo.com,Australia,2025-01-11,Basic,4492.36
2907,John Chen,john.chen2907@gmail.com,Brazil,2023-04-01,Premium,2565.68
2908,Wei Williams,wei.williams2908@company.org,France,2022-12-01,Standard,2698.76
2909,Jennifer Brown,jennifer.brown2909@example.com,Australia,2022-08-12,Premium,4915.14
2910,Thomas Verma,thomas.verma2910@example.com,United States,2021-12-07,Basic,4068.76
2911,William Kim,william.kim2911@gmail.com,France,2025-04-26,Standard,2392.71
2912,John Garcia,john.garcia2912@yahoo.com,France,2020-12-14,Standard,2998.62
2913,John Gonzalez,john.gonzalez2913@techcorp.io,India,2021-10-08,Premium,4460.4
2914,Priya Lee,priya.lee2914@outlook.com,Germany,2024-09-30,Premium,4523.87
2915,Robert Chen,robert.chen2915@techcorp.io,France,2025-05-08,Premium,3195.17
2916,William Johnson,william.johnson2916@company.org,Australia,2022-07-28,Premium,633.67
2917,Carlos Williams,carlos.williams2917@company.org,France,2021-04-05,Standard,2164.39
2918,Jessica Kim,jessica.kim2918@techcorp.io,United Kingdom,2021-12-26,Standard,1456.38
2919,Carlos Kim,carlos.kim2919@company.org,United Kingdom,2023-09-27,Premium,1918.06
2920,Patricia Chen,patricia.chen2920@company.org,France,2022-01-14,Standard,3217.99
2921,Carlos Lopez,carlos.lopez2921@example.com,Canada,2024-03-21,Standard,2756.65
2922,Neha Rodriguez,neha.rodriguez2922@company.org,France,2020-04-14,Standard,2292.65
2923,Elizabeth Jones,elizabeth.jones2923@gmail.com,Japan,2020-02-17,Basic,2826.12
2924,Patricia Patel,patricia.patel2924@yahoo.com,Germany,2023-12-27,Premium,3812.24
2925,Wei Gonzalez,wei.gonzalez2925@example.com,Canada,2021-05-27,Basic,2537.54
2926,Charles Davis,charles.davis2926@outlook.com,Brazil,2024-06-26,Premium,3498.6
2927,Linda Lopez,linda.lopez2927@gmail.com,France,2021-07-17,Standard,2006.18
2928,Robert Zhang,robert.zhang2928@example.com,India,2024-10-06,Basic,3135.03
2929,John Williams,john.williams2929@outlook.com,India,2022-05-28,Basic,2953.16
2930,Arjun Davis,arjun.davis2930@outlook.com,Germany,2022-04-17,Premium,2066.53
2931,Linda Miller,linda.miller2931@example.com,France,2020-01-02,Standard,973.57
2932,Linda Johnson,linda.johnson2932@outlook.com,Australia,2021-01-21,Standard,1695.63
2933,Wei Smith,wei.smith2933@yahoo.com,Australia,2023-02-14,Standard,2503.18
2934,William Brown,william.brown2934@company.org,India,2024-10-22,Standard,3268.91
2935,Mei Miller,mei.miller2935@techcorp.io,Canada,2023-01-25,Basic,3949.1
2936,Susan Patel,susan.patel2936@gmail.com,Japan,2025-06-06,Premium,373.4
2937,Thomas Jones,thomas.jones2937@techcorp.io,Canada,2020-06-20,Premium,2728.16
2938,Sofia Smith,sofia.smith2938@example.com,Japan,2021-08-18,Basic,1393.92
2939,Joseph Rodriguez,joseph.rodriguez2939@example.com,Brazil,2021-03-04,Basic,4206.69
2940,Karen Garcia,karen.garcia2940@example.com,France,2022-12-21,Premium,2139.82
2941,Priya Kim,priya.kim2941@company.org,United Kingdom,2024-06-09,Premium,3111.8
2942,Joseph Martinez,joseph.martinez2942@company.org,France,2023-07-03,Premium,4467.99
2943,John Sharma,john.sharma2943@outlook.com,Canada,2023-07-08,Premium,294.04
2944,Patricia Lopez,patricia.lopez2944@yahoo.com,Germany,2020-08-27,Premium,3916.18
2945,Barbara Davis,barbara.davis2945@techcorp.io,France,2020-07-01,Standard,611.27
2946,Jessica Williams,jessica.williams2946@example.com,United States,2022-07-19,Premium,2712.2
2947,Arjun Kim,arjun.kim2947@example.com,United Kingdom,2024-09-21,Standard,1280.34
2948,Amit Gonzalez,amit.gonzalez2948@yahoo.com,India,2022-11-30,Standard,1893.32
2949,Mary Patel,mary.patel2949@example.com,United States,2020-07-20,Basic,2990.88
2950,Rahul Lee,rahul.lee2950@outlook.com,Germany,2023-05-08,Premium,4857.81
2951,William Garcia,william.garcia2951@gmail.com,Canada,2024-03-21,Standard,3427.92
2952,William Kim,william.kim2952@company.org,France,2024-11-01,Standard,2081.78
2953,David Singh,david.singh2953@outlook.com,Germany,2020-02-28,Standard,1608.0
2954,Mei Verma,mei.verma2954@example.com,Japan,2023-10-24,Premium,4467.69
2955,Charles Chen,charles.chen2955@outlook.com,Australia,2022-06-23,Basic,3917.23
2956,Ananya Lopez,ananya.lopez2956@gmail.com,France,2021-06-19,Basic,4292.33
2957,Barbara Rodriguez,barbara.rodriguez2957@example.com,France,2021-06-19,Premium,962.41
2958,Susan Sharma,susan.sharma2958@techcorp.io,Canada,2020-08-09,Basic,2012.63
2959,David Lopez,david.lopez2959@company.org,Australia,2022-07-26,Basic,95.32
2960,Sofia Singh,sofia.singh2960@yahoo.com,Germany,2021-04-30,Basic,803.17
2961,Jennifer Chen,jennifer.chen2961@example.com,Japan,2025-04-25,Standard,2036.12
2962,Arjun Sharma,arjun.sharma2962@company.org,India,2024-05-17,Basic,563.1
2963,Jennifer Rodriguez,jennifer.rodriguez2963@techcorp.io,India,2021-01-13,Standard,4558.06
2964,Mei Zhang,mei.zhang2964@outlook.com,Brazil,2024-05-09,Basic,80.29
2965,Carlos Kim,carlos.kim2965@gmail.com,India,2025-04-27,Premium,2605.54
2966,Richard Wang,richard.wang2966@techcorp.io,Japan,2021-06-07,Basic,4379.36
2967,Jennifer Lee,jennifer.lee2967@company.org,Australia,2024-12-23,Basic,4658.38
2968,William Chen,william.chen2968@yahoo.com,France,2022-12-13,Basic,3211.04
2969,Susan Williams,susan.williams2969@yahoo.com,India,2021-11-05,Basic,1059.26
2970,William Davis,william.davis2970@techcorp.io,Japan,2023-11-02,Basic,2178.91
2971,Amit Lee,amit.lee2971@techcorp.io,France,2020-07-15,Standard,2792.83
2972,Wei Gonzalez,wei.gonzalez2972@yahoo.com,Australia,2022-12-20,Premium,915.4
2973,Robert Brown,robert.brown2973@techcorp.io,Brazil,2022-08-10,Premium,1655.28
2974,William Verma,william.verma2974@outlook.com,United States,2020-05-08,Premium,4725.64
2975,William Martinez,william.martinez2975@techcorp.io,Australia,2023-03-14,Premium,2362.76
2976,Neha Jones,neha.jones2976@yahoo.com,India,2021-04-01,Basic,4725.1
2977,Robert Chen,robert.chen2977@outlook.com,Brazil,2025-07-05,Premium,4703.42
2978,Neha Williams,neha.williams2978@example.com,Japan,2024-06-18,Basic,1252.34
2979,Elizabeth Gonzalez,elizabeth.gonzalez2979@techcorp.io,Germany,2025-06-27,Basic,201.99
2980,Mei Kim,mei.kim2980@company.org,France,2021-11-26,Basic,4493.81
2981,Barbara Smith,barbara.smith2981@techcorp.io,Brazil,2020-09-05,Basic,3053.37
2982,Richard Davis,richard.davis2982@gmail.com,Canada,2023-09-09,Premium,3194.94
2983,Mary Patel,mary.patel2983@company.org,United Kingdom,2023-08-24,Premium,2749.33
2984,Wei Jones,wei.jones2984@outlook.com,United Kingdom,2023-09-17,Basic,4411.43
2985,James Johnson,james.johnson2985@techcorp.io,India,2020-10-10,Premium,4369.31
2986,Joseph Wang,joseph.wang2986@company.org,Canada,2020-10-01,Standard,1759.43
2987,Jennifer Rodriguez,jennifer.rodriguez2987@outlook.com,Canada,2024-01-12,Standard,1346.34
2988,Mary Kim,mary.kim2988@yahoo.com,Brazil,2024-01-21,Premium,376.49
2989,Karen Lopez,karen.lopez2989@yahoo.com,Japan,2021-03-14,Basic,3226.85
2990,Rahul Sharma,rahul.sharma2990@yahoo.com,India,2021-08-25,Premium,2309.64
2991,Thomas Zhang,thomas.zhang2991@techcorp.io,Canada,2024-04-30,Premium,2861.1
2992,Susan Lee,susan.lee2992@company.org,Brazil,2021-09-26,Premium,3014.31
2993,Elizabeth Sharma,elizabeth.sharma2993@example.com,Germany,2025-05-17,Basic,1407.49
2994,Joseph Jones,joseph.jones2994@outlook.com,France,2022-08-10,Basic,4060.61
2995,Mei Lopez,mei.lopez2995@company.org,France,2022-10-31,Basic,1375.61
2996,Carlos Miller,carlos.miller2996@company.org,United Kingdom,2025-01-15,Basic,2631.24
2997,Linda Lee,linda.lee2997@gmail.com,Germany,2021-04-06,Premium,3314.68
2998,Jessica Smith,jessica.smith2998@example.com,Germany,2022-05-10,Basic,2609.55
2999,Thomas Johnson,thomas.johnson2999@techcorp.io,Brazil,2022-05-18,Basic,771.24
3000,Mary Brown,mary.brown3000@gmail.com,Germany,2022-07-31,Basic,4450.37
3001,James Williams,james.williams3001@techcorp.io,Brazil,2024-04-29,Standard,2198.15
3002,Patricia Johnson,patricia.johnson3002@gmail.com,Brazil,2025-05-23,Premium,1961.86
3003,James Kim,james.kim3003@gmail.com,Canada,2022-02-14,Standard,1949.39
3004,John Martinez,john.martinez3004@gmail.com,United Kingdom,2023-03-31,Standard,3266.88
3005,Rahul Williams,rahul.williams3005@company.org,Brazil,2020-07-13,Standard,1418.0
3006,Ananya Kim,ananya.kim3006@techcorp.io,Germany,2022-03-09,Standard,1581.18
3007,Mei Lee,mei.lee3007@outlook.com,India,2020-05-22,Basic,1032.85
3008,Arjun Smith,arjun.smith3008@example.com,France,2022-01-17,Basic,1881.79
3009,Wei Rodriguez,wei.rodriguez3009@outlook.com,France,2024-11-27,Basic,1690.47
3010,Carlos Johnson,carlos.johnson3010@example.com,France,2024-05-16,Standard,1379.93
3011,John Smith,john.smith3011@techcorp.io,France,2024-02-28,Standard,4344.14
3012,Amit Williams,amit.williams3012@techcorp.io,United Kingdom,2023-03-01,Basic,4048.43
3013,Sarah Sharma,sarah.sharma3013@gmail.com,France,2023-01-06,Premium,2373.7
3014,Thomas Lopez,thomas.lopez3014@gmail.com,Australia,2022-03-08,Standard,2127.47
3015,Michael Martinez,michael.martinez3015@company.org,Germany,2024-03-27,Premium,3641.8
3016,Charles Lopez,charles.lopez3016@example.com,Germany,2024-05-09,Premium,2322.61
3017,James Zhang,james.zhang3017@yahoo.com,Brazil,2024-11-10,Premium,2799.33
3018,Carlos Gonzalez,carlos.gonzalez3018@company.org,India,2025-04-19,Premium,4975.28
3019,Priya Gonzalez,priya.gonzalez3019@example.com,India,2024-01-31,Basic,1886.43
3020,Charles Singh,charles.singh3020@yahoo.com,Australia,2025-01-31,Basic,2868.28
3021,Carlos Patel,carlos.patel3021@gmail.com,United Kingdom,2021-06-02,Basic,4719.18
3022,Robert Singh,robert.singh3022@techcorp.io,Australia,2025-02-04,Premium,2633.78
3023,Sarah Garcia,sarah.garcia3023@example.com,United States,2023-05-24,Basic,2788.82
3024,James Lee,james.lee3024@outlook.com,Germany,2020-10-25,Standard,1837.97
3025,Thomas Sharma,thomas.sharma3025@gmail.com,Japan,2025-06-16,Standard,1489.4
3026,John Jones,john.jones3026@example.com,Canada,2024-04-26,Premium,965.15
3027,John Brown,john.brown3027@company.org,Brazil,2021-08-15,Standard,504.92
3028,Amit Lee,amit.lee3028@example.com,Germany,2024-11-19,Standard,926.28
3029,Robert Lopez,robert.lopez3029@example.com,Australia,2020-10-31,Standard,314.3
3030,Amit Rodriguez,amit.rodriguez3030@techcorp.io,Australia,2022-12-27,Basic,570.92
3031,Sarah Verma,sarah.verma3031@techcorp.io,Canada,2024-03-07,Standard,4175.52
3032,Mary Sharma,mary.sharma3032@example.com,Brazil,2021-06-01,Basic,4232.36
3033,Robert Jones,robert.jones3033@outlook.com,Japan,2020-01-01,Premium,2893.89
3034,Neha Johnson,neha.johnson3034@gmail.com,France,2022-06-18,Premium,4497.46
3035,Susan Rodriguez,susan.rodriguez3035@gmail.com,Japan,2021-12-04,Basic,4145.04
3036,William Wang,william.wang3036@yahoo.com,Brazil,2021-10-29,Premium,3074.58
3037,Carlos Rodriguez,carlos.rodriguez3037@gmail.com,United States,2020-12-30,Standard,2624.84
3038,Sofia Zhang,sofia.zhang3038@yahoo.com,Germany,2022-12-08,Premium,2290.49
3039,John Jones,john.jones3039@example.com,India,2024-05-14,Premium,4624.77
3040,Ananya Verma,ananya.verma3040@gmail.com,Japan,2020-09-26,Basic,3942.19
3041,Sarah Gonzalez,sarah.gonzalez3041@techcorp.io,United States,2021-01-09,Basic,2893.09
3042,James Lopez,james.lopez3042@yahoo.com,Japan,2021-03-23,Premium,476.56
3043,Jennifer Singh,jennifer.singh3043@gmail.com,United States,2024-01-25,Basic,4737.67
3044,Mei Chen,mei.chen3044@gmail.com,Germany,2022-03-28,Basic,212.5
3045,John Singh,john.singh3045@company.org,Australia,2020-03-01,Basic,4787.06
3046,William Gonzalez,william.gonzalez3046@gmail.com,Brazil,2023-07-03,Premium,3571.31
3047,Amit Martinez,amit.martinez3047@yahoo.com,Germany,2025-04-02,Standard,2985.84
3048,Charles Miller,charles.miller3048@example.com,Australia,2021-06-22,Premium,1322.6
3049,Jessica Brown,jessica.brown3049@example.com,India,2021-08-01,Standard,1050.81
3050,Elizabeth Kim,elizabeth.kim3050@gmail.com,United Kingdom,2020-10-16,Basic,1326.19
3051,Mary Jones,mary.jones3051@outlook.com,Brazil,2024-07-09,Basic,3438.78
3052,John Chen,john.chen3052@outlook.com,United Kingdom,2024-01-14,Standard,1317.37
3053,Arjun Davis,arjun.davis3053@outlook.com,Germany,2024-09-19,Premium,349.35
3054,Mei Rodriguez,mei.rodriguez3054@company.org,France,2020-06-08,Premium,2174.87
3055,Michael Lee,michael.lee3055@company.org,United Kingdom,2022-10-26,Standard,4658.2
3056,Thomas Miller,thomas.miller3056@company.org,Canada,2021-12-25,Standard,4011.0
3057,Richard Gonzalez,richard.gonzalez3057@outlook.com,France,2021-07-18,Premium,284.79
3058,David Johnson,david.johnson3058@example.com,Japan,2023-02-07,Premium,298.1
3059,Barbara Chen,barbara.chen3059@company.org,Australia,2023-12-14,Basic,1852.9
3060,Richard Garcia,richard.garcia3060@yahoo.com,Germany,2020-02-09,Premium,218.37
3061,Sofia Sharma,sofia.sharma3061@outlook.com,India,2020-06-23,Standard,3163.27
3062,Elizabeth Smith,elizabeth.smith3062@techcorp.io,India,2022-08-14,Basic,4757.66
3063,Patricia Chen,patricia.chen3063@company.org,France,2021-01-23,Premium,4932.09
3064,James Jones,james.jones3064@outlook.com,Canada,2024-12-28,Premium,1975.87
3065,Priya Garcia,priya.garcia3065@yahoo.com,United States,2024-07-21,Premium,3123.86
3066,Sofia Davis,sofia.davis3066@outlook.com,Canada,2020-12-06,Premium,926.78
3067,James Williams,james.williams3067@techcorp.io,Germany,2022-01-16,Standard,4510.53
3068,Ananya Lee,ananya.lee3068@outlook.com,United States,2020-02-13,Basic,4306.66
3069,Arjun Johnson,arjun.johnson3069@gmail.com,Australia,2021-03-30,Standard,1112.26
3070,Neha Garcia,neha.garcia3070@outlook.com,Canada,2024-12-07,Premium,4458.45
3071,David Johnson,david.johnson3071@example.com,Canada,2020-06-28,Standard,544.47
3072,Joseph Miller,joseph.miller3072@yahoo.com,Japan,2020-07-21,Standard,3556.07
3073,Charles Verma,charles.verma3073@techcorp.io,United States,2022-08-02,Premium,3767.43
3074,John Johnson,john.johnson3074@gmail.com,France,2023-03-25,Premium,3129.1
3075,Elizabeth Smith,elizabeth.smith3075@yahoo.com,India,2020-01-13,Standard,1773.64
3076,Mary Miller,mary.miller3076@example.com,United States,2023-03-10,Basic,406.44
3077,Elizabeth Gonzalez,elizabeth.gonzalez3077@company.org,India,2022-06-25,Premium,1717.21
3078,Karen Lopez,karen.lopez3078@yahoo.com,Brazil,2024-01-11,Standard,3811.83
3079,Linda Verma,linda.verma3079@techcorp.io,Australia,2021-08-23,Basic,1838.66
3080,John Johnson,john.johnson3080@gmail.com,France,2025-06-17,Premium,4705.82
3081,James Gonzalez,james.gonzalez3081@gmail.com,France,2024-10-21,Premium,341.01
3082,Sarah Patel,sarah.patel3082@techcorp.io,Japan,2025-05-09,Standard,268.24
3083,Amit Davis,amit.davis3083@example.com,Brazil,2022-12-29,Premium,3417.08
3084,Amit Miller,amit.miller3084@techcorp.io,United Kingdom,2023-03-29,Standard,2926.21
3085,Barbara Davis,barbara.davis3085@gmail.com,United States,2024-05-27,Standard,2319.46
3086,Arjun Garcia,arjun.garcia3086@outlook.com,Australia,2020-02-02,Basic,845.37
3087,Barbara Smith,barbara.smith3087@gmail.com,Japan,2022-05-20,Standard,1599.86
3088,Robert Patel,robert.patel3088@yahoo.com,Canada,2021-03-09,Standard,2709.33
3089,Jennifer Lee,jennifer.lee3089@gmail.com,Germany,2021-09-04,Basic,3956.92
3090,Elizabeth Sharma,elizabeth.sharma3090@gmail.com,India,2020-03-03,Premium,3947.9
3091,Charles Johnson,charles.johnson3091@techcorp.io,France,2020-07-09,Standard,1259.21
3092,Rahul Kim,rahul.kim3092@company.org,France,2022-11-03,Basic,119.03
3093,Carlos Brown,carlos.brown3093@gmail.com,France,2024-05-27,Standard,1138.72
3094,Robert Lopez,robert.lopez3094@gmail.com,Canada,2023-10-02,Standard,1703.71
3095,Carlos Lee,carlos.lee3095@company.org,Brazil,2025-01-21,Standard,4293.19
3096,Mei Garcia,mei.garcia3096@gmail.com,Germany,2024-09-30,Standard,879.06
3097,Mary Davis,mary.davis3097@yahoo.com,France,2022-01-03,Basic,4429.48
3098,Robert Chen,robert.chen3098@outlook.com,Australia,2022-02-03,Basic,1316.38
3099,Joseph Smith,joseph.smith3099@techcorp.io,Germany,2020-01-05,Standard,616.95
3100,Ananya Verma,ananya.verma3100@yahoo.com,United Kingdom,2020-01-26,Basic,985.77
3101,Amit Garcia,amit.garcia3101@gmail.com,Germany,2020-10-03,Standard,4539.18
3102,Thomas Brown,thomas.brown3102@company.org,Japan,2020-01-18,Premium,1861.91
3103,Patricia Singh,patricia.singh3103@gmail.com,India,2024-11-23,Basic,2700.88
3104,David Kim,david.kim3104@company.org,India,2023-07-05,Premium,3760.64
3105,Amit Wang,amit.wang3105@yahoo.com,India,2024-04-12,Premium,2607.98
3106,Amit Johnson,amit.johnson3106@outlook.com,United Kingdom,2025-05-14,Premium,3839.66
3107,Amit Lopez,amit.lopez3107@yahoo.com,India,2024-03-17,Premium,4715.89
3108,Thomas Lee,thomas.lee3108@example.com,Germany,2023-02-04,Standard,4809.15
3109,Elizabeth Johnson,elizabeth.johnson3109@techcorp.io,India,2021-07-19,Basic,3625.79
3110,Jessica Garcia,jessica.garcia3110@gmail.com,United States,2021-12-28,Premium,1108.07
3111,Elizabeth Kim,elizabeth.kim3111@yahoo.com,United Kingdom,2021-07-08,Premium,4730.3
3112,Mary Rodriguez,mary.rodriguez3112@gmail.com,Canada,2023-02-15,Standard,4937.64
3113,Rahul Miller,rahul.miller3113@techcorp.io,Germany,2021-03-25,Basic,2136.23
3114,Barbara Lee,barbara.lee3114@company.org,United Kingdom,2020-02-11,Premium,676.34
3115,Rahul Smith,rahul.smith3115@yahoo.com,United States,2022-05-01,Basic,1421.14
3116,Amit Jones,amit.jones3116@yahoo.com,Germany,2021-06-18,Premium,2222.59
3117,Barbara Jones,barbara.jones3117@techcorp.io,India,2022-09-25,Standard,3603.37
3118,Mary Jones,mary.jones3118@company.org,India,2024-09-07,Standard,4437.36
3119,Susan Rodriguez,susan.rodriguez3119@example.com,United Kingdom,2020-01-12,Premium,4922.59
3120,Mary Verma,mary.verma3120@techcorp.io,United Kingdom,2024-12-07,Standard,2325.01
3121,Richard Lee,richard.lee3121@gmail.com,Brazil,2022-07-07,Basic,3851.13
3122,Priya Smith,priya.smith3122@techcorp.io,Germany,2021-01-02,Standard,3429.05
3123,Wei Williams,wei.williams3123@example.com,Canada,2024-03-28,Premium,252.34
3124,Jennifer Lee,jennifer.lee3124@techcorp.io,Brazil,2022-06-12,Basic,4723.36
3125,James Rodriguez,james.rodriguez3125@yahoo.com,Brazil,2023-02-04,Basic,3119.44
3126,Richard Garcia,richard.garcia3126@yahoo.com,India,2022-04-11,Basic,2128.01
3127,James Zhang,james.zhang3127@gmail.com,Australia,2024-07-20,Premium,4429.75
3128,Wei Singh,wei.singh3128@example.com,Japan,2020-06-15,Standard,1207.65
3129,Richard Jones,richard.jones3129@gmail.com,Brazil,2024-05-31,Standard,1840.27
3130,Elizabeth Lee,elizabeth.lee3130@outlook.com,Canada,2023-05-15,Premium,229.08
3131,Susan Patel,susan.patel3131@yahoo.com,Canada,2022-02-11,Premium,1162.36
3132,Susan Verma,susan.verma3132@gmail.com,Canada,2024-03-23,Basic,2295.4
3133,Robert Garcia,robert.garcia3133@example.com,Germany,2024-11-12,Basic,487.88
3134,Robert Rodriguez,robert.rodriguez3134@yahoo.com,France,2021-07-16,Premium,1750.44
3135,Rahul Kim,rahul.kim3135@techcorp.io,Australia,2022-12-27,Premium,798.96
3136,Priya Zhang,priya.zhang3136@company.org,United States,2025-07-12,Premium,4754.34
3137,Karen Brown,karen.brown3137@techcorp.io,France,2021-08-27,Premium,1238.51
3138,Elizabeth Williams,elizabeth.williams3138@techcorp.io,France,2022-12-15,Basic,1045.02
3139,David Davis,david.davis3139@yahoo.com,Canada,2025-03-02,Basic,4450.37
3140,Priya Johnson,priya.johnson3140@outlook.com,Brazil,2022-08-24,Basic,1265.34
3141,Michael Johnson,michael.johnson3141@techcorp.io,United Kingdom,2020-11-13,Basic,3546.71
3142,Barbara Zhang,barbara.zhang3142@example.com,France,2020-04-24,Standard,4901.68
3143,William Verma,william.verma3143@example.com,France,2023-01-05,Standard,1687.58
3144,Joseph Patel,joseph.patel3144@company.org,Canada,2023-10-06,Basic,1834.44
3145,Linda Singh,linda.singh3145@outlook.com,Japan,2023-01-14,Standard,1963.96
3146,Neha Lopez,neha.lopez3146@company.org,France,2020-09-17,Standard,1082.68
3147,William Jones,william.jones3147@gmail.com,Germany,2023-11-06,Standard,1881.2
3148,Sarah Smith,sarah.smith3148@company.org,Australia,2023-06-08,Premium,483.31
3149,David Garcia,david.garcia3149@example.com,Germany,2023-08-16,Standard,2899.8
3150,Richard Martinez,richard.martinez3150@example.com,Germany,2021-04-07,Basic,117.05
3151,Mei Rodriguez,mei.rodriguez3151@yahoo.com,United Kingdom,2024-02-16,Premium,2963.08
3152,Patricia Rodriguez,patricia.rodriguez3152@yahoo.com,France,2021-05-16,Standard,310.56
3153,Priya Rodriguez,priya.rodriguez3153@techcorp.io,Brazil,2022-03-11,Basic,3973.56
3154,Jennifer Singh,jennifer.singh3154@gmail.com,Canada,2023-07-21,Standard,1106.78
3155,Ananya Johnson,ananya.johnson3155@example.com,France,2022-06-20,Premium,3863.08
3156,Linda Brown,linda.brown3156@techcorp.io,United States,2020-05-02,Premium,3245.8
3157,Neha Brown,neha.brown3157@example.com,Brazil,2023-12-30,Basic,753.34
3158,Patricia Williams,patricia.williams3158@outlook.com,Brazil,2025-01-03,Basic,4584.94
3159,Sarah Rodriguez,sarah.rodriguez3159@outlook.com,Germany,2022-05-06,Standard,4087.45
3160,Priya Rodriguez,priya.rodriguez3160@techcorp.io,Germany,2024-11-08,Premium,3997.68
3161,William Rodriguez,william.rodriguez3161@techcorp.io,Japan,2020-07-18,Basic,2511.24
3162,Rahul Garcia,rahul.garcia3162@techcorp.io,United States,2024-08-10,Standard,4382.79
3163,Wei Jones,wei.jones3163@yahoo.com,Japan,2025-03-10,Standard,703.68
3164,Susan Patel,susan.patel3164@techcorp.io,Australia,2024-07-23,Basic,1015.15
3165,James Brown,james.brown3165@outlook.com,United States,2020-07-10,Premium,3516.32
3166,Wei Jones,wei.jones3166@example.com,Brazil,2020-09-14,Basic,4641.48
3167,Barbara Sharma,barbara.sharma3167@techcorp.io,Brazil,2020-07-05,Basic,175.32
3168,Robert Wang,robert.wang3168@techcorp.io,Germany,2021-06-08,Basic,1580.48
3169,David Chen,david.chen3169@techcorp.io,United Kingdom,2021-05-06,Standard,181.03
3170,Elizabeth Davis,elizabeth.davis3170@company.org,India,2022-06-10,Standard,2668.98
3171,Rahul Williams,rahul.williams3171@example.com,Germany,2020-05-23,Basic,652.03
3172,Richard Lopez,richard.lopez3172@outlook.com,Australia,2021-09-23,Premium,3889.05
3173,Jennifer Smith,jennifer.smith3173@company.org,Germany,2025-06-08,Basic,1752.65
3174,Neha Verma,neha.verma3174@company.org,Australia,2022-05-23,Basic,784.38
3175,Robert Gonzalez,robert.gonzalez3175@techcorp.io,Japan,2022-07-18,Premium,3098.95
3176,Carlos Zhang,carlos.zhang3176@company.org,Germany,2020-01-06,Standard,1849.77
3177,Jessica Davis,jessica.davis3177@outlook.com,United Kingdom,2021-06-13,Basic,2144.97
3178,John Zhang,john.zhang3178@outlook.com,United States,2025-04-07,Standard,503.61
3179,Mary Kim,mary.kim3179@example.com,United States,2022-02-06,Standard,3055.31
3180,Ananya Brown,ananya.brown3180@company.org,Germany,2022-03-29,Standard,240.94
3181,James Wang,james.wang3181@gmail.com,Germany,2024-06-11,Basic,1803.39
3182,Mei Kim,mei.kim3182@yahoo.com,Brazil,2022-01-19,Premium,493.72
3183,Mei Wang,mei.wang3183@techcorp.io,France,2022-12-09,Premium,4304.67
3184,Arjun Patel,arjun.patel3184@example.com,United Kingdom,2023-08-21,Standard,3781.07
3185,Robert Jones,robert.jones3185@yahoo.com,United Kingdom,2021-09-17,Basic,4763.81
3186,Sofia Zhang,sofia.zhang3186@gmail.com,India,2023-04-11,Standard,4985.83
3187,Barbara Kim,barbara.kim3187@techcorp.io,Germany,2022-01-24,Basic,3684.55
3188,Barbara Patel,barbara.patel3188@gmail.com,France,2022-01-19,Premium,4964.87
3189,David Miller,david.miller3189@outlook.com,United States,2024-05-14,Basic,4173.92
3190,Rahul Wang,rahul.wang3190@yahoo.com,India,2021-04-14,Premium,324.34
3191,Richard Wang,richard.wang3191@outlook.com,India,2022-08-25,Basic,2453.56
3192,David Davis,david.davis3192@company.org,Canada,2021-05-14,Premium,2830.34
3193,Robert Smith,robert.smith3193@techcorp.io,India,2022-06-19,Standard,913.85
3194,Priya Johnson,priya.johnson3194@company.org,Canada,2024-06-23,Basic,2876.01
3195,Neha Wang,neha.wang3195@techcorp.io,Australia,2024-04-30,Basic,1603.46
3196,William Wang,william.wang3196@gmail.com,Australia,2023-07-28,Standard,2864.95
3197,Ananya Garcia,ananya.garcia3197@techcorp.io,India,2024-02-17,Basic,2169.19
3198,Neha Rodriguez,neha.rodriguez3198@gmail.com,India,2023-11-02,Standard,2169.91
3199,James Lee,james.lee3199@techcorp.io,India,2024-03-19,Premium,4924.59
3200,Charles Sharma,charles.sharma3200@example.com,Brazil,2025-07-27,Standard,4034.03
3201,Mary Wang,mary.wang3201@gmail.com,Germany,2020-03-15,Standard,885.2
3202,Jennifer Smith,jennifer.smith3202@gmail.com,Japan,2021-01-28,Basic,3658.37
3203,John Jones,john.jones3203@outlook.com,India,2022-04-06,Premium,1256.07
3204,Amit Singh,amit.singh3204@company.org,France,2025-03-10,Premium,2854.32
3205,Joseph Patel,joseph.patel3205@gmail.com,Brazil,2025-04-27,Basic,417.26
3206,Susan Wang,susan.wang3206@example.com,United Kingdom,2020-11-23,Premium,4926.2
3207,Jennifer Jones,jennifer.jones3207@example.com,France,2020-04-25,Standard,4797.76
3208,Amit Lee,amit.lee3208@company.org,Brazil,2025-04-30,Premium,2746.25
3209,Barbara Davis,barbara.davis3209@techcorp.io,United Kingdom,2023-06-18,Basic,620.68
3210,John Gonzalez,john.gonzalez3210@example.com,Australia,2023-06-18,Basic,202.84
3211,Thomas Lee,thomas.lee3211@techcorp.io,Australia,2022-01-14,Basic,667.21
3212,Mary Garcia,mary.garcia3212@gmail.com,India,2023-12-12,Basic,3884.25
3213,Jessica Patel,jessica.patel3213@outlook.com,Canada,2025-02-11,Standard,2425.69
3214,Amit Johnson,amit.johnson3214@gmail.com,Germany,2024-09-19,Premium,2348.12
3215,Elizabeth Martinez,elizabeth.martinez3215@company.org,France,2025-07-26,Standard,1523.83
3216,Joseph Lee,joseph.lee3216@example.com,Canada,2020-12-30,Standard,4090.27
3217,Richard Verma,richard.verma3217@example.com,United States,2022-11-18,Standard,213.48
3218,Susan Davis,susan.davis3218@outlook.com,Australia,2022-06-22,Standard,1035.94
3219,Charles Patel,charles.patel3219@outlook.com,France,2022-02-02,Standard,2234.83
3220,Patricia Gonzalez,patricia.gonzalez3220@company.org,Australia,2021-07-16,Premium,3494.93
3221,Linda Sharma,linda.sharma3221@yahoo.com,United States,2024-02-28,Premium,2356.46
3222,James Garcia,james.garcia3222@outlook.com,Australia,2021-03-27,Basic,2668.63
3223,Joseph Singh,joseph.singh3223@techcorp.io,United Kingdom,2024-10-13,Standard,1212.12
3224,John Sharma,john.sharma3224@company.org,Canada,2023-10-05,Premium,1997.68
3225,Sofia Martinez,sofia.martinez3225@example.com,France,2022-10-12,Standard,4863.25
3226,Arjun Rodriguez,arjun.rodriguez3226@outlook.com,United Kingdom,2023-06-13,Premium,1324.12
3227,John Martinez,john.martinez3227@company.org,India,2024-06-08,Premium,4643.62
3228,Charles Davis,charles.davis3228@company.org,United Kingdom,2022-11-24,Standard,2912.68
3229,Elizabeth Davis,elizabeth.davis3229@company.org,Canada,2024-08-06,Standard,135.02
3230,Arjun Kim,arjun.kim3230@yahoo.com,Germany,2022-07-08,Basic,2986.94
3231,Thomas Singh,thomas.singh3231@yahoo.com,Japan,2022-06-14,Premium,3361.59
3232,Sarah Gonzalez,sarah.gonzalez3232@company.org,Canada,2021-02-12,Basic,830.58
3233,James Lee,james.lee3233@example.com,Germany,2020-09-07,Premium,908.02
3234,Mei Wang,mei.wang3234@gmail.com,Japan,2023-08-31,Standard,4501.23
3235,Thomas Verma,thomas.verma3235@yahoo.com,Canada,2024-08-17,Standard,1716.56
3236,Ananya Lee,ananya.lee3236@yahoo.com,Germany,2020-06-01,Basic,100.3
3237,Elizabeth Rodriguez,elizabeth.rodriguez3237@company.org,France,2023-05-31,Standard,4648.06
3238,Robert Lopez,robert.lopez3238@yahoo.com,United States,2020-04-22,Basic,4491.33
3239,Mei Verma,mei.verma3239@gmail.com,Germany,2021-04-15,Basic,3682.5
3240,Joseph Sharma,joseph.sharma3240@example.com,Australia,2024-05-23,Basic,1687.3
3241,David Gonzalez,david.gonzalez3241@techcorp.io,Japan,2020-01-10,Premium,4702.61
3242,Ananya Williams,ananya.williams3242@company.org,United Kingdom,2020-10-08,Standard,3543.79
3243,Sarah Martinez,sarah.martinez3243@yahoo.com,Canada,2023-09-02,Standard,1970.04
3244,John Williams,john.williams3244@yahoo.com,Brazil,2024-02-28,Basic,4430.84
3245,Elizabeth Garcia,elizabeth.garcia3245@yahoo.com,France,2021-10-07,Premium,3717.27
3246,Mary Davis,mary.davis3246@yahoo.com,Canada,2025-02-16,Standard,956.4
3247,Susan Miller,susan.miller3247@techcorp.io,India,2020-03-17,Standard,1198.35
3248,Joseph Lee,joseph.lee3248@example.com,Brazil,2024-06-11,Premium,4164.42
3249,Mary Kim,mary.kim3249@techcorp.io,Australia,2021-07-30,Premium,4308.76
3250,Richard Lee,richard.lee3250@gmail.com,Germany,2021-01-02,Premium,3330.19
3251,Jessica Chen,jessica.chen3251@outlook.com,India,2025-03-22,Standard,982.2
3252,Mary Martinez,mary.martinez3252@yahoo.com,Australia,2020-08-27,Basic,1180.49
3253,Ananya Verma,ananya.verma3253@gmail.com,Germany,2021-10-25,Premium,3067.03
3254,William Singh,william.singh3254@example.com,Australia,2022-01-12,Standard,3770.45
3255,Neha Garcia,neha.garcia3255@yahoo.com,United Kingdom,2021-06-30,Premium,4970.38
3256,Karen Davis,karen.davis3256@gmail.com,Germany,2020-03-07,Basic,1684.44
3257,Charles Brown,charles.brown3257@yahoo.com,United Kingdom,2020-02-10,Basic,158.73
3258,Michael Rodriguez,michael.rodriguez3258@example.com,Japan,2024-12-11,Basic,3683.61
3259,Patricia Singh,patricia.singh3259@example.com,Australia,2020-02-13,Standard,4286.72
3260,Robert Wang,robert.wang3260@company.org,Australia,2023-07-15,Basic,4498.29
3261,Mary Garcia,mary.garcia3261@outlook.com,Australia,2022-05-12,Basic,437.3
3262,Carlos Garcia,carlos.garcia3262@yahoo.com,Brazil,2022-11-24,Standard,894.61
3263,James Miller,james.miller3263@outlook.com,Germany,2020-07-10,Basic,2723.91
3264,Joseph Williams,joseph.williams3264@company.org,United States,2021-01-07,Standard,3602.61
3265,Jennifer Jones,jennifer.jones3265@outlook.com,United States,2024-03-09,Basic,2224.77
3266,Carlos Singh,carlos.singh3266@outlook.com,Brazil,2025-03-09,Premium,3892.13
3267,Patricia Wang,patricia.wang3267@techcorp.io,Japan,2023-08-08,Standard,2098.9
3268,Karen Lopez,karen.lopez3268@yahoo.com,Canada,2020-07-23,Standard,1830.82
3269,Sarah Davis,sarah.davis3269@company.org,Japan,2021-09-23,Premium,2372.35
3270,Robert Sharma,robert.sharma3270@company.org,India,2022-01-06,Basic,1617.46
3271,Mary Lee,mary.lee3271@techcorp.io,Australia,2024-04-27,Standard,3803.33
3272,Elizabeth Rodriguez,elizabeth.rodriguez3272@company.org,Germany,2022-10-10,Standard,1283.06
3273,Michael Chen,michael.chen3273@company.org,India,2022-02-02,Basic,693.45
3274,John Johnson,john.johnson3274@gmail.com,Brazil,2025-02-18,Premium,257.72
3275,Amit Verma,amit.verma3275@techcorp.io,Brazil,2024-08-30,Premium,3090.24
3276,Priya Williams,priya.williams3276@example.com,United States,2025-06-08,Standard,3483.25
3277,Ananya Gonzalez,ananya.gonzalez3277@yahoo.com,Germany,2023-12-14,Basic,2959.4
3278,Karen Lopez,karen.lopez3278@outlook.com,Australia,2021-12-30,Premium,1625.78
3279,Carlos Brown,carlos.brown3279@example.com,India,2021-12-08,Basic,753.42
3280,Jessica Patel,jessica.patel3280@techcorp.io,Canada,2022-10-20,Basic,2809.9
3281,Jennifer Garcia,jennifer.garcia3281@gmail.com,Australia,2023-03-30,Basic,764.49
3282,Richard Garcia,richard.garcia3282@example.com,Australia,2022-12-03,Premium,4401.4
3283,Richard Miller,richard.miller3283@yahoo.com,United States,2022-03-11,Basic,4882.0
3284,Elizabeth Martinez,elizabeth.martinez3284@example.com,United States,2023-06-02,Premium,4211.06
3285,Jessica Zhang,jessica.zhang3285@company.org,Australia,2020-02-18,Standard,2349.89
3286,Ananya Garcia,ananya.garcia3286@gmail.com,Australia,2024-03-26,Premium,3437.56
3287,John Lopez,john.lopez3287@outlook.com,United Kingdom,2025-01-09,Standard,1324.02
3288,Amit Garcia,amit.garcia3288@example.com,France,2022-05-06,Basic,4740.76
3289,Karen Sharma,karen.sharma3289@example.com,United Kingdom,2023-01-02,Basic,2289.14
3290,Jessica Wang,jessica.wang3290@outlook.com,Germany,2021-10-17,Standard,2857.83
3291,James Singh,james.singh3291@gmail.com,France,2023-12-01,Premium,464.39
3292,Ananya Lopez,ananya.lopez3292@yahoo.com,United States,2024-02-19,Premium,3639.38
3293,Jennifer Jones,jennifer.jones3293@company.org,Canada,2021-04-24,Basic,1646.77
3294,Mei Singh,mei.singh3294@yahoo.com,United States,2021-09-13,Premium,1622.84
3295,Arjun Lee,arjun.lee3295@example.com,United Kingdom,2024-11-20,Basic,2343.2
3296,Neha Jones,neha.jones3296@techcorp.io,France,2021-12-06,Premium,3627.46
3297,Priya Garcia,priya.garcia3297@gmail.com,France,2024-03-24,Basic,1709.36
3298,William Lopez,william.lopez3298@company.org,United States,2023-10-23,Basic,1012.93
3299,Neha Brown,neha.brown3299@yahoo.com,Brazil,2020-06-14,Basic,1399.43
3300,Sarah Davis,sarah.davis3300@techcorp.io,Germany,2020-09-20,Premium,464.35
3301,Mei Jones,mei.jones3301@gmail.com,Germany,2020-11-08,Standard,3758.46
3302,Thomas Brown,thomas.brown3302@techcorp.io,Australia,2021-09-21,Standard,2740.03
3303,Sarah Wang,sarah.wang3303@example.com,Canada,2020-02-04,Basic,3829.7
3304,Patricia Zhang,patricia.zhang3304@outlook.com,Canada,2020-08-27,Standard,1581.05
3305,Elizabeth Jones,elizabeth.jones3305@techcorp.io,United States,2020-06-23,Standard,929.42
3306,Sofia Zhang,sofia.zhang3306@example.com,Japan,2025-05-21,Basic,4167.95
3307,Thomas Sharma,thomas.sharma3307@techcorp.io,France,2024-07-03,Standard,4731.37
3308,Richard Martinez,richard.martinez3308@techcorp.io,India,2024-11-18,Premium,690.04
3309,Elizabeth Garcia,elizabeth.garcia3309@gmail.com,Germany,2024-11-21,Basic,936.28
3310,Michael Garcia,michael.garcia3310@gmail.com,Canada,2020-09-18,Basic,1457.39
3311,Karen Rodriguez,karen.rodriguez3311@company.org,United Kingdom,2021-04-06,Standard,3677.06
3312,Thomas Lee,thomas.lee3312@techcorp.io,India,2021-01-03,Standard,4320.37
3313,Joseph Jones,joseph.jones3313@example.com,Canada,2021-01-30,Premium,846.37
3314,Amit Miller,amit.miller3314@gmail.com,Brazil,2020-03-22,Basic,1135.73
3315,Susan Singh,susan.singh3315@example.com,United States,2021-11-19,Premium,60.55
3316,James Verma,james.verma3316@yahoo.com,Germany,2023-10-10,Basic,2742.66
3317,Michael Brown,michael.brown3317@gmail.com,Australia,2020-07-09,Standard,4057.58
3318,William Davis,william.davis3318@company.org,United Kingdom,2020-01-08,Standard,2788.1
3319,Jennifer Singh,jennifer.singh3319@company.org,Germany,2020-09-12,Basic,2282.95
3320,Sarah Singh,sarah.singh3320@yahoo.com,Japan,2024-11-21,Basic,4296.08
3321,Jennifer Kim,jennifer.kim3321@yahoo.com,Brazil,2024-04-27,Premium,3958.54
3322,Michael Miller,michael.miller3322@example.com,France,2020-12-07,Premium,1714.3
3323,Patricia Gonzalez,patricia.gonzalez3323@company.org,France,2021-12-26,Standard,2301.64
3324,Linda Singh,linda.singh3324@company.org,Canada,2021-03-21,Basic,4867.08
3325,Michael Jones,michael.jones3325@techcorp.io,Brazil,2021-10-04,Basic,4505.34
3326,Amit Lopez,amit.lopez3326@yahoo.com,India,2022-07-05,Standard,4493.67
3327,Joseph Lopez,joseph.lopez3327@techcorp.io,India,2025-05-07,Standard,3555.82
3328,Arjun Smith,arjun.smith3328@example.com,Japan,2025-07-12,Standard,520.11
3329,Mary Singh,mary.singh3329@techcorp.io,Australia,2021-11-15,Basic,3192.28
3330,Sofia Kim,sofia.kim3330@company.org,India,2022-12-27,Basic,3863.11
3331,Karen Jones,karen.jones3331@example.com,Japan,2024-08-05,Basic,2330.19
3332,Thomas Brown,thomas.brown3332@outlook.com,France,2022-10-08,Premium,3479.26
3333,Barbara Wang,barbara.wang3333@yahoo.com,United States,2021-09-09,Premium,1984.41
3334,Barbara Patel,barbara.patel3334@company.org,France,2021-11-30,Premium,4355.89
3335,Charles Brown,charles.brown3335@yahoo.com,Australia,2025-01-09,Basic,1574.84
3336,Thomas Lee,thomas.lee3336@company.org,Germany,2023-11-07,Standard,1156.4
3337,William Singh,william.singh3337@techcorp.io,United States,2024-12-25,Premium,1524.41
3338,Robert Lee,robert.lee3338@company.org,United States,2024-12-27,Standard,3155.64
3339,Robert Lopez,robert.lopez3339@example.com,France,2023-06-01,Basic,3834.13
3340,Charles Lopez,charles.lopez3340@example.com,Japan,2020-03-29,Premium,69.04
3341,Ananya Lopez,ananya.lopez3341@example.com,Canada,2025-08-01,Standard,2817.79
3342,Priya Lopez,priya.lopez3342@company.org,Canada,2024-07-19,Standard,422.58
3343,Thomas Miller,thomas.miller3343@company.org,Brazil,2023-05-23,Basic,2084.22
3344,Linda Martinez,linda.martinez3344@example.com,Brazil,2023-11-07,Basic,2023.41
3345,Charles Kim,charles.kim3345@company.org,India,2024-04-08,Standard,3893.21
3346,Sarah Smith,sarah.smith3346@outlook.com,Canada,2023-07-18,Basic,3972.06
3347,Jennifer Gonzalez,jennifer.gonzalez3347@company.org,France,2020-02-10,Standard,4826.02
3348,Patricia Johnson,patricia.johnson3348@yahoo.com,France,2021-07-25,Standard,243.47
3349,Richard Martinez,richard.martinez3349@company.org,United States,2020-03-15,Premium,936.75
3350,Sarah Rodriguez,sarah.rodriguez3350@outlook.com,Brazil,2021-03-03,Basic,52.7
3351,Carlos Kim,carlos.kim3351@company.org,Brazil,2022-02-17,Premium,4032.26
3352,David Wang,david.wang3352@outlook.com,Brazil,2022-08-28,Premium,2995.27
3353,Jessica Rodriguez,jessica.rodriguez3353@techcorp.io,India,2023-11-24,Standard,4922.03
3354,Linda Smith,linda.smith3354@yahoo.com,Japan,2024-02-26,Basic,283.85
3355,Michael Johnson,michael.johnson3355@techcorp.io,Australia,2024-05-17,Premium,2046.32
3356,Charles Lopez,charles.lopez3356@outlook.com,United Kingdom,2020-03-11,Standard,1967.64
3357,Patricia Kim,patricia.kim3357@outlook.com,United Kingdom,2024-11-30,Premium,3341.58
3358,Carlos Martinez,carlos.martinez3358@example.com,Japan,2020-07-31,Premium,3817.79
3359,Sofia Smith,sofia.smith3359@techcorp.io,India,2025-04-17,Basic,2101.5
3360,Rahul Johnson,rahul.johnson3360@gmail.com,India,2022-04-15,Standard,1893.19
3361,Amit Brown,amit.brown3361@gmail.com,United Kingdom,2023-01-16,Standard,1549.93
3362,William Jones,william.jones3362@company.org,United States,2024-05-30,Standard,1407.58
3363,David Singh,david.singh3363@company.org,France,2024-03-12,Basic,1539.37
3364,Mary Patel,mary.patel3364@yahoo.com,Germany,2021-04-23,Standard,4555.3
3365,Karen Lopez,karen.lopez3365@example.com,Japan,2021-07-14,Standard,4665.57
3366,Arjun Garcia,arjun.garcia3366@yahoo.com,Germany,2021-05-26,Premium,89.18
3367,Linda Miller,linda.miller3367@techcorp.io,Canada,2024-12-05,Basic,1330.17
3368,Elizabeth Wang,elizabeth.wang3368@example.com,Canada,2023-03-27,Premium,3938.06
3369,Barbara Lopez,barbara.lopez3369@yahoo.com,France,2023-08-29,Basic,527.13
3370,Wei Davis,wei.davis3370@company.org,United Kingdom,2023-07-04,Basic,2471.04
3371,John Jones,john.jones3371@outlook.com,Australia,2023-11-25,Basic,553.06
3372,Amit Lopez,amit.lopez3372@gmail.com,United States,2022-10-17,Standard,682.24
3373,Jennifer Williams,jennifer.williams3373@gmail.com,Japan,2022-08-28,Premium,758.77
3374,Joseph Wang,joseph.wang3374@yahoo.com,France,2023-01-13,Premium,3230.56
3375,Neha Davis,neha.davis3375@company.org,Australia,2023-08-07,Premium,3391.78
3376,Sarah Sharma,sarah.sharma3376@yahoo.com,Germany,2023-06-04,Basic,3422.28
3377,Barbara Jones,barbara.jones3377@techcorp.io,Australia,2021-02-19,Standard,622.5
3378,Thomas Sharma,thomas.sharma3378@example.com,Australia,2020-12-10,Standard,379.47
3379,David Johnson,david.johnson3379@company.org,United States,2024-01-27,Standard,3016.47
3380,William Chen,william.chen3380@example.com,Canada,2023-01-07,Standard,1190.09
3381,Barbara Gonzalez,barbara.gonzalez3381@yahoo.com,Australia,2021-08-01,Standard,2219.88
3382,Thomas Martinez,thomas.martinez3382@gmail.com,Japan,2021-05-02,Standard,2923.88
3383,Amit Lee,amit.lee3383@example.com,United Kingdom,2022-11-30,Standard,4244.66
3384,Karen Miller,karen.miller3384@gmail.com,Australia,2022-08-05,Standard,2577.2
3385,James Davis,james.davis3385@yahoo.com,India,2022-06-10,Standard,461.57
3386,Ananya Williams,ananya.williams3386@techcorp.io,United Kingdom,2022-09-08,Premium,2629.77
3387,Karen Garcia,karen.garcia3387@example.com,United States,2025-04-27,Premium,2697.99
3388,Jennifer Kim,jennifer.kim3388@gmail.com,Australia,2021-12-14,Standard,2739.36
3389,Michael Smith,michael.smith3389@outlook.com,Brazil,2024-11-15,Basic,1614.05
3390,John Sharma,john.sharma3390@yahoo.com,India,2024-12-28,Premium,1563.36
3391,David Miller,david.miller3391@outlook.com,United Kingdom,2025-05-30,Premium,297.51
3392,Thomas Lee,thomas.lee3392@gmail.com,Australia,2024-10-06,Premium,2417.91
3393,Elizabeth Rodriguez,elizabeth.rodriguez3393@example.com,Japan,2020-12-24,Premium,2421.99
3394,Neha Patel,neha.patel3394@yahoo.com,France,2020-09-24,Standard,1161.2
3395,Wei Patel,wei.patel3395@yahoo.com,Canada,2024-03-20,Premium,3979.64
3396,William Sharma,william.sharma3396@gmail.com,United States,2020-05-31,Basic,288.71
3397,Karen Kim,karen.kim3397@outlook.com,Japan,2022-07-22,Premium,133.96
3398,Carlos Davis,carlos.davis3398@techcorp.io,Australia,2021-11-01,Basic,3536.15
3399,Sarah Lopez,sarah.lopez3399@example.com,Brazil,2023-04-04,Standard,892.5
3400,Elizabeth Patel,elizabeth.patel3400@outlook.com,Brazil,2023-05-03,Premium,3767.86
3401,Carlos Lopez,carlos.lopez3401@techcorp.io,Japan,2024-02-27,Standard,894.95
3402,Sofia Verma,sofia.verma3402@example.com,Australia,2023-11-28,Premium,675.77
3403,Thomas Brown,thomas.brown3403@company.org,United States,2022-01-03,Basic,403.71
3404,Neha Lee,neha.lee3404@example.com,Brazil,2020-10-30,Basic,1531.24
3405,Sarah Miller,sarah.miller3405@techcorp.io,Japan,2020-12-01,Standard,121.22
3406,David Lee,david.lee3406@company.org,Canada,2022-12-11,Standard,4063.88
3407,Ananya Rodriguez,ananya.rodriguez3407@yahoo.com,France,2025-07-26,Basic,2639.21
3408,Richard Zhang,richard.zhang3408@gmail.com,India,2022-01-16,Premium,1127.31
3409,James Miller,james.miller3409@company.org,Brazil,2023-10-31,Standard,4252.16
3410,Patricia Williams,patricia.williams3410@company.org,United Kingdom,2025-07-06,Premium,444.94
3411,Sofia Sharma,sofia.sharma3411@company.org,United States,2020-04-02,Premium,3984.89
3412,Priya Lee,priya.lee3412@techcorp.io,Germany,2021-03-07,Standard,2366.65
3413,Mary Verma,mary.verma3413@outlook.com,Germany,2024-10-07,Standard,2946.75
3414,Linda Verma,linda.verma3414@gmail.com,Australia,2020-03-25,Premium,2350.16
3415,Neha Smith,neha.smith3415@techcorp.io,Australia,2022-03-10,Basic,3383.01
3416,James Brown,james.brown3416@gmail.com,United Kingdom,2020-11-22,Basic,1280.67
3417,Mei Kim,mei.kim3417@yahoo.com,Japan,2023-06-13,Basic,3249.28
3418,David Verma,david.verma3418@gmail.com,United Kingdom,2024-10-13,Basic,2891.14
3419,Amit Zhang,amit.zhang3419@outlook.com,Brazil,2021-02-17,Premium,3600.04
3420,Mary Martinez,mary.martinez3420@outlook.com,United States,2021-07-09,Standard,1100.28
3421,Joseph Miller,joseph.miller3421@example.com,India,2023-11-06,Premium,3985.62
3422,Thomas Wang,thomas.wang3422@yahoo.com,France,2024-07-04,Basic,4579.31
3423,John Miller,john.miller3423@techcorp.io,Australia,2024-06-30,Premium,1264.46
3424,Barbara Davis,barbara.davis3424@company.org,United States,2020-01-30,Premium,1702.62
3425,David Singh,david.singh3425@gmail.com,Australia,2023-04-10,Standard,3345.01
3426,John Gonzalez,john.gonzalez3426@outlook.com,France,2024-03-18,Basic,2944.68
3427,Charles Garcia,charles.garcia3427@outlook.com,Australia,2021-04-18,Basic,1930.16
3428,Linda Patel,linda.patel3428@techcorp.io,United States,2021-07-02,Premium,4559.52
3429,Jessica Wang,jessica.wang3429@yahoo.com,Japan,2020-04-25,Basic,2746.28
3430,Susan Gonzalez,susan.gonzalez3430@example.com,France,2020-01-20,Standard,4574.86
3431,Elizabeth Garcia,elizabeth.garcia3431@company.org,India,2024-03-27,Standard,1319.3
3432,Wei Singh,wei.singh3432@gmail.com,United States,2021-03-05,Premium,4995.92
3433,Joseph Sharma,joseph.sharma3433@techcorp.io,United Kingdom,2023-10-03,Premium,4367.35
3434,Rahul Martinez,rahul.martinez3434@example.com,Canada,2020-06-24,Standard,4818.51
3435,Mary Miller,mary.miller3435@techcorp.io,Brazil,2020-01-06,Basic,2477.55
3436,Michael Smith,,Germany,2025-06-16,Standard,1082.23
3437,Robert Zhang,robert.zhang3437@gmail.com,Canada,2022-11-27,Premium,1389.41
3438,Patricia Zhang,patricia.zhang3438@company.org,United Kingdom,2023-07-22,Basic,4636.5
3439,Charles Singh,charles.singh3439@company.org,United States,2024-09-09,Standard,2040.55
3440,Amit Lopez,amit.lopez3440@techcorp.io,United States,2021-12-12,Basic,2553.0
3441,Arjun Rodriguez,arjun.rodriguez3441@company.org,Brazil,2025-02-03,Standard,4362.29
3442,Arjun Verma,arjun.verma3442@gmail.com,United Kingdom,2023-09-08,Premium,3755.65
3443,Joseph Jones,joseph.jones3443@example.com,India,2025-01-31,Standard,4446.92
3444,James Gonzalez,james.gonzalez3444@example.com,Brazil,2021-05-05,Basic,3799.92
3445,Wei Rodriguez,wei.rodriguez3445@techcorp.io,United States,2022-04-11,Standard,4738.2
3446,Charles Zhang,charles.zhang3446@company.org,India,2025-07-14,Basic,2764.46
3447,Joseph Gonzalez,joseph.gonzalez3447@techcorp.io,Australia,2022-06-30,Premium,1208.48
3448,Richard Martinez,richard.martinez3448@example.com,Japan,2020-02-27,Standard,516.75
3449,Amit Smith,amit.smith3449@company.org,United States,2021-04-06,Standard,1005.36
3450,Wei Gonzalez,wei.gonzalez3450@example.com,United States,2022-02-02,Premium,682.2
3451,Robert Verma,robert.verma3451@outlook.com,Germany,2020-06-10,Standard,385.71
3452,Mei Garcia,mei.garcia3452@yahoo.com,India,2020-05-22,Premium,3279.25
3453,Joseph Chen,joseph.chen3453@yahoo.com,United States,2023-01-04,Standard,378.11
3454,Mary Wang,mary.wang3454@techcorp.io,Canada,2021-02-12,Premium,1114.7
3455,William Verma,william.verma3455@yahoo.com,Brazil,2020-11-04,Basic,3125.85
3456,Amit Lopez,amit.lopez3456@outlook.com,India,2021-08-14,Basic,3765.73
3457,Sarah Chen,sarah.chen3457@gmail.com,Brazil,2025-04-28,Basic,3734.82
3458,William Lee,william.lee3458@example.com,United Kingdom,2022-01-20,Basic,1897.31
3459,Jessica Martinez,jessica.martinez3459@yahoo.com,Germany,2023-04-01,Basic,1361.82
3460,Carlos Gonzalez,carlos.gonzalez3460@techcorp.io,United Kingdom,2021-12-07,Standard,543.41
3461,Sarah Lopez,sarah.lopez3461@gmail.com,United States,2022-02-27,Standard,1943.73
3462,Susan Brown,susan.brown3462@techcorp.io,France,2022-05-31,Basic,2400.71
3463,Robert Kim,robert.kim3463@example.com,Japan,2021-11-26,Basic,4674.54
3464,Robert Johnson,robert.johnson3464@gmail.com,Australia,2022-08-26,Standard,4471.65
3465,Susan Jones,susan.jones3465@gmail.com,Australia,2022-03-16,Standard,4794.26
3466,Charles Smith,charles.smith3466@gmail.com,Australia,2025-03-19,Standard,3044.33
3467,James Johnson,james.johnson3467@gmail.com,Japan,2022-09-23,Basic,1701.01
3468,Ananya Lee,ananya.lee3468@gmail.com,United States,2025-03-04,Basic,3095.91
3469,John Miller,john.miller3469@gmail.com,Japan,2021-12-04,Basic,512.94
3470,Michael Kim,michael.kim3470@example.com,United States,2025-04-19,Basic,3292.68
3471,Jessica Jones,jessica.jones3471@yahoo.com,India,2020-04-12,Standard,1615.26
3472,Sofia Rodriguez,sofia.rodriguez3472@techcorp.io,France,2021-04-03,Standard,599.25
3473,Jennifer Kim,jennifer.kim3473@gmail.com,Japan,2020-01-26,Standard,1321.33
3474,Linda Singh,linda.singh3474@gmail.com,Germany,2022-07-12,Standard,1501.02
3475,Ananya Jones,ananya.jones3475@yahoo.com,Australia,2021-08-13,Basic,3257.33
3476,James Jones,james.jones3476@outlook.com,Germany,2022-05-29,Premium,1385.9
3477,John Jones,john.jones3477@techcorp.io,United States,2023-01-17,Standard,3722.44
3478,Joseph Wang,joseph.wang3478@yahoo.com,France,2020-04-02,Basic,3388.29
3479,Susan Gonzalez,susan.gonzalez3479@techcorp.io,Australia,2023-07-17,Basic,1162.01
3480,Robert Wang,robert.wang3480@example.com,India,2025-03-22,Premium,4100.79
3481,Neha Kim,neha.kim3481@gmail.com,Germany,2023-01-12,Standard,4144.45
3482,Barbara Lee,barbara.lee3482@company.org,Australia,2021-04-03,Standard,233.42
3483,Patricia Brown,patricia.brown3483@company.org,India,2023-08-02,Premium,2928.14
3484,Wei Williams,wei.williams3484@yahoo.com,France,2024-07-15,Premium,1463.4
3485,Karen Kim,karen.kim3485@example.com,Canada,2025-05-15,Premium,2168.4
3486,Carlos Zhang,carlos.zhang3486@techcorp.io,France,2021-06-03,Basic,2344.86
3487,Mary Smith,mary.smith3487@company.org,Brazil,2023-01-07,Standard,2308.12
3488,James Zhang,james.zhang3488@techcorp.io,United Kingdom,2024-11-30,Premium,2809.58
3489,John Lee,john.lee3489@gmail.com,United States,2025-07-02,Standard,3117.57
3490,Charles Jones,charles.jones3490@gmail.com,France,2023-05-16,Basic,299.24
3491,Charles Zhang,charles.zhang3491@yahoo.com,France,2021-06-07,Basic,3937.84
3492,Linda Rodriguez,linda.rodriguez3492@company.org,Canada,2024-11-25,Standard,2272.78
3493,Mary Zhang,mary.zhang3493@yahoo.com,India,2022-07-06,Premium,4829.05
3494,Susan Sharma,susan.sharma3494@outlook.com,France,2022-02-06,Basic,3586.36
3495,James Garcia,james.garcia3495@gmail.com,Germany,2022-03-27,Premium,3647.92
3496,Priya Jones,priya.jones3496@gmail.com,Australia,2023-09-08,Basic,4399.31
3497,Arjun Miller,arjun.miller3497@gmail.com,United States,2020-03-25,Basic,2765.29
3498,Richard Davis,richard.davis3498@outlook.com,France,2025-01-31,Basic,2989.03
3499,Karen Smith,karen.smith3499@gmail.com,Brazil,2021-01-03,Basic,1298.01
3500,Richard Smith,richard.smith3500@gmail.com,India,2024-04-23,Premium,3777.19
3501,Rahul Jones,rahul.jones3501@yahoo.com,Germany,2025-07-18,Basic,4672.4
3502,Neha Lee,neha.lee3502@techcorp.io,Brazil,2025-02-26,Premium,3595.99
3503,Mary Patel,mary.patel3503@gmail.com,Brazil,2023-10-11,Standard,2739.47
3504,Wei Williams,wei.williams3504@company.org,France,2025-05-20,Standard,1973.11
3505,Mary Johnson,mary.johnson3505@gmail.com,Brazil,2023-02-09,Premium,1134.63
3506,Susan Brown,susan.brown3506@gmail.com,United Kingdom,2024-12-30,Basic,4651.37
3507,Thomas Williams,thomas.williams3507@outlook.com,India,2024-02-21,Premium,1332.73
3508,Thomas Jones,thomas.jones3508@company.org,Canada,2021-09-06,Basic,986.11
3509,William Smith,william.smith3509@gmail.com,Australia,2022-04-13,Standard,3825.06
3510,William Singh,william.singh3510@example.com,United States,2025-01-02,Standard,1906.56
3511,Charles Lopez,charles.lopez3511@company.org,Canada,2023-03-06,Premium,4458.33
3512,William Patel,william.patel3512@example.com,Japan,2021-08-30,Premium,315.66
3513,Mary Kim,mary.kim3513@yahoo.com,Canada,2020-03-06,Basic,3546.38
3514,Sarah Williams,sarah.williams3514@techcorp.io,Brazil,2021-09-15,Basic,3280.46
3515,Thomas Chen,thomas.chen3515@company.org,Canada,2020-01-05,Basic,4806.81
3516,Richard Jones,richard.jones3516@gmail.com,Brazil,2023-11-20,Premium,4441.85
3517,Jessica Rodriguez,jessica.rodriguez3517@techcorp.io,Australia,2021-07-10,Standard,1175.64
3518,Sofia Verma,sofia.verma3518@techcorp.io,United Kingdom,2024-08-12,Standard,840.86
3519,Sofia Davis,sofia.davis3519@outlook.com,Japan,2020-03-12,Basic,1508.56
3520,Jennifer Lopez,jennifer.lopez3520@gmail.com,Brazil,2021-07-25,Premium,3521.04
3521,Patricia Kim,patricia.kim3521@gmail.com,France,2020-10-11,Premium,924.61
3522,Rahul Sharma,rahul.sharma3522@outlook.com,United States,2023-03-20,Premium,4338.07
3523,Richard Brown,richard.brown3523@gmail.com,United States,2025-03-18,Premium,905.82
3524,Mary Rodriguez,mary.rodriguez3524@example.com,France,2020-04-06,Basic,472.0
3525,Sarah Davis,sarah.davis3525@company.org,Germany,2025-02-20,Basic,196.64
3526,Neha Garcia,neha.garcia3526@yahoo.com,Germany,2024-10-15,Basic,1786.7
3527,Robert Smith,robert.smith3527@techcorp.io,Canada,2024-03-12,Basic,2513.9
3528,Susan Singh,susan.singh3528@outlook.com,United Kingdom,2022-11-25,Standard,1940.09
3529,Mary Martinez,mary.martinez3529@techcorp.io,Germany,2021-08-14,Standard,2123.86
3530,Linda Gonzalez,linda.gonzalez3530@outlook.com,France,2020-04-13,Basic,3129.09
3531,David Davis,david.davis3531@gmail.com,Australia,2025-08-06,Premium,3730.43
3532,Rahul Miller,rahul.miller3532@techcorp.io,Canada,2025-07-07,Basic,1334.39
3533,Barbara Kim,barbara.kim3533@example.com,India,2025-07-04,Standard,2697.05
3534,Jennifer Sharma,jennifer.sharma3534@gmail.com,Germany,2025-02-22,Premium,4765.93
3535,Richard Chen,richard.chen3535@gmail.com,Brazil,2024-05-24,Standard,3532.78
3536,Richard Verma,richard.verma3536@techcorp.io,France,2021-09-17,Basic,1416.51
3537,John Lopez,john.lopez3537@example.com,France,2024-12-15,Premium,4288.48
3538,William Lopez,william.lopez3538@outlook.com,Japan,2025-03-28,Basic,3328.84
3539,Charles Johnson,charles.johnson3539@techcorp.io,United Kingdom,2024-01-21,Basic,230.67
3540,Sofia Brown,sofia.brown3540@company.org,Canada,2025-08-12,Premium,2442.69
3541,Elizabeth Jones,elizabeth.jones3541@yahoo.com,United Kingdom,2023-07-06,Standard,4067.89
3542,Elizabeth Johnson,elizabeth.johnson3542@outlook.com,France,2024-03-29,Premium,804.18
3543,Patricia Jones,patricia.jones3543@gmail.com,Australia,2024-11-07,Standard,3042.78
3544,Arjun Verma,arjun.verma3544@yahoo.com,Australia,2022-11-17,Premium,3938.99
3545,James Patel,james.patel3545@techcorp.io,Canada,2023-03-05,Premium,4100.88
3546,Arjun Brown,arjun.brown3546@gmail.com,Japan,2022-03-12,Premium,2774.63
3547,Thomas Jones,thomas.jones3547@example.com,United Kingdom,2020-01-11,Premium,2173.72
3548,Elizabeth Davis,elizabeth.davis3548@outlook.com,Canada,2025-08-11,Premium,4041.14
3549,Neha Williams,neha.williams3549@company.org,Brazil,2023-02-09,Premium,4016.79
3550,Sarah Smith,sarah.smith3550@example.com,France,2022-11-29,Basic,1769.22
3551,Patricia Brown,patricia.brown3551@gmail.com,Germany,2021-01-08,Basic,4085.13
3552,Barbara Martinez,barbara.martinez3552@yahoo.com,Canada,2020-12-02,Premium,973.12
3553,Mei Smith,mei.smith3553@gmail.com,France,2020-07-27,Standard,3075.94
3554,Thomas Singh,thomas.singh3554@gmail.com,United Kingdom,2025-07-27,Basic,547.38
3555,Neha Gonzalez,neha.gonzalez3555@company.org,France,2020-08-04,Basic,1053.05
3556,Mary Miller,mary.miller3556@gmail.com,Japan,2020-07-21,Basic,492.85
3557,William Johnson,william.johnson3557@gmail.com,United Kingdom,2023-05-04,Standard,4075.79
3558,Linda Brown,linda.brown3558@techcorp.io,Japan,2021-02-09,Premium,4122.05
3559,Arjun Gonzalez,arjun.gonzalez3559@company.org,France,2020-07-05,Premium,569.56
3560,Rahul Patel,rahul.patel3560@yahoo.com,Australia,2020-07-27,Premium,2561.27
3561,Patricia Lee,patricia.lee3561@techcorp.io,Canada,2025-03-26,Premium,1676.85
3562,Barbara Smith,barbara.smith3562@techcorp.io,India,2020-11-11,Basic,4793.11
3563,David Davis,david.davis3563@outlook.com,Brazil,2021-11-09,Premium,640.93
3564,Jessica Garcia,jessica.garcia3564@company.org,Brazil,2024-12-22,Premium,3736.15
3565,Jessica Jones,jessica.jones3565@example.com,United States,2022-07-17,Standard,604.16
3566,Susan Brown,susan.brown3566@example.com,United States,2021-03-30,Premium,2376.41
3567,Wei Jones,wei.jones3567@yahoo.com,United Kingdom,2024-04-22,Standard,2431.55
3568,Arjun Brown,arjun.brown3568@company.org,United Kingdom,2025-06-10,Standard,4195.63
3569,Mary Chen,mary.chen3569@example.com,Brazil,2021-03-10,Basic,951.2
3570,Elizabeth Kim,elizabeth.kim3570@gmail.com,Brazil,2024-02-09,Standard,2354.33
3571,Thomas Johnson,thomas.johnson3571@gmail.com,Germany,2022-11-18,Premium,4347.23
3572,Michael Jones,michael.jones3572@yahoo.com,France,2022-02-01,Basic,4852.88
3573,Patricia Patel,patricia.patel3573@company.org,United States,2024-04-23,Premium,3361.0
3574,Richard Kim,richard.kim3574@outlook.com,Japan,2022-11-29,Standard,3348.59
3575,James Patel,james.patel3575@example.com,Australia,2020-09-28,Standard,3117.73
3576,Patricia Davis,patricia.davis3576@company.org,Australia,2021-08-04,Basic,1643.18
3577,Neha Brown,neha.brown3577@example.com,Canada,2021-08-17,Standard,409.86
3578,Jessica Smith,jessica.smith3578@yahoo.com,United Kingdom,2024-01-30,Basic,4897.16
3579,Wei Gonzalez,wei.gonzalez3579@company.org,Canada,2021-10-03,Standard,4250.25
3580,Amit Brown,amit.brown3580@company.org,Brazil,2022-06-28,Premium,727.92
3581,Sarah Martinez,sarah.martinez3581@company.org,India,2022-06-21,Basic,100.58
3582,Sofia Brown,sofia.brown3582@techcorp.io,France,2020-11-01,Basic,1616.14
3583,Linda Johnson,linda.johnson3583@yahoo.com,India,2024-02-17,Basic,1916.43
3584,Neha Verma,neha.verma3584@techcorp.io,Brazil,2024-05-08,Premium,1489.47
3585,Amit Davis,amit.davis3585@yahoo.com,Australia,2022-08-11,Standard,2772.26
3586,John Smith,john.smith3586@outlook.com,United States,2021-04-30,Standard,4564.82
3587,Susan Rodriguez,susan.rodriguez3587@yahoo.com,Japan,2024-10-04,Basic,1634.28
3588,Linda Kim,linda.kim3588@outlook.com,Australia,2021-03-31,Basic,2752.74
3589,John Chen,john.chen3589@example.com,Australia,2021-02-07,Basic,1209.34
3590,Barbara Lee,barbara.lee3590@example.com,Brazil,2021-02-07,Standard,1843.29
3591,Robert Patel,robert.patel3591@techcorp.io,United States,2025-03-06,Basic,1174.06
3592,Richard Smith,richard.smith3592@yahoo.com,Canada,2023-04-13,Standard,3803.97
3593,Wei Verma,wei.verma3593@outlook.com,France,2025-03-09,Standard,749.66
3594,Barbara Williams,barbara.williams3594@example.com,India,2020-04-21,Standard,1057.69
3595,Wei Zhang,wei.zhang3595@example.com,India,2024-01-21,Standard,4037.27
3596,Arjun Gonzalez,arjun.gonzalez3596@example.com,Brazil,2022-07-30,Standard,3339.67
3597,Mary Miller,mary.miller3597@gmail.com,Japan,2023-07-26,Standard,4894.57
3598,Thomas Smith,thomas.smith3598@yahoo.com,Japan,2023-04-29,Basic,4210.66
3599,Thomas Sharma,thomas.sharma3599@techcorp.io,Japan,2022-01-11,Standard,296.56
3600,Charles Garcia,charles.garcia3600@outlook.com,Canada,2024-06-03,Premium,2663.98
3601,Robert Chen,robert.chen3601@yahoo.com,Brazil,2023-05-14,Basic,2271.04
3602,Susan Rodriguez,susan.rodriguez3602@yahoo.com,United States,2024-12-29,Premium,4467.22
3603,Priya Miller,priya.miller3603@yahoo.com,Japan,2020-10-03,Premium,1072.31
3604,David Miller,david.miller3604@techcorp.io,Brazil,2024-06-30,Standard,2116.97
3605,Robert Verma,robert.verma3605@company.org,Germany,2022-06-11,Premium,2184.63
3606,Thomas Wang,thomas.wang3606@company.org,United States,2024-07-22,Premium,3485.71
3607,Ananya Rodriguez,ananya.rodriguez3607@company.org,Brazil,2024-05-30,Premium,3413.15
3608,Jennifer Johnson,jennifer.johnson3608@techcorp.io,Australia,2024-02-26,Basic,1335.56
3609,Barbara Smith,barbara.smith3609@techcorp.io,Brazil,2021-08-16,Standard,1040.07
3610,Susan Williams,susan.williams3610@outlook.com,Japan,2024-10-23,Standard,3893.73
3611,David Miller,david.miller3611@techcorp.io,Australia,2024-08-12,Standard,335.98
3612,Jessica Zhang,jessica.zhang3612@company.org,Japan,2025-08-09,Premium,1728.05
3613,William Garcia,william.garcia3613@example.com,India,2020-04-23,Basic,4164.31
3614,Thomas Rodriguez,thomas.rodriguez3614@yahoo.com,Germany,2025-05-07,Basic,4308.55
3615,Neha Jones,neha.jones3615@example.com,United Kingdom,2022-01-08,Basic,3545.52
3616,Jennifer Gonzalez,jennifer.gonzalez3616@yahoo.com,Japan,2021-02-27,Basic,3819.8
3617,Wei Chen,wei.chen3617@outlook.com,Japan,2024-10-10,Premium,647.43
3618,Jessica Brown,jessica.brown3618@example.com,Germany,2020-08-22,Standard,830.19
3619,Carlos Kim,carlos.kim3619@outlook.com,India,2023-03-29,Standard,4193.89
3620,Richard Lee,richard.lee3620@company.org,United Kingdom,2020-05-12,Standard,919.82
3621,Patricia Singh,patricia.singh3621@company.org,United States,2022-04-29,Premium,4289.57
3622,Jennifer Garcia,jennifer.garcia3622@gmail.com,Germany,2024-08-19,Premium,3983.83
3623,James Brown,james.brown3623@outlook.com,Germany,2024-06-16,Standard,2502.51
3624,John Johnson,john.johnson3624@example.com,Brazil,2020-04-13,Basic,2280.36
3625,Carlos Smith,carlos.smith3625@yahoo.com,India,2024-06-26,Basic,2255.96
3626,Arjun Johnson,arjun.johnson3626@outlook.com,United States,2020-05-14,Standard,2937.35
3627,Michael Garcia,michael.garcia3627@example.com,Japan,2022-01-21,Standard,4588.26
3628,Richard Lee,richard.lee3628@yahoo.com,India,2024-12-09,Basic,2837.85
3629,Ananya Chen,ananya.chen3629@example.com,United Kingdom,2020-01-22,Premium,1150.35
3630,Charles Johnson,charles.johnson3630@techcorp.io,France,2023-08-24,Standard,351.28
3631,Carlos Verma,carlos.verma3631@company.org,Brazil,2023-08-24,Basic,3509.46
3632,Linda Lopez,linda.lopez3632@yahoo.com,Germany,2025-03-07,Premium,832.12
3633,Arjun Wang,arjun.wang3633@yahoo.com,Brazil,2020-12-22,Basic,4479.3
3634,Patricia Patel,patricia.patel3634@yahoo.com,Australia,2020-07-14,Standard,4875.95
3635,Charles Singh,charles.singh3635@gmail.com,Germany,2024-10-29,Premium,2127.92
3636,Richard Gonzalez,richard.gonzalez3636@outlook.com,Germany,2025-02-01,Basic,2787.18
3637,Elizabeth Verma,elizabeth.verma3637@yahoo.com,Japan,2022-12-20,Premium,3757.15
3638,Charles Verma,charles.verma3638@gmail.com,Japan,2020-01-03,Premium,4302.85
3639,Susan Martinez,susan.martinez3639@gmail.com,France,2025-07-21,Standard,3780.01
3640,Mei Smith,mei.smith3640@yahoo.com,United States,2020-02-11,Premium,3588.6
3641,Patricia Lee,patricia.lee3641@yahoo.com,United States,2021-11-10,Basic,3869.65
3642,Carlos Verma,carlos.verma3642@outlook.com,United Kingdom,2020-05-13,Standard,1332.29
3643,Charles Johnson,charles.johnson3643@company.org,United Kingdom,2021-12-11,Basic,1775.05
3644,Michael Davis,michael.davis3644@yahoo.com,Germany,2020-01-27,Basic,1261.16
3645,John Johnson,john.johnson3645@yahoo.com,Australia,2023-09-19,Standard,4274.86
3646,Mary Brown,mary.brown3646@company.org,United Kingdom,2023-10-14,Standard,1676.38
3647,Amit Johnson,amit.johnson3647@yahoo.com,France,2023-03-12,Premium,3927.67
3648,Karen Miller,karen.miller3648@yahoo.com,United Kingdom,2021-10-26,Standard,4256.52
3649,Richard Garcia,richard.garcia3649@company.org,France,2021-06-25,Basic,4068.64
3650,James Verma,james.verma3650@company.org,Brazil,2022-08-02,Basic,675.31
3651,Ananya Rodriguez,ananya.rodriguez3651@outlook.com,India,2021-10-24,Premium,334.78
3652,Arjun Sharma,arjun.sharma3652@company.org,France,2023-07-06,Premium,3025.66
3653,Robert Johnson,robert.johnson3653@gmail.com,Germany,2022-09-21,Standard,2037.37
3654,John Wang,john.wang3654@example.com,Canada,2024-03-02,Standard,842.26
3655,Sofia Smith,sofia.smith3655@example.com,Germany,2023-01-03,Premium,509.89
3656,Michael Chen,michael.chen3656@outlook.com,India,2021-06-26,Basic,2007.84
3657,John Davis,john.davis3657@gmail.com,Japan,2024-03-05,Basic,3626.61
3658,Robert Singh,robert.singh3658@outlook.com,Japan,2023-07-28,Basic,3355.51
3659,Thomas Gonzalez,thomas.gonzalez3659@example.com,Canada,2024-04-18,Basic,4491.63
3660,Robert Smith,robert.smith3660@company.org,France,2021-05-08,Standard,4052.83
3661,Linda Smith,linda.smith3661@gmail.com,Germany,2023-01-05,Standard,4379.07
3662,William Johnson,william.johnson3662@yahoo.com,Germany,2021-03-09,Basic,1801.47
3663,Linda Sharma,linda.sharma3663@outlook.com,United States,2023-07-25,Basic,1390.98
3664,Neha Jones,neha.jones3664@gmail.com,India,2023-05-11,Basic,3347.64
3665,Mary Zhang,mary.zhang3665@example.com,Japan,2025-03-03,Premium,741.3
3666,Joseph Lopez,joseph.lopez3666@yahoo.com,Australia,2022-10-26,Basic,808.96
3667,John Zhang,john.zhang3667@company.org,United Kingdom,2022-11-07,Premium,3999.58
3668,David Kim,david.kim3668@gmail.com,Germany,2020-01-31,Standard,3869.72
3669,Jessica Wang,jessica.wang3669@gmail.com,France,2025-07-11,Premium,1941.91
3670,Charles Miller,charles.miller3670@yahoo.com,United Kingdom,2021-11-27,Premium,2968.36
3671,Sarah Singh,sarah.singh3671@outlook.com,India,2024-01-06,Premium,4716.64
3672,Jennifer Sharma,jennifer.sharma3672@example.com,Brazil,2023-04-02,Standard,1410.94
3673,Carlos Zhang,carlos.zhang3673@outlook.com,Brazil,2024-01-11,Premium,2660.09
3674,Michael Kim,michael.kim3674@yahoo.com,Australia,2024-11-25,Premium,3978.99
3675,Robert Patel,robert.patel3675@yahoo.com,United States,2022-12-26,Standard,2437.16
3676,Priya Lee,priya.lee3676@yahoo.com,Australia,2023-06-03,Basic,4318.2
3677,Rahul Sharma,rahul.sharma3677@techcorp.io,Australia,2020-11-24,Premium,1989.36
3678,Sarah Garcia,sarah.garcia3678@yahoo.com,Germany,2023-12-06,Basic,3787.16
3679,Sarah Garcia,sarah.garcia3679@outlook.com,France,2021-11-19,Standard,2263.75
3680,Sarah Singh,sarah.singh3680@yahoo.com,Canada,2022-01-08,Premium,112.93
3681,Mei Garcia,mei.garcia3681@yahoo.com,United Kingdom,2023-01-25,Basic,1472.99
3682,Charles Garcia,charles.garcia3682@company.org,United States,2020-02-25,Premium,3525.72
3683,Susan Patel,susan.patel3683@yahoo.com,Japan,2020-06-11,Basic,2079.05
3684,James Rodriguez,james.rodriguez3684@outlook.com,United States,2024-01-19,Standard,1011.32
3685,John Wang,john.wang3685@outlook.com,United States,2020-03-17,Premium,1196.42
3686,John Johnson,john.johnson3686@techcorp.io,India,2022-06-18,Basic,1885.14
3687,Michael Kim,michael.kim3687@company.org,Germany,2021-07-04,Basic,1524.5
3688,Joseph Williams,joseph.williams3688@gmail.com,United Kingdom,2024-04-14,Basic,3489.4
3689,Susan Smith,susan.smith3689@company.org,Germany,2025-03-04,Standard,3312.43
3690,David Patel,david.patel3690@outlook.com,France,2021-03-30,Premium,3754.39
3691,Wei Johnson,wei.johnson3691@example.com,France,2021-06-15,Standard,1442.83
3692,Amit Zhang,amit.zhang3692@techcorp.io,Australia,2020-02-12,Basic,2883.59
3693,Linda Chen,linda.chen3693@yahoo.com,United Kingdom,2023-01-16,Standard,496.15
3694,Wei Singh,wei.singh3694@techcorp.io,Germany,2022-07-02,Premium,601.05
3695,Mei Miller,mei.miller3695@example.com,India,2020-02-20,Premium,4687.44
3696,Karen Rodriguez,karen.rodriguez3696@outlook.com,India,2024-11-17,Standard,729.22
3697,Michael Brown,michael.brown3697@example.com,Australia,2023-02-04,Standard,625.71
3698,Neha Miller,neha.miller3698@example.com,Germany,2025-03-15,Standard,3309.54
3699,Richard Zhang,richard.zhang3699@outlook.com,Japan,2024-09-17,Basic,2138.85
3700,Amit Miller,amit.miller3700@outlook.com,Canada,2022-01-07,Premium,4874.66
3701,Wei Rodriguez,wei.rodriguez3701@example.com,India,2025-04-22,Standard,4298.82
3702,Patricia Zhang,patricia.zhang3702@company.org,Japan,2020-03-21,Basic,4187.67
3703,Jessica Lopez,jessica.lopez3703@company.org,United Kingdom,2021-12-07,Standard,3501.8
3704,Mary Garcia,mary.garcia3704@outlook.com,Brazil,2022-06-16,Standard,1572.88
3705,Arjun Rodriguez,arjun.rodriguez3705@gmail.com,Japan,2021-11-20,Basic,1379.91
3706,Susan Sharma,susan.sharma3706@yahoo.com,Brazil,2024-05-11,Premium,1314.87
3707,Charles Smith,charles.smith3707@yahoo.com,Australia,2023-04-16,Premium,1880.13
3708,Linda Patel,linda.patel3708@yahoo.com,France,2020-06-18,Standard,3456.66
3709,Jennifer Miller,jennifer.miller3709@company.org,France,2022-12-26,Basic,3281.54
3710,James Lopez,james.lopez3710@outlook.com,United Kingdom,2025-08-13,Standard,3147.82
3711,David Wang,david.wang3711@techcorp.io,Canada,2021-12-15,Basic,1984.53
3712,William Davis,william.davis3712@outlook.com,United States,2020-05-13,Premium,3916.01
3713,Jessica Kim,jessica.kim3713@gmail.com,Canada,2024-10-16,Basic,1558.39
3714,Mei Gonzalez,mei.gonzalez3714@techcorp.io,France,2021-01-19,Standard,1149.54
3715,Thomas Zhang,thomas.zhang3715@outlook.com,Canada,2022-05-19,Standard,303.59
3716,Neha Patel,neha.patel3716@gmail.com,Brazil,2025-01-22,Premium,4816.94
3717,Barbara Singh,barbara.singh3717@outlook.com,France,2025-03-29,Basic,3413.21
3718,Richard Davis,richard.davis3718@example.com,Brazil,2020-10-02,Standard,3312.65
3719,Carlos Williams,carlos.williams3719@company.org,Australia,2020-05-17,Basic,788.31
3720,Jessica Garcia,jessica.garcia3720@company.org,India,2020-02-15,Premium,1574.92
3721,Mary Chen,mary.chen3721@techcorp.io,Brazil,2024-04-26,Basic,1485.78
3722,Linda Verma,linda.verma3722@example.com,France,2020-05-16,Standard,4502.16
3723,Linda Davis,linda.davis3723@example.com,Canada,2024-10-06,Premium,2570.52
3724,Michael Smith,michael.smith3724@example.com,Japan,2024-12-07,Premium,1094.4
3725,Wei Patel,wei.patel3725@example.com,India,2021-07-09,Basic,3687.73
3726,Susan Singh,susan.singh3726@example.com,Canada,2020-11-28,Premium,129.92
3727,Thomas Chen,thomas.chen3727@company.org,Brazil,2024-10-30,Standard,1129.25
3728,Arjun Sharma,arjun.sharma3728@techcorp.io,United States,2024-05-05,Standard,3769.58
3729,Charles Singh,charles.singh3729@yahoo.com,Canada,2021-11-23,Premium,2599.43
3730,Karen Zhang,karen.zhang3730@example.com,France,2020-04-08,Premium,4226.98
3731,Ananya Gonzalez,ananya.gonzalez3731@outlook.com,United States,2023-05-24,Premium,733.35
3732,Wei Brown,wei.brown3732@techcorp.io,Japan,2020-08-28,Standard,3257.16
3733,Sarah Singh,sarah.singh3733@techcorp.io,India,2024-07-02,Premium,3630.28
3734,James Singh,james.singh3734@example.com,United Kingdom,2022-02-04,Basic,3824.56
3735,Richard Garcia,richard.garcia3735@company.org,United States,2025-04-27,Basic,4720.35
3736,Charles Lee,charles.lee3736@yahoo.com,Brazil,2020-11-24,Premium,4976.22
3737,Wei Kim,wei.kim3737@yahoo.com,Japan,2021-05-06,Premium,811.9
3738,Amit Sharma,amit.sharma3738@yahoo.com,United Kingdom,2025-03-14,Basic,2314.83
3739,Sofia Smith,sofia.smith3739@company.org,France,2023-06-15,Premium,1348.95
3740,Richard Lee,richard.lee3740@outlook.com,Germany,2020-05-03,Basic,3603.92
3741,Charles Kim,charles.kim3741@techcorp.io,United Kingdom,2020-12-22,Premium,3866.86
3742,David Martinez,david.martinez3742@techcorp.io,United States,2021-04-07,Standard,1826.02
3743,Charles Lopez,charles.lopez3743@example.com,Japan,2020-04-19,Standard,3014.13
3744,John Lopez,john.lopez3744@outlook.com,Brazil,2024-12-03,Basic,59.86
3745,William Lopez,william.lopez3745@company.org,Germany,2023-01-17,Basic,2828.99
3746,Thomas Rodriguez,thomas.rodriguez3746@techcorp.io,United Kingdom,2020-08-10,Premium,776.16
3747,Mei Williams,mei.williams3747@example.com,Brazil,2021-04-02,Standard,2383.81
3748,Mei Smith,mei.smith3748@example.com,France,2023-01-15,Premium,1147.88
3749,Patricia Sharma,patricia.sharma3749@techcorp.io,Brazil,2020-07-31,Basic,1929.09
3750,Mei Rodriguez,mei.rodriguez3750@company.org,Germany,2021-01-16,Standard,57.29
3751,Joseph Johnson,joseph.johnson3751@gmail.com,Japan,2020-08-10,Premium,4887.77
3752,Susan Gonzalez,susan.gonzalez3752@outlook.com,United States,2025-01-01,Basic,1057.76
3753,Thomas Gonzalez,thomas.gonzalez3753@company.org,United States,2020-09-25,Standard,838.7
3754,Robert Zhang,robert.zhang3754@yahoo.com,France,2021-12-13,Premium,4357.09
3755,Elizabeth Martinez,elizabeth.martinez3755@company.org,Australia,2020-05-03,Premium,4260.76
3756,Joseph Jones,joseph.jones3756@company.org,Brazil,2023-10-20,Premium,960.06
3757,Rahul Chen,rahul.chen3757@techcorp.io,Canada,2020-12-29,Basic,2123.79
3758,James Singh,james.singh3758@company.org,India,2024-04-25,Basic,898.88
3759,Jessica Patel,jessica.patel3759@example.com,Germany,2020-03-04,Premium,213.81
3760,Robert Smith,robert.smith3760@yahoo.com,India,2025-02-11,Basic,3196.23
3761,Ananya Garcia,ananya.garcia3761@example.com,United Kingdom,2022-12-19,Standard,1383.15
3762,David Lopez,david.lopez3762@example.com,Germany,2022-11-02,Standard,4991.68
3763,Priya Wang,priya.wang3763@gmail.com,India,2022-01-01,Basic,3692.13
3764,Elizabeth Jones,elizabeth.jones3764@outlook.com,Germany,2024-03-11,Basic,2068.72
3765,James Lee,james.lee3765@gmail.com,Germany,2022-07-01,Standard,1852.95
3766,James Garcia,james.garcia3766@company.org,Canada,2025-01-22,Standard,4123.44
3767,Sofia Johnson,sofia.johnson3767@yahoo.com,France,2025-01-12,Basic,702.7
3768,Arjun Martinez,arjun.martinez3768@yahoo.com,France,2023-07-27,Basic,4230.09
3769,Carlos Martinez,carlos.martinez3769@gmail.com,Australia,2023-12-24,Basic,3507.09
3770,Susan Rodriguez,susan.rodriguez3770@company.org,India,2024-12-05,Standard,3905.48
3771,William Smith,william.smith3771@yahoo.com,France,2023-01-19,Premium,2756.58
3772,Patricia Verma,patricia.verma3772@techcorp.io,Japan,2025-08-03,Basic,2612.97
3773,William Patel,william.patel3773@example.com,Germany,2022-03-20,Basic,1192.56
3774,Mary Patel,mary.patel3774@example.com,Japan,2024-07-28,Standard,2947.27
3775,Robert Verma,robert.verma3775@company.org,Canada,2025-06-07,Premium,4530.14
3776,Robert Johnson,robert.johnson3776@outlook.com,Germany,2024-05-03,Basic,870.64
3777,Susan Lee,susan.lee3777@company.org,Germany,2020-02-15,Standard,2113.92
3778,John Chen,john.chen3778@company.org,France,2021-12-25,Basic,4468.07
3779,Richard Lopez,richard.lopez3779@company.org,Germany,2022-10-12,Basic,1637.05
3780,Sarah Wang,sarah.wang3780@example.com,Brazil,2025-03-15,Premium,2502.39
3781,Karen Garcia,karen.garcia3781@outlook.com,France,2020-02-20,Standard,651.02
3782,William Zhang,william.zhang3782@yahoo.com,United States,2022-10-27,Premium,4074.84
3783,Patricia Sharma,patricia.sharma3783@yahoo.com,Brazil,2022-02-15,Premium,468.96
3784,Robert Patel,robert.patel3784@gmail.com,United States,2020-01-19,Basic,1483.48
3785,Mary Gonzalez,mary.gonzalez3785@techcorp.io,Japan,2024-06-21,Basic,4208.38
3786,Neha Williams,neha.williams3786@outlook.com,United Kingdom,2020-05-18,Standard,3668.89
3787,Charles Williams,charles.williams3787@yahoo.com,Canada,2021-04-29,Basic,1060.42
3788,Ananya Lee,ananya.lee3788@example.com,Australia,2021-09-15,Premium,4225.9
3789,Jessica Jones,jessica.jones3789@gmail.com,Brazil,2024-11-15,Premium,1669.76
3790,Priya Patel,priya.patel3790@outlook.com,Germany,2021-07-08,Standard,4547.52
3791,David Lopez,david.lopez3791@techcorp.io,Germany,2020-08-15,Premium,954.12
3792,David Davis,david.davis3792@gmail.com,Japan,2024-10-13,Standard,3062.72
3793,Ananya Brown,ananya.brown3793@company.org,Canada,2024-06-29,Basic,4581.1
3794,Charles Kim,charles.kim3794@gmail.com,Australia,2024-07-05,Premium,701.96
3795,James Williams,james.williams3795@example.com,Australia,2022-10-04,Premium,4679.45
3796,Joseph Lopez,joseph.lopez3796@example.com,France,2021-02-15,Premium,2181.54
3797,David Wang,david.wang3797@yahoo.com,Canada,2020-01-28,Standard,1277.15
3798,Elizabeth Wang,elizabeth.wang3798@outlook.com,India,2021-10-31,Standard,1166.41
3799,John Miller,john.miller3799@example.com,Australia,2024-07-15,Basic,113.03
3800,Jessica Wang,jessica.wang3800@example.com,United Kingdom,2021-11-25,Basic,2506.83
3801,Barbara Johnson,barbara.johnson3801@yahoo.com,France,2020-12-18,Premium,3820.89
3802,Jennifer Johnson,jennifer.johnson3802@yahoo.com,Australia,2020-10-17,Premium,1031.47
3803,Jessica Miller,jessica.miller3803@yahoo.com,Japan,2020-06-14,Basic,1526.44
3804,Jennifer Martinez,jennifer.martinez3804@outlook.com,Canada,2025-01-11,Standard,2772.25
3805,James Rodriguez,james.rodriguez3805@example.com,France,2020-04-15,Standard,3761.47
3806,Sarah Singh,sarah.singh3806@yahoo.com,United Kingdom,2023-07-15,Basic,4618.87
3807,Carlos Smith,,Japan,2024-08-20,Standard,427.27
3808,Arjun Lopez,arjun.lopez3808@gmail.com,Japan,2020-05-19,Premium,2808.95
3809,Arjun Verma,arjun.verma3809@gmail.com,Japan,2022-09-05,Premium,873.97
3810,Sarah Lee,sarah.lee3810@outlook.com,India,2023-01-02,Standard,1948.46
3811,William Johnson,william.johnson3811@company.org,India,2023-12-21,Premium,57.21
3812,Barbara Kim,barbara.kim3812@techcorp.io,India,2021-01-25,Standard,4481.23
3813,Joseph Rodriguez,joseph.rodriguez3813@outlook.com,France,2024-02-07,Basic,3031.27
3814,Patricia Patel,patricia.patel3814@gmail.com,Japan,2025-04-20,Basic,300.36
3815,James Lee,james.lee3815@yahoo.com,United States,2023-06-29,Standard,4469.3
3816,Patricia Kim,patricia.kim3816@outlook.com,United States,2022-10-15,Premium,4619.44
3817,Amit Kim,amit.kim3817@yahoo.com,Germany,2020-11-29,Premium,169.46
3818,Michael Lee,michael.lee3818@example.com,France,2021-10-18,Premium,3670.36
3819,Linda Zhang,linda.zhang3819@outlook.com,Brazil,2024-06-23,Premium,4745.17
3820,Rahul Smith,rahul.smith3820@techcorp.io,Japan,2020-02-20,Basic,1989.12
3821,Jennifer Lopez,jennifer.lopez3821@techcorp.io,Australia,2021-01-05,Standard,1448.3
3822,Susan Lopez,susan.lopez3822@yahoo.com,United Kingdom,2022-08-27,Standard,3618.12
3823,Robert Miller,robert.miller3823@gmail.com,United Kingdom,2025-04-02,Standard,1355.05
3824,James Zhang,james.zhang3824@company.org,United States,2024-11-04,Standard,260.73
3825,Neha Lopez,neha.lopez3825@company.org,Japan,2020-06-23,Premium,882.53
3826,Priya Brown,priya.brown3826@company.org,India,2023-03-01,Basic,440.36
3827,Michael Jones,michael.jones3827@example.com,France,2021-02-14,Basic,1709.66
3828,William Kim,william.kim3828@outlook.com,Brazil,2020-07-11,Standard,856.9
3829,Richard Davis,richard.davis3829@yahoo.com,India,2021-04-01,Premium,3298.18
3830,Mary Martinez,mary.martinez3830@example.com,Germany,2021-08-24,Basic,1602.02
3831,Karen Wang,karen.wang3831@techcorp.io,United States,2025-05-03,Standard,4762.27
3832,Barbara Rodriguez,barbara.rodriguez3832@outlook.com,Japan,2020-08-20,Premium,3410.54
3833,Priya Jones,priya.jones3833@techcorp.io,United Kingdom,2020-11-23,Standard,3766.04
3834,Elizabeth Patel,elizabeth.patel3834@techcorp.io,India,2023-10-20,Premium,1257.21
3835,William Singh,william.singh3835@example.com,France,2024-07-29,Basic,4370.26
3836,Jennifer Davis,jennifer.davis3836@outlook.com,France,2020-01-12,Standard,1198.84
3837,James Jones,james.jones3837@techcorp.io,France,2020-10-28,Premium,2696.37
3838,James Jones,james.jones3838@outlook.com,Japan,2025-01-10,Basic,1119.61
3839,Richard Zhang,richard.zhang3839@example.com,United States,2023-09-16,Basic,1997.19
3840,Mary Patel,mary.patel3840@example.com,United Kingdom,2024-11-12,Basic,1886.27
3841,Robert Zhang,robert.zhang3841@techcorp.io,India,2024-10-22,Standard,4195.23
3842,Karen Kim,karen.kim3842@company.org,India,2020-02-14,Basic,2953.88
3843,Charles Brown,charles.brown3843@yahoo.com,United States,2022-08-29,Premium,192.62
3844,Barbara Jones,barbara.jones3844@gmail.com,Canada,2023-10-20,Basic,3458.37
3845,Arjun Chen,arjun.chen3845@outlook.com,Japan,2024-02-10,Basic,4294.47
3846,Charles Gonzalez,charles.gonzalez3846@yahoo.com,France,2020-06-19,Basic,3135.24
3847,Sarah Singh,sarah.singh3847@gmail.com,Germany,2025-03-13,Standard,4590.3
3848,Jessica Martinez,jessica.martinez3848@techcorp.io,Australia,2022-11-21,Standard,4908.34
3849,Charles Jones,charles.jones3849@gmail.com,Australia,2023-03-16,Premium,2806.34
3850,Karen Martinez,karen.martinez3850@techcorp.io,Canada,2023-09-11,Basic,2593.28
3851,Patricia Kim,patricia.kim3851@gmail.com,Brazil,2021-05-09,Premium,2762.72
3852,Richard Verma,richard.verma3852@techcorp.io,Australia,2022-05-15,Standard,4437.26
3853,Mei Martinez,mei.martinez3853@outlook.com,France,2024-07-21,Basic,4341.43
3854,Karen Verma,karen.verma3854@yahoo.com,India,2025-07-13,Premium,2500.46
3855,David Singh,david.singh3855@example.com,United States,2022-08-19,Standard,557.62
3856,Susan Jones,susan.jones3856@outlook.com,Brazil,2024-09-28,Basic,2265.84
3857,Elizabeth Chen,elizabeth.chen3857@techcorp.io,Germany,2024-09-22,Standard,129.38
3858,Michael Verma,michael.verma3858@gmail.com,Australia,2024-02-04,Basic,401.48
3859,Michael Smith,michael.smith3859@gmail.com,Japan,2022-08-01,Premium,3642.89
3860,John Singh,john.singh3860@example.com,India,2023-07-18,Standard,317.14
3861,Thomas Chen,thomas.chen3861@company.org,United States,2024-03-09,Basic,937.25
3862,Elizabeth Williams,elizabeth.williams3862@yahoo.com,United Kingdom,2023-08-29,Standard,2239.57
3863,William Johnson,william.johnson3863@techcorp.io,France,2022-12-18,Premium,3739.42
3864,Michael Brown,michael.brown3864@techcorp.io,Australia,2025-03-30,Premium,319.35
3865,Neha Chen,neha.chen3865@gmail.com,India,2024-06-17,Standard,4823.9
3866,Sofia Martinez,sofia.martinez3866@techcorp.io,France,2022-05-29,Standard,1683.98
3867,Carlos Brown,carlos.brown3867@company.org,United Kingdom,2022-03-08,Standard,3581.74
3868,Jessica Rodriguez,jessica.rodriguez3868@techcorp.io,Brazil,2025-02-27,Standard,2757.35
3869,James Verma,james.verma3869@techcorp.io,Japan,2020-07-20,Basic,4854.32
3870,Neha Wang,neha.wang3870@example.com,India,2022-12-22,Basic,4284.92
3871,Ananya Gonzalez,ananya.gonzalez3871@gmail.com,Germany,2021-11-02,Basic,3037.18
3872,Susan Wang,susan.wang3872@yahoo.com,United Kingdom,2022-02-15,Basic,3466.51
3873,Karen Wang,karen.wang3873@yahoo.com,Germany,2022-05-11,Premium,4991.54
3874,Richard Martinez,richard.martinez3874@outlook.com,United States,2022-02-01,Premium,4611.72
3875,David Davis,david.davis3875@yahoo.com,France,2025-02-27,Standard,3105.69
3876,Charles Gonzalez,charles.gonzalez3876@yahoo.com,Canada,2021-11-08,Standard,2393.32
3877,Linda Lopez,linda.lopez3877@techcorp.io,Germany,2022-07-05,Premium,2697.84
3878,David Gonzalez,david.gonzalez3878@yahoo.com,United States,2021-07-13,Basic,3445.75
3879,James Lee,james.lee3879@gmail.com,Canada,2020-01-01,Basic,2145.24
3880,Michael Davis,michael.davis3880@yahoo.com,Brazil,2023-02-16,Standard,734.59
3881,Elizabeth Wang,elizabeth.wang3881@techcorp.io,India,2021-09-03,Premium,95.01
3882,Priya Wang,priya.wang3882@outlook.com,Australia,2020-12-10,Standard,4221.57
3883,Amit Sharma,amit.sharma3883@yahoo.com,France,2020-08-23,Standard,1651.86
3884,Charles Lopez,charles.lopez3884@company.org,India,2022-04-06,Premium,4799.02
3885,Patricia Smith,patricia.smith3885@gmail.com,France,2023-03-10,Basic,1106.55
3886,Robert Garcia,robert.garcia3886@example.com,Germany,2021-06-09,Standard,2274.53
3887,Joseph Miller,joseph.miller3887@yahoo.com,India,2024-08-23,Premium,2555.85
3888,Mary Patel,mary.patel3888@example.com,Canada,2025-05-12,Basic,4631.29
3889,Joseph Smith,joseph.smith3889@yahoo.com,Brazil,2024-01-20,Basic,1228.3
3890,Ananya Johnson,ananya.johnson3890@outlook.com,Australia,2021-11-25,Premium,2541.95
3891,Elizabeth Jones,elizabeth.jones3891@techcorp.io,Canada,2020-12-13,Premium,4129.25
3892,Rahul Wang,rahul.wang3892@techcorp.io,Canada,2020-08-07,Basic,4494.14
3893,William Smith,william.smith3893@techcorp.io,France,2025-04-22,Standard,2556.38
3894,Susan Chen,susan.chen3894@example.com,Germany,2024-02-29,Premium,4633.72
3895,Wei Singh,wei.singh3895@yahoo.com,United States,2020-06-12,Basic,3547.61
3896,Michael Zhang,michael.zhang3896@techcorp.io,Australia,2024-07-10,Standard,4732.03
3897,Neha Williams,neha.williams3897@outlook.com,Japan,2022-12-30,Standard,2995.31
3898,Rahul Lee,rahul.lee3898@yahoo.com,India,2022-06-10,Premium,3509.96
3899,Charles Wang,charles.wang3899@techcorp.io,Brazil,2023-02-11,Premium,3958.49
3900,William Lopez,william.lopez3900@techcorp.io,Brazil,2024-10-16,Basic,2966.92
3901,Karen Sharma,karen.sharma3901@outlook.com,United States,2023-03-01,Premium,3525.89
3902,Priya Miller,priya.miller3902@yahoo.com,France,2024-11-22,Standard,1121.57
3903,Robert Davis,robert.davis3903@company.org,Canada,2024-04-09,Basic,697.27
3904,Jennifer Kim,jennifer.kim3904@company.org,Brazil,2020-11-01,Premium,4341.77
3905,Patricia Sharma,patricia.sharma3905@company.org,Canada,2023-10-22,Basic,1294.82
3906,James Williams,james.williams3906@yahoo.com,Japan,2024-11-24,Premium,3510.11
3907,Sofia Garcia,sofia.garcia3907@yahoo.com,United Kingdom,2023-05-30,Standard,1535.85
3908,Wei Gonzalez,wei.gonzalez3908@yahoo.com,Australia,2024-06-16,Premium,2332.42
3909,Thomas Wang,thomas.wang3909@gmail.com,Brazil,2025-08-14,Premium,749.65
3910,Robert Miller,robert.miller3910@example.com,Brazil,2025-06-01,Basic,1682.65
3911,Sarah Martinez,sarah.martinez3911@gmail.com,France,2020-07-21,Standard,3502.77
3912,Neha Miller,neha.miller3912@techcorp.io,Canada,2024-02-24,Standard,1564.44
3913,Neha Lee,neha.lee3913@company.org,Brazil,2023-01-15,Standard,171.28
3914,Priya Sharma,priya.sharma3914@company.org,France,2024-12-22,Premium,1383.23
3915,Arjun Patel,arjun.patel3915@yahoo.com,Brazil,2022-09-15,Basic,4288.76
3916,Mei Chen,mei.chen3916@yahoo.com,United Kingdom,2024-06-05,Basic,300.94
3917,Sarah Johnson,sarah.johnson3917@company.org,Germany,2024-09-04,Basic,1951.75
3918,Robert Smith,robert.smith3918@gmail.com,France,2023-08-14,Standard,4509.3
3919,Neha Chen,neha.chen3919@techcorp.io,Brazil,2024-07-22,Standard,1686.19
3920,Priya Zhang,priya.zhang3920@example.com,Australia,2023-09-04,Standard,4447.91
3921,Barbara Brown,barbara.brown3921@yahoo.com,Canada,2025-04-10,Standard,1409.26
3922,James Johnson,james.johnson3922@example.com,Brazil,2025-01-02,Standard,2629.05
3923,Ananya Singh,ananya.singh3923@company.org,Germany,2023-04-07,Premium,334.57
3924,John Singh,john.singh3924@example.com,Australia,2022-11-11,Standard,577.23
3925,Jennifer Rodriguez,jennifer.rodriguez3925@outlook.com,Canada,2020-10-08,Premium,2964.21
3926,Jessica Martinez,jessica.martinez3926@gmail.com,Germany,2022-04-06,Basic,2669.95
3927,Sofia Kim,sofia.kim3927@example.com,United States,2022-08-13,Standard,4111.88
3928,Mei Johnson,mei.johnson3928@techcorp.io,India,2025-01-27,Basic,4793.74
3929,Susan Miller,susan.miller3929@gmail.com,Canada,2023-01-01,Basic,4585.72
3930,Thomas Gonzalez,thomas.gonzalez3930@example.com,United States,2021-12-11,Basic,3996.7
3931,David Johnson,david.johnson3931@company.org,Brazil,2022-07-03,Basic,4916.44
3932,Arjun Rodriguez,arjun.rodriguez3932@techcorp.io,India,2022-05-20,Standard,3356.47
3933,James Lee,james.lee3933@example.com,India,2025-05-02,Premium,2449.72
3934,Mei Lee,mei.lee3934@example.com,Germany,2023-01-22,Standard,4950.66
3935,Sarah Rodriguez,sarah.rodriguez3935@gmail.com,United Kingdom,2024-01-25,Standard,3066.49
3936,Thomas Smith,thomas.smith3936@outlook.com,Australia,2020-06-22,Standard,1062.99
3937,Arjun Patel,arjun.patel3937@techcorp.io,Japan,2023-05-10,Premium,4869.73
3938,James Lee,james.lee3938@outlook.com,Japan,2022-07-01,Premium,1293.51
3939,James Sharma,james.sharma3939@company.org,Brazil,2020-07-03,Basic,3306.41
3940,Susan Smith,susan.smith3940@yahoo.com,Canada,2023-01-12,Basic,3270.83
3941,Ananya Johnson,ananya.johnson3941@yahoo.com,India,2023-12-20,Premium,3022.3
3942,Arjun Jones,arjun.jones3942@outlook.com,Brazil,2023-02-22,Premium,4215.58
3943,James Chen,james.chen3943@yahoo.com,Canada,2021-09-21,Basic,1175.42
3944,Charles Chen,charles.chen3944@techcorp.io,Japan,2025-04-13,Standard,2686.32
3945,Joseph Verma,joseph.verma3945@company.org,Australia,2021-04-10,Premium,1578.37
3946,Thomas Singh,thomas.singh3946@techcorp.io,Canada,2021-10-13,Basic,68.28
3947,Thomas Jones,thomas.jones3947@company.org,Australia,2024-06-11,Premium,2595.8
3948,William Brown,william.brown3948@company.org,France,2021-10-13,Basic,3251.18
3949,Linda Garcia,linda.garcia3949@example.com,United States,2024-01-16,Premium,2765.75
3950,Amit Lopez,amit.lopez3950@outlook.com,Germany,2025-02-24,Standard,4201.29
3951,Elizabeth Zhang,elizabeth.zhang3951@yahoo.com,India,2024-12-21,Basic,3513.98
3952,Richard Patel,richard.patel3952@yahoo.com,United Kingdom,2020-12-20,Standard,506.75
3953,Ananya Zhang,ananya.zhang3953@gmail.com,Japan,2025-08-12,Basic,1509.76
3954,Robert Patel,robert.patel3954@outlook.com,Australia,2023-07-03,Standard,3133.14
3955,Charles Smith,charles.smith3955@example.com,Germany,2022-08-22,Basic,2327.83
3956,Robert Davis,robert.davis3956@techcorp.io,Japan,2021-05-02,Standard,3142.14
3957,Charles Smith,charles.smith3957@yahoo.com,Germany,2022-07-22,Standard,3412.58
3958,Charles Johnson,charles.johnson3958@gmail.com,France,2023-07-19,Standard,4370.96
3959,Amit Kim,amit.kim3959@techcorp.io,Japan,2020-08-15,Premium,4448.43
3960,William Chen,william.chen3960@example.com,Australia,2022-11-28,Basic,3154.24
3961,Joseph Singh,joseph.singh3961@example.com,Australia,2023-07-09,Basic,2987.07
3962,John Kim,john.kim3962@company.org,United States,2025-01-27,Premium,1090.15
3963,Thomas Williams,thomas.williams3963@outlook.com,India,2023-08-05,Standard,3032.51
3964,Sarah Lee,sarah.lee3964@outlook.com,Australia,2024-05-18,Basic,2054.69
3965,Sarah Miller,sarah.miller3965@company.org,Canada,2024-12-20,Standard,1066.55
3966,James Jones,james.jones3966@gmail.com,Japan,2024-06-20,Basic,797.14
3967,Charles Patel,charles.patel3967@techcorp.io,India,2022-01-08,Basic,4681.49
3968,Ananya Lopez,ananya.lopez3968@gmail.com,Australia,2020-12-27,Premium,4398.55
3969,Sarah Brown,sarah.brown3969@yahoo.com,Brazil,2024-05-04,Premium,3931.48
3970,Patricia Zhang,patricia.zhang3970@yahoo.com,United States,2025-06-23,Basic,4581.27
3971,Richard Lopez,richard.lopez3971@gmail.com,India,2020-07-11,Standard,2951.38
3972,Linda Wang,linda.wang3972@yahoo.com,Brazil,2021-08-12,Standard,2788.73
3973,Carlos Davis,carlos.davis3973@yahoo.com,Canada,2024-11-23,Premium,1553.75
3974,Carlos Chen,carlos.chen3974@gmail.com,United Kingdom,2023-07-19,Basic,2132.58
3975,David Chen,david.chen3975@company.org,France,2022-07-11,Basic,1724.68
3976,Amit Chen,amit.chen3976@gmail.com,Japan,2024-12-16,Basic,3711.69
3977,Arjun Garcia,arjun.garcia3977@techcorp.io,United Kingdom,2021-02-14,Standard,1679.88
3978,Rahul Johnson,rahul.johnson3978@techcorp.io,Australia,2024-12-07,Premium,4530.09
3979,Barbara Jones,barbara.jones3979@techcorp.io,India,2025-05-13,Premium,3037.35
3980,Carlos Davis,carlos.davis3980@company.org,Canada,2023-02-21,Standard,271.33
3981,Barbara Zhang,barbara.zhang3981@company.org,United Kingdom,2021-03-04,Basic,1591.25
3982,Elizabeth Wang,elizabeth.wang3982@gmail.com,India,2021-09-16,Basic,4890.0
3983,Ananya Sharma,ananya.sharma3983@gmail.com,United Kingdom,2024-06-28,Premium,4952.88
3984,Patricia Sharma,patricia.sharma3984@techcorp.io,France,2020-11-01,Premium,235.5
3985,Rahul Chen,rahul.chen3985@example.com,Japan,2020-08-06,Basic,1199.0
3986,Elizabeth Gonzalez,elizabeth.gonzalez3986@outlook.com,Australia,2024-10-12,Premium,1495.02
3987,Susan Wang,susan.wang3987@company.org,Canada,2020-04-11,Basic,4106.04
3988,Susan Singh,susan.singh3988@outlook.com,United States,2020-09-28,Standard,1128.75
3989,Robert Lopez,robert.lopez3989@outlook.com,Japan,2022-06-14,Standard,2554.86
3990,Michael Brown,michael.brown3990@outlook.com,Japan,2024-02-08,Standard,3546.77
3991,Jennifer Lopez,jennifer.lopez3991@techcorp.io,Germany,2024-12-03,Basic,567.08
3992,Richard Kim,richard.kim3992@techcorp.io,United Kingdom,2020-06-03,Basic,2846.43
3993,John Sharma,john.sharma3993@company.org,Australia,2023-05-31,Premium,860.2
3994,Wei Davis,wei.davis3994@yahoo.com,Germany,2023-05-14,Basic,1910.78
3995,Neha Verma,neha.verma3995@gmail.com,Brazil,2023-11-22,Premium,3707.39
3996,Sarah Davis,sarah.davis3996@company.org,France,2024-05-12,Basic,4736.33
3997,Sofia Miller,sofia.miller3997@outlook.com,Canada,2024-04-23,Standard,3559.64
3998,Richard Garcia,richard.garcia3998@techcorp.io,India,2023-11-15,Premium,3179.34
3999,Barbara Kim,barbara.kim3999@outlook.com,India,2025-06-17,Standard,3716.58
4000,Sofia Lopez,sofia.lopez4000@gmail.com,France,2020-09-17,Standard,64.54
4001,James Garcia,james.garcia4001@yahoo.com,India,2021-01-20,Standard,2844.49
4002,John Gonzalez,john.gonzalez4002@outlook.com,India,2022-07-22,Standard,4197.0
4003,Priya Wang,priya.wang4003@example.com,United States,2022-11-11,Premium,1056.81
4004,Jessica Chen,jessica.chen4004@outlook.com,United States,2021-06-10,Premium,4061.31
4005,Mei Jones,mei.jones4005@company.org,France,2023-03-28,Premium,3202.76
4006,Linda Miller,linda.miller4006@gmail.com,Germany,2024-10-05,Premium,1772.01
4007,Sofia Smith,sofia.smith4007@company.org,France,2022-02-05,Basic,2811.26
4008,Michael Singh,michael.singh4008@example.com,Japan,2025-02-25,Basic,3018.93
4009,Richard Singh,richard.singh4009@example.com,France,2020-11-15,Basic,740.77
4010,David Patel,david.patel4010@yahoo.com,Canada,2021-12-13,Basic,715.42
4011,Mei Jones,mei.jones4011@yahoo.com,United Kingdom,2023-01-05,Premium,2962.5
4012,Mary Williams,mary.williams4012@yahoo.com,Japan,2024-09-30,Premium,1142.5
4013,Susan Wang,susan.wang4013@outlook.com,United States,2021-01-19,Standard,4328.01
4014,Karen Williams,karen.williams4014@outlook.com,Germany,2023-05-31,Standard,4080.55
4015,Patricia Rodriguez,patricia.rodriguez4015@outlook.com,United States,2021-11-03,Basic,1264.3
4016,Mei Verma,mei.verma4016@gmail.com,Japan,2023-05-30,Standard,4544.43
4017,Susan Martinez,susan.martinez4017@yahoo.com,France,2020-08-03,Basic,2770.45
4018,Linda Wang,linda.wang4018@yahoo.com,France,2022-06-12,Basic,2859.68
4019,Ananya Verma,ananya.verma4019@techcorp.io,France,2023-10-03,Standard,2934.11
4020,Jennifer Gonzalez,jennifer.gonzalez4020@yahoo.com,Japan,2024-12-01,Standard,4261.5
4021,William Williams,william.williams4021@outlook.com,United States,2020-04-17,Basic,4640.11
4022,Ananya Kim,ananya.kim4022@outlook.com,United States,2022-01-02,Premium,4017.83
4023,David Williams,david.williams4023@techcorp.io,United Kingdom,2023-01-15,Standard,4630.53
4024,William Kim,william.kim4024@example.com,Japan,2021-07-30,Basic,2690.55
4025,Sarah Davis,sarah.davis4025@company.org,United States,2023-05-16,Standard,3787.39
4026,Linda Williams,linda.williams4026@outlook.com,Australia,2023-02-04,Standard,3669.51
4027,Amit Williams,amit.williams4027@outlook.com,Japan,2023-04-12,Premium,4155.82
4028,Robert Verma,robert.verma4028@gmail.com,India,2022-12-03,Premium,3919.25
4029,Joseph Zhang,joseph.zhang4029@company.org,Japan,2023-07-21,Basic,364.46
4030,Mei Smith,mei.smith4030@outlook.com,United States,2023-08-12,Standard,1257.11
4031,Jessica Gonzalez,jessica.gonzalez4031@example.com,France,2021-01-23,Premium,1011.88
4032,Amit Zhang,amit.zhang4032@outlook.com,Brazil,2020-07-30,Basic,544.53
4033,Amit Kim,amit.kim4033@example.com,United Kingdom,2020-12-17,Standard,1070.35
4034,John Sharma,john.sharma4034@gmail.com,India,2022-10-21,Basic,2194.01
4035,Sarah Singh,sarah.singh4035@yahoo.com,India,2020-03-01,Standard,4002.24
4036,John Kim,john.kim4036@example.com,India,2020-07-04,Premium,3373.37
4037,Rahul Zhang,rahul.zhang4037@outlook.com,France,2023-05-18,Basic,1686.81
4038,Joseph Johnson,joseph.johnson4038@example.com,Brazil,2020-01-10,Basic,4325.44
4039,Wei Lee,wei.lee4039@techcorp.io,United Kingdom,2022-09-28,Premium,406.9
4040,William Garcia,william.garcia4040@techcorp.io,United Kingdom,2020-02-20,Standard,214.54
4041,Jennifer Miller,jennifer.miller4041@gmail.com,Germany,2025-08-19,Standard,4377.68
4042,Rahul Sharma,rahul.sharma4042@techcorp.io,United States,2023-08-30,Basic,882.59
4043,Neha Brown,neha.brown4043@gmail.com,Canada,2021-09-20,Basic,2048.39
4044,Jessica Johnson,jessica.johnson4044@gmail.com,Australia,2020-11-04,Standard,1632.8
4045,Charles Lee,charles.lee4045@yahoo.com,United States,2021-01-25,Standard,2150.85
4046,Linda Miller,linda.miller4046@techcorp.io,Brazil,2021-07-30,Basic,721.63
4047,Robert Rodriguez,robert.rodriguez4047@gmail.com,United States,2023-08-01,Basic,4351.85
4048,Charles Jones,charles.jones4048@yahoo.com,Germany,2020-07-12,Standard,1920.01
4049,Rahul Smith,rahul.smith4049@gmail.com,United States,2020-11-05,Basic,3802.92
4050,William Kim,william.kim4050@outlook.com,United Kingdom,2022-07-04,Premium,550.09
4051,Linda Gonzalez,linda.gonzalez4051@yahoo.com,Australia,2022-01-13,Premium,1925.22
4052,Patricia Miller,patricia.miller4052@yahoo.com,United Kingdom,2022-11-07,Standard,4170.4
4053,Susan Martinez,susan.martinez4053@outlook.com,Germany,2022-06-06,Standard,969.07
4054,Richard Martinez,richard.martinez4054@outlook.com,Japan,2024-10-19,Basic,907.65
4055,Charles Zhang,charles.zhang4055@example.com,France,2022-03-02,Standard,910.64
4056,Mary Lee,mary.lee4056@outlook.com,United Kingdom,2024-11-26,Standard,3201.45
4057,Jessica Gonzalez,jessica.gonzalez4057@yahoo.com,Canada,2024-01-16,Basic,3128.06
4058,Wei Davis,wei.davis4058@outlook.com,France,2021-01-12,Standard,3457.37
4059,Richard Patel,richard.patel4059@outlook.com,Australia,2020-09-28,Standard,2465.23
4060,Carlos Patel,carlos.patel4060@yahoo.com,Australia,2022-10-05,Premium,2578.94
4061,Karen Singh,karen.singh4061@example.com,Canada,2021-03-07,Standard,2390.03
4062,Barbara Davis,barbara.davis4062@yahoo.com,France,2024-02-28,Basic,1478.29
4063,Joseph Rodriguez,joseph.rodriguez4063@example.com,France,2023-07-25,Premium,1204.96
4064,Michael Kim,michael.kim4064@company.org,France,2021-06-05,Premium,4409.45
4065,Charles Kim,charles.kim4065@outlook.com,United Kingdom,2021-09-23,Standard,1052.61
4066,Sofia Patel,sofia.patel4066@example.com,Germany,2023-05-04,Basic,1726.84
4067,John Garcia,john.garcia4067@techcorp.io,Japan,2024-09-09,Basic,3737.49
4068,Sarah Davis,sarah.davis4068@outlook.com,Canada,2022-05-20,Premium,1468.77
4069,Sarah Sharma,sarah.sharma4069@company.org,France,2022-10-06,Premium,2909.87
4070,Susan Brown,susan.brown4070@example.com,Brazil,2021-08-25,Standard,2849.26
4071,Charles Gonzalez,charles.gonzalez4071@yahoo.com,Brazil,2020-11-12,Standard,526.1
4072,Mei Davis,mei.davis4072@techcorp.io,Brazil,2020-12-07,Basic,1998.57
4073,Ananya Zhang,ananya.zhang4073@techcorp.io,United Kingdom,2025-03-06,Basic,194.67
4074,James Wang,james.wang4074@yahoo.com,Japan,2021-06-19,Standard,341.71
4075,Amit Garcia,amit.garcia4075@gmail.com,India,2023-01-26,Premium,3087.05
4076,Wei Wang,wei.wang4076@company.org,United States,2021-07-27,Standard,3672.98
4077,Charles Miller,charles.miller4077@gmail.com,Germany,2021-05-16,Standard,2021.25
4078,Michael Lee,michael.lee4078@outlook.com,Japan,2024-06-13,Basic,1650.41
4079,William Jones,william.jones4079@techcorp.io,Germany,2024-05-10,Premium,1517.86
4080,Arjun Patel,arjun.patel4080@yahoo.com,United Kingdom,2021-03-21,Standard,736.54
4081,Sofia Lee,sofia.lee4081@company.org,Canada,2020-02-16,Basic,2007.29
4082,Charles Rodriguez,charles.rodriguez4082@company.org,India,2021-03-25,Basic,3228.05
4083,Amit Patel,amit.patel4083@techcorp.io,Canada,2025-02-27,Basic,3121.09
4084,Joseph Smith,joseph.smith4084@example.com,Brazil,2022-07-07,Basic,1676.75
4085,Karen Brown,karen.brown4085@gmail.com,India,2024-05-14,Basic,890.55
4086,Ananya Lee,ananya.lee4086@gmail.com,India,2024-07-01,Premium,1272.15
4087,Karen Rodriguez,karen.rodriguez4087@techcorp.io,United States,2020-11-29,Basic,1170.79
4088,William Rodriguez,william.rodriguez4088@yahoo.com,Japan,2024-09-13,Standard,3301.12
4089,Michael Rodriguez,michael.rodriguez4089@company.org,India,2023-02-26,Basic,4136.35
4090,Sarah Rodriguez,sarah.rodriguez4090@gmail.com,United States,2020-10-18,Standard,2493.44
4091,Michael Johnson,michael.johnson4091@gmail.com,Canada,2021-01-08,Basic,2032.26
4092,Elizabeth Lee,elizabeth.lee4092@techcorp.io,India,2020-04-12,Basic,4249.68
4093,Rahul Garcia,rahul.garcia4093@gmail.com,Germany,2024-09-04,Standard,4632.86
4094,Richard Kim,richard.kim4094@gmail.com,India,2020-06-11,Basic,1495.29
4095,Patricia Miller,patricia.miller4095@outlook.com,Brazil,2023-09-10,Standard,2789.91
4096,Carlos Jones,carlos.jones4096@gmail.com,United Kingdom,2023-07-31,Basic,419.7
4097,Mary Wang,mary.wang4097@company.org,India,2025-06-12,Premium,543.46
4098,Sofia Kim,sofia.kim4098@example.com,United States,2020-11-23,Standard,3946.66
4099,Patricia Williams,patricia.williams4099@example.com,India,2022-04-12,Basic,3924.32
4100,Patricia Lee,patricia.lee4100@techcorp.io,Canada,2020-03-07,Basic,1552.1
4101,Joseph Smith,joseph.smith4101@yahoo.com,Brazil,2020-12-27,Standard,505.48
4102,Robert Kim,robert.kim4102@example.com,Canada,2023-07-22,Basic,4547.76
4103,Sofia Williams,sofia.williams4103@company.org,United Kingdom,2024-11-21,Standard,4253.21
4104,Barbara Wang,barbara.wang4104@example.com,Canada,2024-10-21,Basic,3045.72
4105,Linda Kim,linda.kim4105@gmail.com,United States,2025-08-07,Standard,3092.6
4106,Patricia Patel,patricia.patel4106@gmail.com,Canada,2021-11-24,Basic,3225.01
4107,Patricia Verma,patricia.verma4107@outlook.com,United States,2020-11-07,Premium,1225.47
4108,Sofia Sharma,sofia.sharma4108@yahoo.com,Australia,2020-07-29,Standard,3004.22
4109,Susan Garcia,susan.garcia4109@example.com,India,2024-07-23,Premium,1303.69
4110,Barbara Sharma,barbara.sharma4110@yahoo.com,Australia,2021-12-19,Premium,2509.4
4111,Elizabeth Williams,elizabeth.williams4111@gmail.com,Germany,2024-01-28,Standard,2458.47
4112,Ananya Williams,ananya.williams4112@techcorp.io,Japan,2023-02-04,Premium,2652.27
4113,Sofia Verma,sofia.verma4113@example.com,France,2023-03-02,Premium,2872.55
4114,Karen Davis,karen.davis4114@gmail.com,United States,2024-02-21,Basic,2974.69
4115,Rahul Sharma,rahul.sharma4115@example.com,Japan,2023-11-25,Premium,4589.22
4116,Michael Verma,,Brazil,2023-04-28,Basic,4266.1
4117,Jennifer Chen,jennifer.chen4117@techcorp.io,India,2025-02-09,Basic,1979.1
4118,Robert Gonzalez,robert.gonzalez4118@outlook.com,France,2024-02-12,Basic,1332.0
4119,Mei Smith,mei.smith4119@example.com,United States,2020-06-24,Basic,1505.6
4120,Rahul Rodriguez,rahul.rodriguez4120@gmail.com,United Kingdom,2020-01-21,Standard,2570.76
4121,Susan Garcia,susan.garcia4121@outlook.com,United States,2024-12-28,Basic,4390.9
4122,James Gonzalez,james.gonzalez4122@example.com,France,2020-08-29,Premium,1396.12
4123,Ananya Brown,ananya.brown4123@example.com,Germany,2021-07-30,Basic,2384.98
4124,Jennifer Miller,jennifer.miller4124@company.org,India,2021-05-13,Standard,4357.4
4125,Priya Garcia,priya.garcia4125@yahoo.com,United Kingdom,2021-08-08,Premium,783.01
4126,Jennifer Kim,jennifer.kim4126@yahoo.com,Canada,2020-02-23,Premium,1424.7
4127,David Jones,david.jones4127@company.org,United Kingdom,2024-01-06,Premium,2975.72
4128,Elizabeth Johnson,elizabeth.johnson4128@gmail.com,Canada,2021-01-12,Basic,3645.13
4129,Sarah Rodriguez,sarah.rodriguez4129@example.com,India,2022-07-23,Standard,4455.04
4130,Patricia Brown,patricia.brown4130@yahoo.com,Australia,2020-05-01,Standard,1011.49
4131,Arjun Chen,arjun.chen4131@yahoo.com,Germany,2021-06-21,Basic,3968.15
4132,Susan Martinez,susan.martinez4132@gmail.com,Australia,2025-06-27,Premium,4903.69
4133,Karen Chen,karen.chen4133@company.org,United Kingdom,2020-04-29,Basic,4636.84
4134,James Williams,james.williams4134@gmail.com,Canada,2021-02-23,Premium,1474.11
4135,Mei Sharma,mei.sharma4135@yahoo.com,Canada,2020-11-12,Premium,1697.94
4136,Arjun Jones,arjun.jones4136@company.org,India,2022-12-11,Standard,2374.18
4137,Susan Chen,susan.chen4137@outlook.com,Germany,2020-05-29,Basic,470.76
4138,Thomas Kim,thomas.kim4138@company.org,United Kingdom,2020-04-02,Standard,1148.96
4139,Barbara Wang,barbara.wang4139@company.org,United States,2022-07-20,Standard,2813.64
4140,Arjun Brown,arjun.brown4140@techcorp.io,Germany,2021-02-02,Basic,4128.34
4141,Karen Chen,karen.chen4141@outlook.com,United Kingdom,2024-07-06,Premium,2899.76
4142,David Sharma,david.sharma4142@company.org,Australia,2023-11-11,Standard,3932.03
4143,Charles Lee,charles.lee4143@outlook.com,United States,2023-02-13,Basic,2900.77
4144,Neha Smith,neha.smith4144@example.com,France,2020-07-19,Premium,1525.28
4145,Carlos Jones,carlos.jones4145@company.org,Brazil,2024-10-23,Basic,1917.45
4146,Neha Johnson,neha.johnson4146@example.com,Australia,2024-09-17,Standard,1240.93
4147,Joseph Rodriguez,joseph.rodriguez4147@outlook.com,Japan,2020-06-26,Basic,2025.41
4148,Robert Chen,robert.chen4148@example.com,India,2022-07-01,Standard,3336.22
4149,John Martinez,john.martinez4149@company.org,Brazil,2020-08-27,Basic,1820.69
4150,Rahul Smith,rahul.smith4150@company.org,Canada,2022-03-07,Standard,3628.29
4151,Karen Lopez,karen.lopez4151@yahoo.com,France,2023-04-26,Standard,1541.41
4152,Arjun Wang,arjun.wang4152@yahoo.com,Australia,2020-02-07,Premium,1445.82
4153,Jennifer Davis,jennifer.davis4153@techcorp.io,Germany,2022-10-23,Basic,1102.33
4154,Thomas Smith,thomas.smith4154@gmail.com,Canada,2020-11-23,Standard,3561.72
4155,Elizabeth Brown,elizabeth.brown4155@techcorp.io,Australia,2023-11-01,Basic,4714.37
4156,Richard Lopez,richard.lopez4156@gmail.com,Australia,2023-10-16,Standard,2319.75
4157,Mei Lee,mei.lee4157@gmail.com,France,2021-12-14,Standard,2837.34
4158,Richard Smith,richard.smith4158@yahoo.com,Canada,2021-11-04,Standard,2288.28
4159,Linda Miller,linda.miller4159@yahoo.com,Germany,2023-10-16,Premium,3018.93
4160,Barbara Garcia,barbara.garcia4160@yahoo.com,India,2023-08-12,Premium,2712.21
4161,Ananya Jones,ananya.jones4161@company.org,France,2022-07-16,Basic,1433.69
4162,Sofia Jones,sofia.jones4162@company.org,France,2024-05-25,Basic,4528.86
4163,Amit Lopez,amit.lopez4163@company.org,India,2024-12-17,Basic,541.08
4164,Elizabeth Garcia,elizabeth.garcia4164@company.org,Germany,2021-06-20,Basic,1545.08
4165,Susan Chen,susan.chen4165@company.org,Germany,2021-05-03,Standard,3438.26
4166,Charles Garcia,charles.garcia4166@example.com,France,2022-05-09,Standard,4299.27
4167,Wei Smith,wei.smith4167@example.com,United Kingdom,2021-05-31,Standard,3770.05
4168,Michael Brown,michael.brown4168@yahoo.com,Germany,2025-08-10,Basic,1545.25
4169,Arjun Verma,arjun.verma4169@gmail.com,Germany,2021-09-11,Basic,2119.03
4170,Priya Lee,priya.lee4170@gmail.com,India,2022-09-07,Premium,1255.42
4171,Barbara Lopez,barbara.lopez4171@yahoo.com,Japan,2025-06-18,Basic,3038.33
4172,James Johnson,james.johnson4172@techcorp.io,United States,2022-01-22,Premium,2929.75
4173,David Singh,david.singh4173@gmail.com,France,2021-08-21,Basic,4216.35
4174,Richard Rodriguez,richard.rodriguez4174@techcorp.io,Japan,2020-09-19,Premium,3712.81
4175,Barbara Lopez,barbara.lopez4175@outlook.com,United States,2025-01-15,Premium,4987.63
4176,Ananya Jones,ananya.jones4176@yahoo.com,United States,2023-03-16,Standard,3648.43
4177,Michael Jones,michael.jones4177@techcorp.io,United Kingdom,2020-12-05,Standard,3271.9
4178,Joseph Chen,joseph.chen4178@company.org,India,2023-03-12,Standard,1915.38
4179,Joseph Martinez,joseph.martinez4179@yahoo.com,Japan,2020-02-22,Premium,635.44
4180,Elizabeth Verma,elizabeth.verma4180@yahoo.com,India,2020-11-24,Premium,2284.23
4181,Jessica Singh,jessica.singh4181@example.com,France,2023-10-24,Basic,1755.77
4182,Priya Wang,priya.wang4182@techcorp.io,France,2020-10-01,Basic,181.19
4183,Charles Garcia,charles.garcia4183@company.org,India,2023-08-08,Standard,2759.83
4184,Susan Williams,susan.williams4184@techcorp.io,United States,2021-09-30,Basic,1267.24
4185,Priya Brown,priya.brown4185@example.com,Japan,2024-12-14,Basic,1962.59
4186,Wei Wang,wei.wang4186@techcorp.io,France,2022-04-17,Standard,1268.07
4187,Robert Miller,robert.miller4187@techcorp.io,Japan,2021-05-19,Premium,1810.89
4188,Robert Williams,robert.williams4188@yahoo.com,France,2023-03-11,Premium,2587.51
4189,Susan Davis,susan.davis4189@example.com,India,2020-12-06,Standard,4236.73
4190,Karen Martinez,karen.martinez4190@yahoo.com,United States,2020-06-13,Basic,4697.85
4191,Linda Chen,linda.chen4191@outlook.com,United Kingdom,2021-08-31,Basic,3530.04
4192,John Miller,john.miller4192@yahoo.com,Canada,2024-11-26,Standard,3017.22
4193,Rahul Zhang,rahul.zhang4193@example.com,France,2022-05-04,Basic,4855.95
4194,Arjun Kim,arjun.kim4194@techcorp.io,Canada,2021-02-27,Standard,3312.6
4195,Michael Wang,michael.wang4195@example.com,Australia,2020-10-20,Standard,4482.81
4196,Sofia Zhang,sofia.zhang4196@yahoo.com,United States,2021-01-21,Basic,3905.77
4197,Priya Smith,priya.smith4197@example.com,Australia,2021-11-01,Premium,2168.45
4198,Elizabeth Garcia,elizabeth.garcia4198@example.com,Japan,2022-06-21,Standard,364.89
4199,Robert Wang,robert.wang4199@yahoo.com,Canada,2023-07-18,Standard,1142.01
4200,Ananya Davis,ananya.davis4200@example.com,Australia,2024-05-25,Standard,4655.24
4201,Richard Lopez,richard.lopez4201@example.com,France,2022-12-01,Premium,2234.37
4202,Elizabeth Lee,elizabeth.lee4202@example.com,Germany,2021-11-05,Standard,4080.02
4203,Charles Martinez,charles.martinez4203@techcorp.io,Australia,2021-05-07,Basic,1568.79
4204,Rahul Jones,rahul.jones4204@outlook.com,United States,2024-08-19,Premium,691.59
4205,Charles Singh,charles.singh4205@outlook.com,France,2023-09-29,Basic,757.82
4206,Priya Johnson,priya.johnson4206@example.com,Germany,2025-01-06,Standard,3569.26
4207,Jennifer Lopez,jennifer.lopez4207@yahoo.com,Australia,2020-03-30,Premium,2232.21
4208,Arjun Miller,arjun.miller4208@outlook.com,Canada,2021-07-21,Basic,698.4
4209,Patricia Martinez,patricia.martinez4209@example.com,Australia,2020-01-18,Basic,779.35
4210,Michael Martinez,michael.martinez4210@example.com,Japan,2020-01-26,Standard,4558.0
4211,Jessica Lee,jessica.lee4211@example.com,Germany,2024-03-10,Basic,4326.89
4212,Elizabeth Gonzalez,elizabeth.gonzalez4212@gmail.com,Japan,2020-04-09,Basic,1189.38
4213,Karen Zhang,karen.zhang4213@yahoo.com,India,2023-04-13,Standard,2799.73
4214,Wei Jones,wei.jones4214@yahoo.com,United Kingdom,2024-12-26,Premium,3669.13
4215,Robert Johnson,robert.johnson4215@company.org,Canada,2023-07-21,Basic,3602.95
4216,Richard Wang,richard.wang4216@example.com,Japan,2020-02-18,Standard,1025.8
4217,Rahul Davis,rahul.davis4217@techcorp.io,Germany,2024-10-12,Basic,71.5
4218,John Jones,john.jones4218@yahoo.com,United States,2020-07-19,Premium,3395.65
4219,Elizabeth Zhang,elizabeth.zhang4219@outlook.com,Germany,2024-05-07,Standard,3877.51
4220,Mei Kim,mei.kim4220@yahoo.com,United Kingdom,2022-05-20,Standard,4253.12
4221,Priya Lee,priya.lee4221@example.com,United States,2021-11-12,Premium,2724.27
4222,Richard Wang,richard.wang4222@techcorp.io,India,2022-04-27,Standard,93.2
4223,David Gonzalez,david.gonzalez4223@techcorp.io,Canada,2023-03-17,Standard,4389.71
4224,Karen Jones,karen.jones4224@gmail.com,Brazil,2024-02-26,Standard,1435.66
4225,Amit Johnson,amit.johnson4225@gmail.com,United Kingdom,2021-08-19,Standard,3127.08
4226,Arjun Williams,arjun.williams4226@company.org,United Kingdom,2024-03-12,Basic,4133.11
4227,Carlos Smith,carlos.smith4227@gmail.com,India,2023-09-21,Standard,1987.95
4228,Jessica Verma,jessica.verma4228@company.org,United States,2020-07-18,Basic,4760.71
4229,Neha Zhang,neha.zhang4229@company.org,United States,2023-03-16,Standard,3208.38
4230,Mary Martinez,mary.martinez4230@gmail.com,Canada,2022-09-18,Basic,1775.43
4231,Richard Zhang,richard.zhang4231@outlook.com,India,2022-05-24,Standard,995.11
4232,Rahul Gonzalez,rahul.gonzalez4232@gmail.com,Canada,2022-06-08,Standard,1585.96
4233,David Verma,david.verma4233@company.org,United States,2022-03-18,Basic,3141.1
4234,James Brown,james.brown4234@example.com,Brazil,2023-07-25,Standard,1445.07
4235,Patricia Wang,patricia.wang4235@example.com,Brazil,2022-12-10,Basic,501.49
4236,Sofia Lopez,sofia.lopez4236@gmail.com,Germany,2025-03-09,Premium,558.4
4237,Carlos Lopez,carlos.lopez4237@company.org,Brazil,2022-04-16,Standard,3523.55
4238,Susan Williams,susan.williams4238@gmail.com,Australia,2024-05-13,Standard,4905.72
4239,Thomas Singh,thomas.singh4239@gmail.com,India,2025-04-09,Standard,2220.78
4240,Charles Zhang,charles.zhang4240@yahoo.com,United Kingdom,2021-10-16,Standard,375.08
4241,Mei Johnson,mei.johnson4241@techcorp.io,Australia,2020-04-25,Standard,4849.75
4242,Sarah Miller,sarah.miller4242@outlook.com,United Kingdom,2022-11-12,Standard,3235.94
4243,John Lee,john.lee4243@outlook.com,France,2023-09-02,Standard,3542.67
4244,Sarah Verma,sarah.verma4244@yahoo.com,Australia,2022-09-07,Basic,2913.59
4245,Charles Zhang,charles.zhang4245@yahoo.com,Canada,2021-10-14,Standard,2030.89
4246,Robert Brown,robert.brown4246@example.com,Japan,2023-10-04,Premium,264.41
4247,Priya Sharma,priya.sharma4247@company.org,Canada,2024-10-08,Standard,2762.86
4248,Karen Miller,karen.miller4248@gmail.com,United Kingdom,2020-01-27,Basic,3954.03
4249,David Miller,david.miller4249@yahoo.com,Japan,2022-01-02,Standard,3782.05
4250,Susan Lee,susan.lee4250@company.org,United Kingdom,2022-11-10,Standard,394.68
4251,Barbara Johnson,barbara.johnson4251@yahoo.com,Australia,2021-05-30,Premium,1884.55
4252,Elizabeth Singh,elizabeth.singh4252@gmail.com,United Kingdom,2020-01-19,Premium,2362.22
4253,Michael Smith,michael.smith4253@company.org,Japan,2021-05-27,Premium,4219.73
4254,Rahul Chen,rahul.chen4254@yahoo.com,Brazil,2021-11-14,Standard,3977.12
4255,Jessica Chen,jessica.chen4255@techcorp.io,India,2021-05-10,Premium,1497.82
4256,David Jones,david.jones4256@techcorp.io,Japan,2024-05-16,Basic,55.43
4257,Karen Johnson,karen.johnson4257@gmail.com,Japan,2020-12-05,Basic,412.26
4258,Wei Jones,wei.jones4258@techcorp.io,Canada,2021-07-30,Basic,1511.26
4259,Elizabeth Wang,elizabeth.wang4259@yahoo.com,United States,2023-11-29,Premium,3310.3
4260,Mei Chen,mei.chen4260@example.com,India,2024-10-15,Basic,3405.39
4261,Charles Gonzalez,charles.gonzalez4261@example.com,India,2024-03-20,Standard,3563.39
4262,Susan Verma,susan.verma4262@example.com,France,2025-02-07,Standard,1515.18
4263,Karen Lopez,karen.lopez4263@techcorp.io,France,2022-08-18,Basic,1473.48
4264,William Smith,william.smith4264@gmail.com,Australia,2021-09-15,Basic,4684.04
4265,Wei Martinez,wei.martinez4265@yahoo.com,France,2024-02-02,Basic,3912.64
4266,Karen Miller,karen.miller4266@techcorp.io,Germany,2021-06-04,Basic,2918.3
4267,Arjun Rodriguez,arjun.rodriguez4267@yahoo.com,United States,2025-02-21,Basic,1841.14
4268,Elizabeth Wang,elizabeth.wang4268@techcorp.io,United Kingdom,2024-09-21,Basic,3823.2
4269,David Wang,david.wang4269@techcorp.io,India,2020-12-04,Standard,233.85
4270,Amit Brown,amit.brown4270@gmail.com,India,2024-06-13,Premium,4152.58
4271,Robert Singh,robert.singh4271@gmail.com,United States,2020-05-13,Basic,2036.56
4272,Sarah Lee,sarah.lee4272@techcorp.io,United Kingdom,2022-12-07,Standard,4553.19
4273,Karen Chen,karen.chen4273@company.org,United Kingdom,2022-06-22,Standard,1480.66
4274,Thomas Miller,thomas.miller4274@outlook.com,Japan,2020-12-31,Premium,975.11
4275,Elizabeth Lee,elizabeth.lee4275@example.com,Japan,2021-01-08,Standard,1952.8
4276,Carlos Zhang,carlos.zhang4276@example.com,France,2023-03-07,Premium,4167.18
4277,Ananya Jones,ananya.jones4277@gmail.com,United Kingdom,2021-01-10,Standard,3478.73
4278,Wei Singh,wei.singh4278@example.com,Australia,2021-08-22,Premium,752.84
4279,Richard Kim,richard.kim4279@outlook.com,Canada,2021-11-12,Premium,2515.4
4280,Robert Martinez,robert.martinez4280@gmail.com,United States,2020-05-20,Premium,4408.87
4281,Priya Jones,priya.jones4281@gmail.com,Brazil,2024-05-21,Premium,295.67
4282,Elizabeth Patel,elizabeth.patel4282@gmail.com,Australia,2020-12-18,Premium,169.23
4283,Arjun Sharma,arjun.sharma4283@outlook.com,United Kingdom,2021-08-09,Standard,4393.19
4284,Richard Gonzalez,richard.gonzalez4284@yahoo.com,United States,2022-03-22,Basic,1635.33
4285,Susan Gonzalez,susan.gonzalez4285@yahoo.com,France,2022-04-02,Basic,492.58
4286,Mary Johnson,mary.johnson4286@techcorp.io,United States,2020-08-02,Premium,4112.74
4287,Charles Davis,charles.davis4287@gmail.com,Brazil,2024-12-21,Premium,614.09
4288,James Martinez,james.martinez4288@company.org,United States,2021-12-11,Premium,3236.3
4289,Linda Sharma,linda.sharma4289@techcorp.io,Canada,2020-09-21,Standard,2741.59
4290,Karen Garcia,karen.garcia4290@company.org,United States,2022-07-31,Basic,4621.14
4291,Amit Davis,,Japan,2024-09-04,Standard,488.18
4292,Arjun Singh,arjun.singh4292@example.com,Germany,2020-04-11,Premium,3954.9
4293,John Jones,john.jones4293@yahoo.com,France,2020-09-30,Standard,4272.6
4294,Mei Lee,mei.lee4294@outlook.com,Japan,2022-11-16,Standard,4241.68
4295,Mei Verma,mei.verma4295@techcorp.io,United Kingdom,2020-10-28,Basic,229.86
4296,Barbara Kim,barbara.kim4296@yahoo.com,United Kingdom,2020-02-04,Premium,2191.62
4297,Sofia Miller,sofia.miller4297@company.org,Japan,2023-04-03,Basic,518.59
4298,Charles Brown,charles.brown4298@techcorp.io,Canada,2021-07-27,Premium,2139.84
4299,Linda Wang,linda.wang4299@example.com,Australia,2020-04-27,Premium,564.04
4300,Ananya Wang,ananya.wang4300@example.com,Japan,2021-02-06,Premium,2501.44
4301,Richard Jones,richard.jones4301@techcorp.io,Brazil,2022-06-06,Standard,4637.84
4302,Susan Kim,susan.kim4302@company.org,Australia,2020-04-10,Basic,3657.11
4303,Richard Gonzalez,richard.gonzalez4303@yahoo.com,Japan,2024-07-02,Basic,2981.02
4304,Jennifer Singh,jennifer.singh4304@example.com,France,2024-12-23,Premium,4162.47
4305,Thomas Smith,thomas.smith4305@company.org,United Kingdom,2025-01-07,Premium,2015.56
4306,Richard Sharma,richard.sharma4306@yahoo.com,Germany,2020-01-03,Standard,1492.6
4307,Charles Davis,charles.davis4307@outlook.com,Brazil,2021-03-10,Basic,1651.12
4308,Karen Wang,karen.wang4308@example.com,Japan,2021-09-15,Standard,1647.44
4309,Karen Wang,karen.wang4309@example.com,Canada,2020-04-12,Premium,4201.09
4310,Sofia Kim,sofia.kim4310@outlook.com,Brazil,2020-04-10,Standard,195.16
4311,John Martinez,john.martinez4311@gmail.com,Japan,2021-03-23,Standard,1681.82
4312,Sarah Lee,sarah.lee4312@yahoo.com,India,2021-07-23,Premium,4788.47
4313,Mei Verma,mei.verma4313@example.com,Australia,2021-01-15,Premium,2687.74
4314,John Gonzalez,john.gonzalez4314@gmail.com,Canada,2024-10-21,Basic,327.61
4315,Rahul Verma,rahul.verma4315@gmail.com,United States,2022-01-22,Standard,1385.36
4316,Amit Gonzalez,amit.gonzalez4316@yahoo.com,Brazil,2025-01-05,Premium,4184.59
4317,Jessica Verma,jessica.verma4317@techcorp.io,Japan,2020-07-22,Premium,1202.93
4318,James Jones,james.jones4318@company.org,United Kingdom,2020-03-14,Basic,553.29
4319,Carlos Jones,carlos.jones4319@outlook.com,United States,2020-09-18,Premium,2560.52
4320,Wei Gonzalez,wei.gonzalez4320@gmail.com,Japan,2023-02-01,Basic,2879.52
4321,James Patel,james.patel4321@techcorp.io,Australia,2021-09-03,Basic,852.15
4322,Mei Miller,mei.miller4322@example.com,United Kingdom,2021-05-02,Premium,2825.93
4323,Richard Garcia,richard.garcia4323@gmail.com,United States,2025-08-03,Premium,1018.05
4324,Robert Rodriguez,robert.rodriguez4324@yahoo.com,France,2024-09-30,Basic,1334.83
4325,Ananya Lee,ananya.lee4325@example.com,Australia,2022-09-06,Standard,4728.69
4326,Neha Gonzalez,neha.gonzalez4326@outlook.com,United States,2023-08-30,Standard,4426.44
4327,Amit Williams,amit.williams4327@techcorp.io,Canada,2023-06-03,Standard,4732.88
4328,Karen Verma,karen.verma4328@example.com,Japan,2022-11-13,Basic,3615.79
4329,Sarah Wang,sarah.wang4329@yahoo.com,Australia,2023-05-29,Standard,4701.73
4330,Linda Rodriguez,linda.rodriguez4330@outlook.com,India,2023-02-23,Standard,3293.82
4331,Carlos Kim,carlos.kim4331@company.org,France,2023-12-20,Premium,1033.2
4332,Neha Rodriguez,neha.rodriguez4332@company.org,United Kingdom,2023-04-30,Premium,3719.98
4333,Linda Verma,linda.verma4333@techcorp.io,Brazil,2024-10-23,Premium,842.1
4334,Susan Wang,susan.wang4334@yahoo.com,France,2024-05-23,Standard,2612.05
4335,Linda Jones,linda.jones4335@gmail.com,Japan,2025-04-20,Standard,2646.4
4336,James Zhang,james.zhang4336@company.org,Canada,2022-09-25,Basic,3877.04
4337,Rahul Singh,rahul.singh4337@company.org,Brazil,2022-06-13,Premium,4154.15
4338,William Martinez,william.martinez4338@yahoo.com,France,2023-10-13,Premium,206.79
4339,James Martinez,james.martinez4339@outlook.com,United States,2024-01-19,Premium,207.81
4340,Jennifer Kim,jennifer.kim4340@outlook.com,France,2025-03-13,Basic,3677.44
4341,James Johnson,james.johnson4341@example.com,United Kingdom,2023-02-22,Basic,4592.94
4342,Arjun Lopez,arjun.lopez4342@yahoo.com,United States,2025-03-29,Standard,1175.02
4343,Neha Wang,neha.wang4343@yahoo.com,Australia,2023-01-09,Premium,3952.92
4344,Barbara Gonzalez,barbara.gonzalez4344@techcorp.io,United States,2022-09-16,Premium,4630.61
4345,John Singh,john.singh4345@yahoo.com,Australia,2023-12-09,Basic,1804.02
4346,Priya Jones,priya.jones4346@techcorp.io,United States,2023-05-13,Standard,164.64
4347,Jennifer Kim,jennifer.kim4347@gmail.com,Canada,2022-05-09,Standard,1173.53
4348,John Jones,john.jones4348@example.com,Canada,2022-08-10,Basic,3765.45
4349,Karen Sharma,karen.sharma4349@yahoo.com,India,2021-02-15,Basic,754.07
4350,Priya Verma,priya.verma4350@company.org,United States,2023-01-30,Basic,2035.47
4351,Jennifer Chen,jennifer.chen4351@outlook.com,Germany,2024-11-13,Premium,1932.51
4352,Jennifer Verma,jennifer.verma4352@gmail.com,United States,2024-01-28,Standard,1156.05
4353,Michael Kim,michael.kim4353@techcorp.io,Australia,2023-11-28,Standard,1744.0
4354,John Rodriguez,john.rodriguez4354@techcorp.io,France,2020-06-16,Premium,4127.8
4355,Rahul Williams,rahul.williams4355@company.org,United Kingdom,2023-08-20,Basic,438.04
4356,Priya Martinez,priya.martinez4356@outlook.com,Australia,2023-07-04,Premium,1138.6
4357,Joseph Johnson,joseph.johnson4357@example.com,Germany,2025-04-25,Basic,2741.89
4358,Patricia Singh,patricia.singh4358@example.com,United Kingdom,2022-10-10,Standard,1288.39
4359,Patricia Jones,patricia.jones4359@gmail.com,Australia,2025-05-02,Standard,4818.45
4360,Neha Garcia,neha.garcia4360@example.com,Canada,2021-02-19,Basic,3778.62
4361,James Zhang,james.zhang4361@outlook.com,Brazil,2021-04-30,Premium,4879.75
4362,Rahul Chen,rahul.chen4362@example.com,Germany,2020-02-27,Premium,3126.11
4363,Mary Singh,mary.singh4363@company.org,United Kingdom,2020-12-09,Premium,4169.68
4364,Linda Smith,linda.smith4364@yahoo.com,Australia,2020-10-29,Standard,3736.42
4365,Mary Martinez,mary.martinez4365@outlook.com,United States,2023-09-13,Premium,3096.95
4366,Charles Kim,charles.kim4366@yahoo.com,Germany,2024-09-11,Standard,1176.44
4367,Ananya Brown,ananya.brown4367@yahoo.com,United Kingdom,2023-02-22,Basic,4147.53
4368,Thomas Kim,thomas.kim4368@company.org,United States,2023-06-17,Premium,1753.57
4369,Sofia Williams,sofia.williams4369@techcorp.io,Canada,2021-09-15,Basic,768.99
4370,Karen Davis,karen.davis4370@example.com,Canada,2024-02-09,Basic,4302.15
4371,Robert Kim,robert.kim4371@yahoo.com,United Kingdom,2021-03-14,Basic,1313.99
4372,Jessica Verma,jessica.verma4372@outlook.com,Japan,2024-03-30,Standard,964.79
4373,Karen Williams,karen.williams4373@gmail.com,Australia,2023-04-14,Premium,170.2
4374,Elizabeth Gonzalez,elizabeth.gonzalez4374@outlook.com,United Kingdom,2020-12-14,Premium,4261.66
4375,Michael Gonzalez,michael.gonzalez4375@outlook.com,United Kingdom,2024-11-20,Premium,1893.94
4376,Sofia Williams,sofia.williams4376@gmail.com,Germany,2025-06-04,Standard,637.58
4377,Rahul Brown,rahul.brown4377@outlook.com,United States,2024-07-29,Basic,3432.43
4378,Patricia Chen,patricia.chen4378@company.org,Germany,2024-05-15,Standard,4054.04
4379,Sofia Chen,sofia.chen4379@yahoo.com,Germany,2021-04-01,Standard,749.21
4380,Karen Williams,karen.williams4380@techcorp.io,United States,2025-06-26,Basic,4109.48
4381,Robert Garcia,robert.garcia4381@gmail.com,Brazil,2022-10-05,Standard,2857.64
4382,John Sharma,john.sharma4382@example.com,United Kingdom,2025-03-01,Standard,3901.17
4383,Patricia Smith,patricia.smith4383@outlook.com,Germany,2025-01-22,Standard,54.85
4384,Rahul Martinez,rahul.martinez4384@outlook.com,India,2024-03-08,Basic,329.57
4385,William Sharma,william.sharma4385@gmail.com,United States,2021-12-28,Basic,698.11
4386,Rahul Patel,rahul.patel4386@techcorp.io,Brazil,2022-09-26,Premium,2497.12
4387,Karen Johnson,karen.johnson4387@yahoo.com,Canada,2023-11-19,Basic,892.0
4388,David Zhang,david.zhang4388@example.com,Japan,2024-06-12,Basic,1226.81
4389,Arjun Johnson,,United States,2022-04-22,Standard,2070.03
4390,Amit Chen,amit.chen4390@techcorp.io,Australia,2023-05-03,Premium,390.6
4391,Amit Jones,amit.jones4391@yahoo.com,France,2021-01-29,Basic,423.81
4392,Linda Kim,linda.kim4392@techcorp.io,Germany,2025-01-02,Basic,404.77
4393,Mei Sharma,mei.sharma4393@gmail.com,United Kingdom,2022-09-28,Standard,1907.72
4394,Patricia Kim,patricia.kim4394@outlook.com,Germany,2021-09-01,Basic,537.77
4395,Sarah Kim,sarah.kim4395@yahoo.com,Australia,2022-08-24,Basic,206.06
4396,Sarah Miller,sarah.miller4396@techcorp.io,India,2024-05-03,Premium,651.71
4397,Arjun Gonzalez,arjun.gonzalez4397@example.com,United Kingdom,2024-08-28,Basic,1225.92
4398,Charles Williams,charles.williams4398@techcorp.io,Japan,2022-10-02,Premium,1932.86
4399,James Chen,james.chen4399@techcorp.io,Brazil,2023-06-08,Premium,2456.16
4400,Jessica Garcia,jessica.garcia4400@gmail.com,United States,2020-04-04,Standard,690.54
4401,William Brown,william.brown4401@gmail.com,Japan,2020-02-06,Standard,614.99
4402,Linda Rodriguez,linda.rodriguez4402@company.org,Australia,2020-04-22,Premium,3372.89
4403,Wei Lopez,wei.lopez4403@outlook.com,India,2022-01-08,Basic,2320.95
4404,Thomas Verma,thomas.verma4404@gmail.com,India,2020-11-25,Premium,1360.92
4405,Rahul Martinez,rahul.martinez4405@outlook.com,Canada,2024-01-28,Standard,3047.26
4406,Robert Lopez,robert.lopez4406@example.com,Australia,2023-10-18,Standard,4122.38
4407,Karen Garcia,karen.garcia4407@example.com,France,2025-08-03,Basic,1219.82
4408,Joseph Brown,joseph.brown4408@techcorp.io,Brazil,2025-08-11,Standard,3762.91
4409,Mei Singh,mei.singh4409@yahoo.com,Australia,2024-06-29,Basic,715.64
4410,Richard Patel,richard.patel4410@example.com,Brazil,2022-06-15,Basic,1892.66
4411,Jessica Miller,jessica.miller4411@example.com,India,2022-03-12,Premium,4238.03
4412,Thomas Wang,thomas.wang4412@techcorp.io,Canada,2020-07-09,Basic,3660.72
4413,Michael Gonzalez,michael.gonzalez4413@techcorp.io,Canada,2024-04-08,Basic,1544.53
4414,Ananya Patel,ananya.patel4414@example.com,Germany,2025-07-17,Standard,1063.73
4415,Michael Smith,michael.smith4415@outlook.com,India,2020-10-20,Standard,2109.67
4416,Patricia Martinez,patricia.martinez4416@yahoo.com,India,2024-03-14,Basic,1512.83
4417,Linda Brown,linda.brown4417@company.org,France,2024-09-22,Basic,4441.52
4418,Susan Rodriguez,susan.rodriguez4418@example.com,United States,2022-10-22,Standard,1600.31
4419,Sarah Lee,sarah.lee4419@example.com,Brazil,2025-06-01,Basic,1121.43
4420,Sarah Kim,sarah.kim4420@yahoo.com,United States,2020-04-25,Standard,2729.35
4421,Jessica Lopez,jessica.lopez4421@techcorp.io,United Kingdom,2024-07-02,Premium,1173.72
4422,Wei Williams,wei.williams4422@outlook.com,Germany,2021-08-16,Premium,4939.76
4423,Karen Brown,karen.brown4423@techcorp.io,Germany,2025-05-30,Basic,1947.34
4424,Karen Davis,karen.davis4424@outlook.com,India,2020-06-27,Standard,296.9
4425,Neha Jones,neha.jones4425@company.org,India,2020-12-01,Premium,2285.73
4426,Robert Zhang,robert.zhang4426@yahoo.com,Canada,2025-05-19,Basic,2617.04
4427,James Williams,james.williams4427@company.org,India,2025-01-02,Premium,2937.78
4428,Richard Gonzalez,richard.gonzalez4428@gmail.com,Japan,2023-10-02,Premium,2268.59
4429,Karen Zhang,karen.zhang4429@techcorp.io,Canada,2025-05-08,Standard,2929.09
4430,Joseph Lopez,joseph.lopez4430@company.org,United States,2023-07-17,Basic,4652.8
4431,Robert Brown,robert.brown4431@example.com,India,2021-03-28,Standard,2754.11
4432,Susan Sharma,susan.sharma4432@example.com,Australia,2021-01-23,Premium,3118.06
4433,Priya Brown,priya.brown4433@gmail.com,France,2020-11-11,Standard,1095.73
4434,Ananya Sharma,ananya.sharma4434@example.com,United Kingdom,2021-01-22,Standard,1040.58
4435,Patricia Garcia,patricia.garcia4435@company.org,Japan,2024-02-10,Standard,2270.73
4436,Jennifer Singh,jennifer.singh4436@gmail.com,France,2023-06-03,Premium,2082.08
4437,Jessica Kim,jessica.kim4437@company.org,India,2020-12-29,Premium,4203.94
4438,Michael Zhang,michael.zhang4438@techcorp.io,United States,2024-05-24,Premium,4891.25
4439,Jennifer Johnson,jennifer.johnson4439@gmail.com,United Kingdom,2020-02-23,Standard,430.46
4440,Jessica Verma,jessica.verma4440@yahoo.com,Germany,2021-04-15,Standard,1147.93
4441,Amit Miller,amit.miller4441@example.com,India,2022-09-18,Basic,2377.52
4442,Mei Zhang,mei.zhang4442@outlook.com,Canada,2020-05-30,Basic,1586.84
4443,Karen Johnson,karen.johnson4443@yahoo.com,Japan,2021-10-31,Premium,1818.42
4444,Elizabeth Verma,elizabeth.verma4444@company.org,Australia,2022-07-10,Standard,3489.48
4445,Carlos Davis,carlos.davis4445@techcorp.io,Brazil,2021-05-21,Basic,2435.05
4446,William Miller,william.miller4446@company.org,Germany,2021-08-18,Standard,3897.12
4447,Carlos Sharma,carlos.sharma4447@gmail.com,Japan,2023-01-20,Basic,4176.45
4448,Amit Garcia,amit.garcia4448@outlook.com,Brazil,2020-09-30,Premium,3708.32
4449,Carlos Rodriguez,carlos.rodriguez4449@example.com,France,2022-01-05,Basic,4103.56
4450,Jennifer Miller,jennifer.miller4450@example.com,United States,2021-05-12,Premium,2732.9
4451,Linda Lee,linda.lee4451@company.org,Canada,2024-01-06,Standard,533.46
4452,Michael Kim,michael.kim4452@outlook.com,Australia,2022-08-15,Basic,1604.06
4453,Michael Johnson,michael.johnson4453@company.org,United Kingdom,2020-02-05,Standard,3009.19
4454,Thomas Sharma,thomas.sharma4454@company.org,United States,2024-10-21,Premium,3324.93
4455,Barbara Lee,barbara.lee4455@company.org,Japan,2021-07-09,Premium,1423.95
4456,Neha Johnson,neha.johnson4456@company.org,Germany,2021-03-16,Standard,2443.1
4457,Arjun Miller,arjun.miller4457@outlook.com,India,2024-09-10,Standard,2565.7
4458,John Miller,john.miller4458@yahoo.com,Japan,2022-02-25,Standard,2291.47
4459,Jessica Jones,jessica.jones4459@gmail.com,Japan,2022-07-16,Premium,1503.98
4460,James Garcia,james.garcia4460@outlook.com,Germany,2021-12-04,Premium,895.14
4461,Mei Rodriguez,mei.rodriguez4461@gmail.com,Brazil,2022-07-29,Basic,2088.38
4462,Sofia Davis,sofia.davis4462@yahoo.com,United Kingdom,2024-11-12,Standard,1577.28
4463,James Brown,james.brown4463@company.org,India,2023-06-23,Standard,1378.85
4464,Elizabeth Kim,elizabeth.kim4464@outlook.com,Germany,2020-05-06,Basic,3480.98
4465,Linda Verma,linda.verma4465@gmail.com,Canada,2024-12-04,Standard,1787.63
4466,Carlos Williams,carlos.williams4466@gmail.com,Brazil,2024-10-10,Premium,372.37
4467,David Singh,david.singh4467@outlook.com,United States,2023-03-13,Basic,1579.2
4468,Barbara Miller,barbara.miller4468@company.org,Brazil,2020-09-23,Basic,2363.92
4469,David Martinez,david.martinez4469@techcorp.io,Germany,2023-05-14,Standard,4951.09
4470,Priya Gonzalez,priya.gonzalez4470@company.org,United States,2022-01-03,Standard,4307.39
4471,Priya Williams,priya.williams4471@gmail.com,United Kingdom,2023-07-27,Standard,1631.65
4472,William Garcia,william.garcia4472@techcorp.io,Germany,2020-05-24,Premium,4786.21
4473,Linda Wang,linda.wang4473@example.com,France,2024-11-07,Premium,3336.63
4474,Susan Lopez,susan.lopez4474@yahoo.com,Germany,2023-11-22,Basic,1196.98
4475,Richard Williams,richard.williams4475@company.org,Canada,2021-01-15,Basic,3144.31
4476,Sarah Miller,sarah.miller4476@company.org,United States,2022-08-02,Standard,677.74
4477,Rahul Gonzalez,rahul.gonzalez4477@yahoo.com,Canada,2020-01-10,Standard,2151.97
4478,Jennifer Zhang,jennifer.zhang4478@techcorp.io,United Kingdom,2023-01-11,Standard,997.01
4479,Ananya Martinez,ananya.martinez4479@techcorp.io,Brazil,2022-07-31,Basic,1323.9
4480,Jessica Verma,jessica.verma4480@gmail.com,Brazil,2024-04-10,Standard,4517.52
4481,William Johnson,william.johnson4481@company.org,France,2024-01-22,Standard,919.85
4482,Linda Kim,linda.kim4482@yahoo.com,France,2021-07-01,Premium,1682.36
4483,James Chen,james.chen4483@outlook.com,United Kingdom,2023-10-24,Basic,2909.21
4484,Barbara Garcia,barbara.garcia4484@company.org,Brazil,2024-03-08,Premium,1396.3
4485,Sofia Wang,sofia.wang4485@techcorp.io,United States,2022-10-15,Premium,2163.25
4486,Carlos Lopez,carlos.lopez4486@example.com,Canada,2023-08-31,Basic,1647.44
4487,Patricia Wang,patricia.wang4487@example.com,Australia,2020-07-02,Standard,2316.64
4488,Ananya Kim,ananya.kim4488@company.org,United Kingdom,2020-01-19,Basic,3822.01
4489,Ananya Lee,ananya.lee4489@outlook.com,Canada,2021-07-12,Premium,2567.86
4490,Joseph Miller,joseph.miller4490@outlook.com,Canada,2024-07-04,Premium,1917.59
4491,Susan Singh,susan.singh4491@example.com,Brazil,2022-11-23,Standard,131.19
4492,Amit Brown,amit.brown4492@example.com,United States,2024-11-09,Premium,304.88
4493,Mei Rodriguez,mei.rodriguez4493@company.org,Japan,2020-12-02,Basic,180.27
4494,Arjun Miller,arjun.miller4494@company.org,Canada,2025-01-09,Basic,1716.78
4495,Jessica Verma,jessica.verma4495@example.com,France,2023-08-27,Basic,3280.47
4496,John Kim,john.kim4496@techcorp.io,Brazil,2024-09-26,Basic,3446.81
4497,Richard Wang,richard.wang4497@techcorp.io,Canada,2022-12-04,Premium,4439.75
4498,Priya Garcia,priya.garcia4498@yahoo.com,Canada,2022-04-29,Standard,3072.95
4499,Rahul Singh,rahul.singh4499@company.org,Brazil,2023-09-04,Basic,4420.57
4500,Sofia Rodriguez,sofia.rodriguez4500@outlook.com,United States,2023-10-04,Standard,2072.22
4501,Amit Lee,amit.lee4501@yahoo.com,Japan,2023-11-06,Standard,275.53
4502,Wei Rodriguez,wei.rodriguez4502@yahoo.com,Brazil,2024-11-15,Basic,2384.56
4503,Amit Kim,amit.kim4503@company.org,Germany,2023-09-18,Standard,665.64
4504,Mary Jones,mary.jones4504@outlook.com,United States,2022-09-12,Premium,1652.44
4505,Amit Wang,amit.wang4505@example.com,Germany,2024-03-21,Standard,2595.1
4506,Ananya Williams,ananya.williams4506@techcorp.io,France,2022-10-18,Premium,3251.78
4507,Charles Davis,charles.davis4507@techcorp.io,France,2020-07-31,Premium,1957.54
4508,David Zhang,david.zhang4508@outlook.com,United Kingdom,2020-03-18,Premium,4207.5
4509,James Williams,james.williams4509@yahoo.com,Japan,2024-03-25,Premium,1700.64
4510,Ananya Lopez,ananya.lopez4510@techcorp.io,United Kingdom,2020-01-07,Standard,3231.37
4511,Thomas Verma,thomas.verma4511@yahoo.com,Japan,2025-02-25,Standard,2644.7
4512,Arjun Wang,arjun.wang4512@gmail.com,United Kingdom,2024-05-05,Standard,2104.02
4513,Mary Miller,mary.miller4513@techcorp.io,France,2022-06-02,Standard,1555.02
4514,Elizabeth Miller,elizabeth.miller4514@techcorp.io,Canada,2024-07-08,Premium,3915.37
4515,Richard Davis,richard.davis4515@yahoo.com,India,2020-10-21,Premium,4816.87
4516,Michael Davis,michael.davis4516@outlook.com,Japan,2024-09-23,Basic,2410.05
4517,Wei Johnson,wei.johnson4517@example.com,United Kingdom,2021-05-23,Standard,1542.19
4518,Mei Verma,mei.verma4518@example.com,Japan,2024-10-19,Basic,3392.25
4519,Carlos Jones,carlos.jones4519@example.com,United Kingdom,2024-05-26,Standard,2714.0
4520,Amit Johnson,amit.johnson4520@company.org,Brazil,2025-06-23,Standard,1361.58
4521,Jessica Verma,jessica.verma4521@company.org,Canada,2023-03-20,Premium,1235.16
4522,Elizabeth Zhang,elizabeth.zhang4522@techcorp.io,Australia,2021-07-20,Premium,1803.0
4523,Michael Chen,michael.chen4523@techcorp.io,Japan,2022-11-05,Basic,4813.4
4524,Ananya Davis,ananya.davis4524@example.com,France,2025-03-22,Standard,2809.98
4525,Elizabeth Smith,elizabeth.smith4525@outlook.com,Germany,2020-04-02,Standard,2135.19
4526,Barbara Williams,barbara.williams4526@outlook.com,Japan,2023-12-07,Basic,1525.34
4527,John Sharma,john.sharma4527@example.com,United Kingdom,2022-05-01,Basic,3128.85
4528,Mary Johnson,mary.johnson4528@techcorp.io,United States,2023-02-11,Premium,215.81
4529,Susan Verma,susan.verma4529@example.com,Australia,2021-09-06,Basic,3737.08
4530,Neha Rodriguez,neha.rodriguez4530@outlook.com,United Kingdom,2023-09-28,Premium,3303.26
4531,Barbara Davis,barbara.davis4531@outlook.com,Germany,2022-03-31,Premium,694.16
4532,Susan Singh,susan.singh4532@gmail.com,United States,2020-05-30,Standard,2358.75
4533,Mei Lee,mei.lee4533@techcorp.io,India,2020-10-14,Basic,3691.28
4534,Wei Martinez,wei.martinez4534@company.org,Australia,2024-09-22,Basic,439.39
4535,Amit Lopez,amit.lopez4535@company.org,France,2023-07-11,Basic,479.48
4536,Patricia Sharma,patricia.sharma4536@company.org,United Kingdom,2025-01-08,Standard,2038.88
4537,John Martinez,john.martinez4537@techcorp.io,Canada,2025-04-10,Standard,2154.0
4538,John Zhang,john.zhang4538@techcorp.io,France,2025-06-17,Premium,50.3
4539,Neha Chen,neha.chen4539@techcorp.io,France,2024-06-25,Premium,3271.95
4540,Ananya Patel,ananya.patel4540@company.org,Germany,2020-03-05,Premium,1895.68
4541,Robert Verma,robert.verma4541@example.com,Australia,2024-03-15,Basic,2657.43
4542,Karen Williams,karen.williams4542@outlook.com,Germany,2022-08-11,Premium,1196.21
4543,Neha Garcia,neha.garcia4543@company.org,Germany,2025-07-26,Standard,4545.93
4544,Mei Smith,mei.smith4544@outlook.com,Canada,2025-05-24,Premium,1247.75
4545,Sarah Singh,sarah.singh4545@yahoo.com,Germany,2020-10-01,Standard,321.24
4546,John Miller,john.miller4546@gmail.com,Brazil,2024-05-10,Standard,209.55
4547,Jessica Martinez,jessica.martinez4547@example.com,United Kingdom,2022-05-23,Premium,2974.36
4548,John Rodriguez,john.rodriguez4548@example.com,Brazil,2023-10-22,Basic,1342.69
4549,Elizabeth Martinez,elizabeth.martinez4549@yahoo.com,United States,2022-02-08,Standard,3048.25
4550,Elizabeth Brown,elizabeth.brown4550@gmail.com,Germany,2022-07-14,Premium,2430.21
4551,Linda Verma,linda.verma4551@gmail.com,Brazil,2024-07-22,Standard,1584.96
4552,Mei Wang,mei.wang4552@example.com,Canada,2021-01-26,Basic,496.35
4553,Michael Verma,michael.verma4553@gmail.com,Brazil,2022-02-08,Basic,749.7
4554,Thomas Verma,thomas.verma4554@yahoo.com,Canada,2024-09-09,Standard,2695.83
4555,John Verma,john.verma4555@yahoo.com,Brazil,2024-02-02,Premium,880.55
4556,Patricia Wang,patricia.wang4556@company.org,Australia,2023-11-08,Premium,4043.32
4557,Mary Lee,mary.lee4557@company.org,Canada,2020-11-07,Basic,4857.07
4558,Sarah Patel,sarah.patel4558@outlook.com,Australia,2021-03-29,Standard,2330.54
4559,Arjun Lopez,arjun.lopez4559@yahoo.com,United Kingdom,2022-04-21,Basic,2958.6
4560,Elizabeth Kim,elizabeth.kim4560@company.org,India,2020-06-17,Premium,324.66
4561,Michael Kim,michael.kim4561@gmail.com,Canada,2024-04-26,Basic,1332.62
4562,Amit Lopez,amit.lopez4562@yahoo.com,Canada,2021-10-05,Basic,3461.23
4563,Carlos Verma,carlos.verma4563@company.org,Japan,2022-09-18,Basic,4210.06
4564,Neha Brown,neha.brown4564@yahoo.com,India,2023-07-11,Basic,2387.3
4565,Michael Martinez,michael.martinez4565@gmail.com,India,2023-04-26,Premium,2037.81
4566,Michael Davis,michael.davis4566@gmail.com,Australia,2023-12-30,Standard,1019.1
4567,Mary Williams,mary.williams4567@outlook.com,United Kingdom,2020-06-08,Basic,341.49
4568,Elizabeth Martinez,elizabeth.martinez4568@gmail.com,Japan,2024-12-11,Premium,485.36
4569,Amit Brown,amit.brown4569@gmail.com,France,2024-01-16,Premium,2767.7
4570,Priya Sharma,priya.sharma4570@outlook.com,Japan,2024-07-24,Premium,4205.08
4571,Susan Davis,susan.davis4571@techcorp.io,Canada,2023-08-26,Standard,642.41
4572,Sarah Garcia,sarah.garcia4572@company.org,India,2021-08-02,Standard,4696.86
4573,Mei Lopez,mei.lopez4573@outlook.com,Australia,2021-09-17,Basic,2114.03
4574,Priya Williams,priya.williams4574@company.org,India,2020-04-03,Standard,4859.91
4575,Sofia Patel,sofia.patel4575@techcorp.io,France,2021-01-17,Basic,341.42
4576,Arjun Zhang,arjun.zhang4576@techcorp.io,Germany,2021-10-17,Premium,1287.79
4577,Ananya Brown,ananya.brown4577@example.com,Brazil,2021-08-02,Standard,4129.92
4578,Sofia Jones,sofia.jones4578@yahoo.com,India,2025-08-06,Standard,4642.96
4579,Richard Garcia,richard.garcia4579@techcorp.io,France,2024-04-11,Basic,200.86
4580,Michael Gonzalez,michael.gonzalez4580@outlook.com,Japan,2020-12-19,Premium,69.22
4581,Barbara Lee,barbara.lee4581@yahoo.com,Germany,2023-12-11,Standard,691.06
4582,Robert Kim,robert.kim4582@techcorp.io,Japan,2020-07-20,Premium,1046.12
4583,Robert Smith,robert.smith4583@gmail.com,Japan,2022-12-30,Premium,1731.02
4584,Jessica Jones,jessica.jones4584@outlook.com,United Kingdom,2025-03-11,Basic,766.5
4585,Barbara Williams,barbara.williams4585@outlook.com,Australia,2022-02-01,Premium,4066.44
4586,David Zhang,david.zhang4586@techcorp.io,United States,2021-08-26,Premium,4741.24
4587,Richard Smith,richard.smith4587@example.com,United States,2023-03-25,Premium,191.97
4588,Ananya Garcia,ananya.garcia4588@outlook.com,United States,2024-09-10,Standard,4243.63
4589,Carlos Wang,carlos.wang4589@outlook.com,Japan,2024-06-22,Premium,4899.66
4590,David Johnson,david.johnson4590@techcorp.io,United States,2022-11-19,Basic,3191.09
4591,Neha Lee,neha.lee4591@company.org,Australia,2024-11-19,Standard,4816.54
4592,William Miller,william.miller4592@gmail.com,India,2024-05-12,Standard,3153.67
4593,Barbara Singh,barbara.singh4593@yahoo.com,United Kingdom,2025-07-08,Premium,2567.86
4594,Thomas Chen,thomas.chen4594@techcorp.io,France,2023-11-24,Standard,3501.42
4595,Sofia Lopez,sofia.lopez4595@company.org,United Kingdom,2020-10-30,Basic,1977.3
4596,Mary Singh,mary.singh4596@techcorp.io,Germany,2021-07-19,Premium,164.0
4597,John Brown,john.brown4597@techcorp.io,United Kingdom,2024-04-14,Basic,4614.42
4598,Jessica Lee,jessica.lee4598@outlook.com,Japan,2020-11-22,Premium,3096.22
4599,Michael Zhang,michael.zhang4599@gmail.com,United Kingdom,2023-09-10,Basic,3811.64
4600,Neha Rodriguez,neha.rodriguez4600@company.org,Australia,2022-10-04,Premium,884.02
4601,Amit Lee,amit.lee4601@outlook.com,Canada,2020-10-27,Premium,3570.92
4602,Patricia Rodriguez,patricia.rodriguez4602@example.com,United States,2024-01-21,Basic,1572.75
4603,Robert Kim,robert.kim4603@yahoo.com,Australia,2021-01-15,Premium,2073.75
4604,Michael Gonzalez,michael.gonzalez4604@gmail.com,Australia,2022-06-24,Basic,3304.66
4605,Richard Wang,richard.wang4605@gmail.com,Brazil,2022-11-13,Premium,3807.74
4606,Richard Gonzalez,richard.gonzalez4606@company.org,France,2023-09-20,Standard,3459.39
4607,Robert Lee,robert.lee4607@yahoo.com,Australia,2022-01-30,Basic,2651.41
4608,Jennifer Kim,jennifer.kim4608@gmail.com,India,2022-06-13,Basic,1265.07
4609,Michael Johnson,michael.johnson4609@example.com,Brazil,2023-11-05,Standard,2699.13
4610,Elizabeth Singh,elizabeth.singh4610@example.com,France,2025-07-21,Premium,141.44
4611,Richard Rodriguez,richard.rodriguez4611@outlook.com,Brazil,2022-06-15,Standard,4869.15
4612,Neha Rodriguez,neha.rodriguez4612@company.org,Australia,2025-04-29,Standard,775.47
4613,Linda Verma,linda.verma4613@techcorp.io,United Kingdom,2020-11-28,Standard,1645.77
4614,Barbara Sharma,barbara.sharma4614@company.org,Germany,2025-06-24,Standard,2710.37
4615,Joseph Rodriguez,joseph.rodriguez4615@gmail.com,India,2023-04-07,Premium,1959.57
4616,Carlos Garcia,carlos.garcia4616@example.com,Japan,2023-08-16,Basic,4203.2
4617,Rahul Brown,rahul.brown4617@company.org,Japan,2024-10-04,Standard,1706.49
4618,William Lopez,william.lopez4618@example.com,Australia,2023-07-27,Basic,3849.14
4619,Arjun Gonzalez,arjun.gonzalez4619@example.com,Canada,2021-04-02,Premium,2046.35
4620,Thomas Lopez,thomas.lopez4620@example.com,United Kingdom,2020-02-02,Basic,2850.34
4621,Michael Verma,michael.verma4621@techcorp.io,Brazil,2022-01-22,Basic,4183.6
4622,Richard Miller,richard.miller4622@gmail.com,India,2023-09-02,Premium,2403.23
4623,Rahul Jones,rahul.jones4623@yahoo.com,Canada,2021-08-15,Basic,2645.41
4624,Arjun Kim,arjun.kim4624@techcorp.io,United Kingdom,2023-06-04,Premium,3021.0
4625,Jessica Patel,jessica.patel4625@example.com,Brazil,2020-07-18,Premium,3160.73
4626,Arjun Rodriguez,arjun.rodriguez4626@example.com,United States,2020-12-05,Premium,4377.51
4627,Mary Rodriguez,mary.rodriguez4627@gmail.com,United Kingdom,2022-03-16,Standard,2790.07
4628,John Sharma,john.sharma4628@yahoo.com,Japan,2022-09-18,Standard,3983.07
4629,Thomas Patel,thomas.patel4629@example.com,Japan,2021-03-03,Standard,1665.17
4630,William Singh,william.singh4630@gmail.com,Australia,2022-09-30,Premium,813.49
4631,Richard Johnson,richard.johnson4631@company.org,France,2025-06-07,Standard,4660.41
4632,Wei Patel,wei.patel4632@techcorp.io,Germany,2025-07-23,Basic,287.99
4633,David Miller,david.miller4633@example.com,Canada,2020-09-14,Basic,3016.54
4634,Robert Zhang,robert.zhang4634@outlook.com,France,2024-12-25,Premium,3151.36
4635,Priya Jones,priya.jones4635@company.org,Australia,2020-06-23,Basic,4906.52
4636,Carlos Verma,carlos.verma4636@outlook.com,United Kingdom,2022-10-04,Basic,3384.21
4637,Joseph Sharma,joseph.sharma4637@outlook.com,Brazil,2021-07-22,Basic,4575.22
4638,Richard Garcia,richard.garcia4638@example.com,Canada,2022-06-10,Premium,1885.36
4639,Jessica Gonzalez,jessica.gonzalez4639@company.org,Canada,2023-03-27,Premium,2007.35
4640,Joseph Kim,joseph.kim4640@company.org,United States,2025-05-22,Standard,456.82
4641,Ananya Lee,ananya.lee4641@techcorp.io,India,2020-09-21,Standard,2442.21
4642,Barbara Williams,barbara.williams4642@yahoo.com,Canada,2023-05-09,Basic,3977.65
4643,Karen Garcia,karen.garcia4643@outlook.com,United Kingdom,2021-02-14,Standard,4592.38
4644,Karen Kim,karen.kim4644@yahoo.com,Brazil,2022-09-28,Premium,3914.09
4645,David Lee,david.lee4645@example.com,Canada,2024-12-07,Standard,2200.15
4646,Richard Sharma,richard.sharma4646@company.org,United States,2025-05-25,Basic,1840.14
4647,Elizabeth Lopez,elizabeth.lopez4647@outlook.com,United Kingdom,2023-06-07,Basic,4920.75
4648,Susan Kim,susan.kim4648@example.com,Japan,2021-02-21,Standard,4306.13
4649,Ananya Lee,ananya.lee4649@yahoo.com,Germany,2020-01-11,Premium,1364.88
4650,Karen Johnson,karen.johnson4650@example.com,France,2022-09-14,Standard,4332.39
4651,Barbara Miller,barbara.miller4651@outlook.com,Japan,2025-03-26,Basic,4970.84
4652,Priya Johnson,priya.johnson4652@gmail.com,India,2023-09-26,Premium,1298.69
4653,Joseph Davis,joseph.davis4653@outlook.com,Canada,2022-09-11,Premium,405.19
4654,Carlos Rodriguez,carlos.rodriguez4654@techcorp.io,Brazil,2025-06-04,Basic,906.1
4655,Barbara Chen,barbara.chen4655@company.org,Australia,2024-07-01,Standard,564.12
4656,David Rodriguez,david.rodriguez4656@techcorp.io,Japan,2023-06-19,Basic,1997.86
4657,David Gonzalez,david.gonzalez4657@outlook.com,Japan,2022-05-26,Premium,3342.7
4658,Robert Davis,robert.davis4658@yahoo.com,Brazil,2024-02-11,Standard,1780.11
4659,James Lee,james.lee4659@outlook.com,Japan,2023-05-19,Standard,1842.52
4660,Thomas Brown,thomas.brown4660@techcorp.io,France,2024-07-06,Basic,819.15
4661,Carlos Zhang,carlos.zhang4661@outlook.com,India,2022-03-03,Standard,879.84
4662,Michael Gonzalez,michael.gonzalez4662@techcorp.io,Canada,2024-12-23,Basic,1537.89
4663,Joseph Brown,joseph.brown4663@outlook.com,France,2024-12-26,Premium,3595.77
4664,William Wang,william.wang4664@techcorp.io,Japan,2022-10-02,Standard,666.2
4665,Barbara Sharma,barbara.sharma4665@company.org,Australia,2020-06-19,Premium,3578.7
4666,Jessica Martinez,jessica.martinez4666@outlook.com,France,2020-05-31,Basic,2334.32
4667,Michael Lopez,michael.lopez4667@example.com,India,2020-03-20,Basic,2327.58
4668,Karen Smith,karen.smith4668@techcorp.io,United States,2021-03-05,Standard,3761.04
4669,Richard Chen,richard.chen4669@company.org,Canada,2020-05-16,Standard,2737.83
4670,Amit Lopez,amit.lopez4670@yahoo.com,Brazil,2023-07-04,Standard,3415.53
4671,Richard Jones,richard.jones4671@gmail.com,Australia,2022-08-26,Premium,2770.9
4672,Ananya Lee,ananya.lee4672@example.com,Japan,2024-07-03,Premium,1287.43
4673,Michael Singh,michael.singh4673@example.com,United Kingdom,2024-02-16,Premium,3988.14
4674,Amit Zhang,amit.zhang4674@company.org,France,2020-07-05,Standard,336.07
4675,Robert Jones,robert.jones4675@company.org,Brazil,2022-05-28,Standard,3906.5
4676,Michael Davis,michael.davis4676@outlook.com,India,2022-03-05,Premium,86.14
4677,William Miller,william.miller4677@gmail.com,Japan,2023-06-23,Basic,2487.87
4678,Elizabeth Lopez,elizabeth.lopez4678@yahoo.com,France,2024-07-17,Premium,4618.28
4679,David Wang,david.wang4679@techcorp.io,France,2024-12-13,Basic,4755.94
4680,William Zhang,william.zhang4680@gmail.com,United Kingdom,2020-02-15,Premium,305.17
4681,Joseph Davis,joseph.davis4681@outlook.com,France,2024-02-03,Premium,4078.11
4682,Richard Smith,richard.smith4682@company.org,Germany,2023-11-04,Basic,4745.49
4683,Priya Singh,priya.singh4683@yahoo.com,Japan,2022-12-19,Premium,3903.1
4684,John Jones,john.jones4684@company.org,Brazil,2024-05-17,Standard,4697.92
4685,Patricia Williams,patricia.williams4685@yahoo.com,Germany,2022-03-14,Basic,424.02
4686,Rahul Garcia,rahul.garcia4686@outlook.com,Germany,2024-03-26,Basic,4620.2
4687,Charles Wang,charles.wang4687@techcorp.io,Brazil,2021-08-24,Standard,4059.56
4688,Mei Martinez,mei.martinez4688@example.com,Australia,2025-01-23,Standard,3164.43
4689,William Patel,william.patel4689@outlook.com,United Kingdom,2022-01-10,Standard,3447.88
4690,David Rodriguez,david.rodriguez4690@outlook.com,India,2021-03-24,Premium,532.9
4691,Arjun Kim,arjun.kim4691@techcorp.io,Australia,2020-12-15,Basic,1941.13
4692,Joseph Miller,joseph.miller4692@company.org,United States,2023-10-16,Basic,336.8
4693,Sarah Gonzalez,sarah.gonzalez4693@techcorp.io,Brazil,2021-02-14,Premium,2985.9
4694,Joseph Singh,joseph.singh4694@company.org,Canada,2021-02-12,Premium,3904.04
4695,William Wang,william.wang4695@gmail.com,Canada,2024-04-13,Premium,716.17
4696,James Williams,james.williams4696@outlook.com,Brazil,2022-09-25,Basic,1252.52
4697,William Johnson,william.johnson4697@gmail.com,India,2022-01-26,Standard,886.47
4698,Michael Patel,michael.patel4698@gmail.com,United Kingdom,2020-01-07,Premium,2434.33
4699,Arjun Patel,arjun.patel4699@outlook.com,Japan,2025-05-31,Basic,3674.96
4700,James Singh,james.singh4700@techcorp.io,Japan,2024-11-18,Basic,4858.05
4701,Linda Chen,linda.chen4701@example.com,Germany,2024-03-08,Basic,2441.76
4702,Rahul Wang,rahul.wang4702@techcorp.io,India,2024-08-31,Basic,4794.38
4703,Jessica Jones,jessica.jones4703@gmail.com,Canada,2024-06-04,Premium,294.16
4704,Elizabeth Brown,elizabeth.brown4704@company.org,France,2022-06-29,Basic,1169.63
4705,Wei Garcia,wei.garcia4705@example.com,Canada,2023-09-07,Standard,1320.68
4706,Susan Chen,susan.chen4706@outlook.com,India,2020-12-07,Standard,233.17
4707,Amit Davis,amit.davis4707@company.org,United States,2024-05-03,Standard,3990.62
4708,Charles Johnson,charles.johnson4708@company.org,Japan,2020-03-04,Basic,1526.92
4709,David Brown,david.brown4709@techcorp.io,Japan,2020-08-05,Basic,2783.94
4710,Neha Verma,neha.verma4710@company.org,India,2022-02-08,Standard,4967.68
4711,Robert Lee,robert.lee4711@example.com,Japan,2020-02-14,Standard,1422.5
4712,Patricia Sharma,patricia.sharma4712@yahoo.com,India,2022-10-16,Premium,4511.57
4713,Neha Jones,neha.jones4713@outlook.com,Germany,2024-07-02,Basic,745.95
4714,Patricia Singh,patricia.singh4714@company.org,United States,2025-02-08,Standard,3973.7
4715,Thomas Smith,thomas.smith4715@yahoo.com,United Kingdom,2022-03-26,Standard,2748.92
4716,Arjun Zhang,arjun.zhang4716@outlook.com,United Kingdom,2020-12-04,Basic,2070.86
4717,Joseph Davis,joseph.davis4717@outlook.com,India,2025-05-20,Standard,1723.46
4718,William Patel,william.patel4718@company.org,United Kingdom,2023-11-14,Basic,178.69
4719,Jennifer Williams,jennifer.williams4719@outlook.com,United States,2020-12-28,Basic,4558.87
4720,Linda Miller,linda.miller4720@gmail.com,Australia,2024-02-14,Premium,4759.99
4721,Charles Wang,charles.wang4721@company.org,United States,2022-06-22,Standard,4049.73
4722,Mei Lopez,mei.lopez4722@example.com,India,2025-07-11,Standard,453.16
4723,Jessica Smith,jessica.smith4723@yahoo.com,United States,2023-11-15,Standard,2526.57
4724,Sofia Johnson,sofia.johnson4724@company.org,Canada,2020-10-28,Basic,1305.56
4725,Sofia Patel,sofia.patel4725@gmail.com,Australia,2021-01-16,Standard,1304.18
4726,Ananya Davis,ananya.davis4726@techcorp.io,Brazil,2023-08-06,Basic,1233.39
4727,Richard Kim,richard.kim4727@outlook.com,India,2025-01-31,Standard,2314.65
4728,Mei Singh,mei.singh4728@gmail.com,United States,2024-05-07,Standard,1160.98
4729,David Gonzalez,david.gonzalez4729@techcorp.io,Japan,2022-08-13,Basic,3213.31
4730,Jessica Davis,jessica.davis4730@gmail.com,United Kingdom,2022-07-13,Basic,1357.77
4731,Ananya Singh,ananya.singh4731@techcorp.io,Japan,2023-09-27,Standard,4485.88
4732,William Sharma,william.sharma4732@gmail.com,United States,2023-05-22,Premium,1440.49
4733,Sarah Johnson,sarah.johnson4733@company.org,Canada,2024-12-02,Premium,4019.86
4734,Wei Brown,wei.brown4734@company.org,India,2023-11-11,Standard,146.69
4735,David Martinez,david.martinez4735@yahoo.com,Japan,2020-07-29,Standard,2992.04
4736,Mei Lee,mei.lee4736@outlook.com,Canada,2025-05-09,Standard,4168.18
4737,Patricia Brown,patricia.brown4737@gmail.com,Japan,2025-04-20,Standard,1568.03
4738,Joseph Verma,joseph.verma4738@outlook.com,Australia,2024-09-09,Standard,2333.61
4739,Thomas Lee,thomas.lee4739@example.com,Germany,2021-11-12,Standard,3431.46
4740,Michael Martinez,michael.martinez4740@company.org,Australia,2023-01-04,Premium,172.41
4741,Michael Lee,michael.lee4741@gmail.com,Brazil,2022-11-22,Premium,1932.12
4742,Mei Verma,mei.verma4742@techcorp.io,France,2020-02-16,Standard,1925.83
4743,Charles Lopez,charles.lopez4743@yahoo.com,France,2020-10-04,Basic,2621.04
4744,Sofia Singh,sofia.singh4744@company.org,Japan,2020-05-18,Premium,3849.27
4745,Joseph Chen,joseph.chen4745@example.com,Japan,2024-03-14,Standard,252.36
4746,Rahul Miller,rahul.miller4746@company.org,France,2021-08-14,Standard,1152.96
4747,Joseph Lee,joseph.lee4747@yahoo.com,Japan,2020-10-12,Premium,3937.36
4748,Mary Chen,mary.chen4748@yahoo.com,Australia,2021-05-19,Basic,2791.8
4749,Susan Garcia,susan.garcia4749@yahoo.com,United States,2024-07-24,Premium,4835.84
4750,Rahul Garcia,rahul.garcia4750@outlook.com,United Kingdom,2021-11-02,Basic,1003.33
4751,Arjun Davis,arjun.davis4751@gmail.com,Germany,2022-06-02,Premium,2967.46
4752,Linda Rodriguez,linda.rodriguez4752@outlook.com,France,2020-04-02,Standard,4081.26
4753,Carlos Smith,carlos.smith4753@example.com,Canada,2022-07-17,Premium,4589.79
4754,Richard Lopez,richard.lopez4754@outlook.com,Germany,2022-02-20,Standard,2216.35
4755,Carlos Patel,carlos.patel4755@outlook.com,Germany,2023-06-05,Basic,725.87
4756,David Davis,david.davis4756@example.com,United States,2020-05-15,Standard,4314.36
4757,William Rodriguez,william.rodriguez4757@company.org,Brazil,2023-10-09,Standard,2681.95
4758,Arjun Sharma,arjun.sharma4758@yahoo.com,India,2021-04-21,Premium,3177.17
4759,Arjun Zhang,arjun.zhang4759@gmail.com,Canada,2021-11-13,Standard,1782.81
4760,Elizabeth Jones,elizabeth.jones4760@company.org,United States,2023-08-20,Basic,4873.41
4761,Susan Martinez,susan.martinez4761@yahoo.com,Australia,2023-09-26,Basic,2424.37
4762,Mei Singh,mei.singh4762@company.org,Brazil,2025-01-03,Premium,2014.59
4763,Priya Garcia,priya.garcia4763@gmail.com,United Kingdom,2021-06-16,Basic,655.6
4764,Carlos Williams,carlos.williams4764@example.com,United States,2021-01-16,Premium,4845.75
4765,Carlos Sharma,carlos.sharma4765@company.org,France,2024-08-25,Basic,4759.53
4766,Arjun Lee,arjun.lee4766@techcorp.io,Germany,2025-04-17,Premium,2646.19
4767,Jessica Garcia,jessica.garcia4767@company.org,Japan,2022-04-11,Premium,427.63
4768,Ananya Garcia,ananya.garcia4768@outlook.com,Australia,2024-08-01,Basic,2902.57
4769,Patricia Wang,patricia.wang4769@techcorp.io,France,2023-06-22,Standard,618.53
4770,James Davis,james.davis4770@yahoo.com,Germany,2020-01-28,Standard,72.22
4771,David Williams,david.williams4771@techcorp.io,United States,2022-01-02,Premium,2463.96
4772,David Williams,david.williams4772@yahoo.com,United States,2021-08-25,Premium,838.09
4773,Amit Gonzalez,amit.gonzalez4773@gmail.com,India,2025-06-26,Standard,1522.91
4774,William Williams,william.williams4774@example.com,Canada,2025-08-02,Premium,730.57
4775,Mei Williams,mei.williams4775@gmail.com,Canada,2024-07-20,Standard,701.46
4776,Joseph Sharma,joseph.sharma4776@techcorp.io,United States,2021-02-04,Standard,897.03
4777,Priya Lee,priya.lee4777@example.com,Canada,2023-02-03,Basic,4134.92
4778,Linda Patel,linda.patel4778@gmail.com,Japan,2023-10-31,Standard,3687.98
4779,Sofia Miller,sofia.miller4779@yahoo.com,United States,2024-03-05,Premium,4764.12
4780,Robert Davis,robert.davis4780@techcorp.io,Brazil,2022-06-04,Standard,2697.8
4781,Rahul Smith,rahul.smith4781@example.com,United States,2020-12-26,Standard,1711.09
4782,Karen Jones,karen.jones4782@yahoo.com,Germany,2024-07-01,Standard,423.61
4783,Neha Kim,neha.kim4783@outlook.com,Brazil,2021-02-12,Premium,3189.63
4784,James Brown,james.brown4784@outlook.com,United States,2021-03-13,Premium,2189.81
4785,Karen Wang,karen.wang4785@techcorp.io,Germany,2020-04-23,Premium,689.18
4786,John Lee,john.lee4786@yahoo.com,United States,2021-05-03,Premium,815.95
4787,Neha Verma,neha.verma4787@yahoo.com,United Kingdom,2022-07-18,Premium,789.5
4788,Charles Chen,charles.chen4788@gmail.com,Canada,2022-03-20,Standard,2948.18
4789,Thomas Garcia,thomas.garcia4789@company.org,India,2023-11-08,Premium,4825.1
4790,Rahul Verma,rahul.verma4790@outlook.com,India,2020-11-12,Standard,4219.47
4791,Ananya Lopez,ananya.lopez4791@techcorp.io,Japan,2020-12-07,Standard,3027.63
4792,James Chen,james.chen4792@outlook.com,Japan,2023-05-24,Premium,4303.1
4793,Ananya Martinez,ananya.martinez4793@yahoo.com,Canada,2025-03-30,Basic,2934.98
4794,Jennifer Patel,jennifer.patel4794@yahoo.com,Australia,2020-11-22,Premium,4632.1
4795,Linda Williams,linda.williams4795@yahoo.com,Canada,2025-04-08,Premium,2275.18
4796,Arjun Gonzalez,arjun.gonzalez4796@example.com,Japan,2025-05-20,Basic,4415.25
4797,William Martinez,william.martinez4797@yahoo.com,Canada,2022-03-20,Premium,4422.54
4798,Mei Martinez,mei.martinez4798@company.org,Japan,2025-07-22,Basic,3037.83
4799,Mei Patel,mei.patel4799@outlook.com,Japan,2021-03-27,Standard,4524.82
4800,Arjun Martinez,arjun.martinez4800@yahoo.com,Brazil,2020-06-25,Basic,3086.25
4801,Charles Johnson,charles.johnson4801@yahoo.com,Canada,2020-03-17,Premium,1519.3
4802,Elizabeth Wang,elizabeth.wang4802@company.org,France,2020-07-26,Premium,201.33
4803,Mary Lee,mary.lee4803@outlook.com,United States,2020-09-26,Standard,3510.06
4804,Jessica Davis,jessica.davis4804@example.com,France,2021-06-06,Standard,4400.96
4805,Richard Patel,richard.patel4805@techcorp.io,Germany,2021-05-30,Standard,1345.41
4806,Robert Johnson,robert.johnson4806@yahoo.com,France,2022-08-03,Basic,2997.39
4807,John Rodriguez,john.rodriguez4807@techcorp.io,United States,2021-02-14,Premium,1693.83
4808,Joseph Davis,joseph.davis4808@gmail.com,India,2025-02-27,Basic,4106.98
4809,Richard Martinez,richard.martinez4809@gmail.com,Canada,2025-07-05,Standard,2134.47
4810,Ananya Smith,ananya.smith4810@gmail.com,India,2022-12-25,Basic,4596.11
4811,Ananya Davis,ananya.davis4811@yahoo.com,Australia,2023-01-22,Standard,4015.58
4812,Jennifer Garcia,jennifer.garcia4812@company.org,Brazil,2022-09-19,Premium,3821.77
4813,Karen Singh,karen.singh4813@techcorp.io,France,2025-05-25,Standard,3996.39
4814,John Verma,john.verma4814@yahoo.com,United States,2021-11-22,Basic,2184.82
4815,Sofia Garcia,sofia.garcia4815@techcorp.io,Canada,2025-03-19,Premium,3907.89
4816,Richard Sharma,richard.sharma4816@gmail.com,United States,2022-04-10,Basic,3045.31
4817,James Lee,james.lee4817@gmail.com,United States,2024-11-05,Standard,4220.01
4818,Susan Williams,susan.williams4818@techcorp.io,Canada,2023-05-18,Basic,2285.47
4819,Jessica Davis,jessica.davis4819@techcorp.io,Australia,2023-07-26,Standard,3310.36
4820,Mary Martinez,mary.martinez4820@yahoo.com,United Kingdom,2021-05-26,Standard,3115.25
4821,Karen Jones,karen.jones4821@techcorp.io,United States,2024-11-08,Standard,4754.3
4822,Ananya Rodriguez,ananya.rodriguez4822@company.org,United Kingdom,2022-03-15,Standard,4781.99
4823,Priya Lee,priya.lee4823@example.com,United States,2023-02-09,Standard,4275.67
4824,Neha Lee,neha.lee4824@yahoo.com,Australia,2021-12-15,Premium,2370.61
4825,Amit Davis,amit.davis4825@outlook.com,Japan,2022-03-22,Basic,4144.82
4826,Wei Zhang,wei.zhang4826@gmail.com,United Kingdom,2022-10-05,Basic,4674.56
4827,Linda Rodriguez,linda.rodriguez4827@outlook.com,United Kingdom,2022-05-02,Basic,944.9
4828,Linda Singh,linda.singh4828@outlook.com,India,2022-01-02,Basic,1500.95
4829,Jessica Rodriguez,jessica.rodriguez4829@gmail.com,Brazil,2024-03-13,Basic,3587.17
4830,Joseph Garcia,joseph.garcia4830@gmail.com,United Kingdom,2022-07-31,Standard,271.87
4831,Sofia Williams,sofia.williams4831@example.com,United States,2021-05-29,Basic,4116.42
4832,David Brown,david.brown4832@gmail.com,Japan,2021-01-02,Standard,4738.69
4833,David Kim,david.kim4833@example.com,United States,2022-12-28,Premium,4988.45
4834,Mary Rodriguez,mary.rodriguez4834@yahoo.com,Germany,2023-05-10,Standard,1996.69
4835,John Williams,john.williams4835@company.org,Germany,2024-02-29,Standard,4286.46
4836,Robert Sharma,robert.sharma4836@yahoo.com,Brazil,2020-05-25,Standard,3864.94
4837,John Lee,john.lee4837@gmail.com,United Kingdom,2023-11-15,Basic,1779.02
4838,Neha Davis,neha.davis4838@techcorp.io,Canada,2022-11-06,Basic,3101.53
4839,Mei Wang,mei.wang4839@gmail.com,Australia,2025-07-29,Standard,1821.81
4840,Patricia Patel,patricia.patel4840@example.com,United Kingdom,2021-12-12,Premium,3177.43
4841,Robert Rodriguez,robert.rodriguez4841@example.com,United Kingdom,2020-03-12,Standard,645.61
4842,Susan Jones,susan.jones4842@gmail.com,Brazil,2024-02-02,Premium,2191.25
4843,David Jones,david.jones4843@gmail.com,United States,2025-02-19,Standard,4700.76
4844,David Johnson,david.johnson4844@outlook.com,Germany,2020-08-12,Standard,3055.21
4845,Priya Patel,priya.patel4845@company.org,Australia,2024-09-16,Premium,2254.69
4846,Carlos Williams,carlos.williams4846@outlook.com,United Kingdom,2022-06-02,Premium,4823.54
4847,James Zhang,james.zhang4847@gmail.com,United States,2021-03-23,Basic,439.3
4848,Elizabeth Singh,elizabeth.singh4848@techcorp.io,India,2020-07-24,Premium,1121.92
4849,Robert Wang,robert.wang4849@company.org,Brazil,2025-08-13,Premium,535.91
4850,Karen Miller,karen.miller4850@gmail.com,Canada,2024-05-19,Premium,617.17
4851,Linda Kim,linda.kim4851@company.org,India,2024-07-27,Premium,2392.0
4852,Sarah Verma,sarah.verma4852@gmail.com,Brazil,2023-12-17,Standard,4658.27
4853,Mary Verma,mary.verma4853@techcorp.io,United States,2024-04-12,Standard,4966.64
4854,Arjun Kim,arjun.kim4854@company.org,Germany,2024-04-06,Standard,921.68
4855,Mary Smith,mary.smith4855@example.com,Germany,2025-06-22,Basic,4129.4
4856,Neha Gonzalez,neha.gonzalez4856@company.org,India,2023-04-04,Standard,813.97
4857,Michael Chen,michael.chen4857@yahoo.com,Australia,2024-09-16,Standard,137.83
4858,Thomas Davis,,United States,2022-06-28,Basic,3854.8
4859,Karen Chen,karen.chen4859@company.org,Australia,2021-02-26,Premium,1313.75
4860,Elizabeth Lopez,elizabeth.lopez4860@company.org,United Kingdom,2024-08-13,Standard,4463.91
4861,William Patel,william.patel4861@example.com,Canada,2020-05-24,Standard,1925.64
4862,Thomas Singh,thomas.singh4862@example.com,Australia,2020-10-07,Premium,1721.25
4863,Jessica Brown,jessica.brown4863@gmail.com,France,2023-05-31,Standard,2183.98
4864,Barbara Lopez,barbara.lopez4864@outlook.com,France,2022-04-28,Standard,1282.27
4865,Arjun Williams,arjun.williams4865@company.org,United States,2024-12-02,Basic,2963.43
4866,Robert Smith,robert.smith4866@techcorp.io,United States,2021-07-05,Standard,2669.82
4867,Barbara Singh,barbara.singh4867@outlook.com,United Kingdom,2022-09-10,Standard,3532.35
4868,Jessica Davis,jessica.davis4868@gmail.com,United Kingdom,2021-02-11,Standard,2500.89
4869,Sarah Wang,sarah.wang4869@gmail.com,Germany,2024-08-29,Basic,1887.32
4870,Sarah Wang,sarah.wang4870@techcorp.io,Germany,2020-02-21,Basic,760.71
4871,Priya Johnson,priya.johnson4871@yahoo.com,Australia,2023-04-03,Standard,1640.19
4872,Priya Johnson,priya.johnson4872@outlook.com,Canada,2020-05-08,Premium,4967.96
4873,Neha Johnson,neha.johnson4873@techcorp.io,Brazil,2022-05-05,Premium,4240.85
4874,Richard Gonzalez,richard.gonzalez4874@example.com,United Kingdom,2025-05-13,Basic,1583.79
4875,Patricia Patel,patricia.patel4875@yahoo.com,United States,2022-04-08,Standard,1281.22
4876,Linda Johnson,linda.johnson4876@gmail.com,United States,2020-11-21,Standard,1155.84
4877,Jennifer Lopez,jennifer.lopez4877@outlook.com,United Kingdom,2020-03-13,Standard,3473.63
4878,Amit Rodriguez,amit.rodriguez4878@gmail.com,Japan,2024-08-17,Standard,4952.33
4879,Susan Patel,susan.patel4879@yahoo.com,Brazil,2025-07-26,Premium,1013.52
4880,Patricia Zhang,patricia.zhang4880@company.org,France,2021-10-04,Basic,1717.28
4881,Joseph Sharma,joseph.sharma4881@techcorp.io,France,2020-08-16,Basic,871.37
4882,Linda Johnson,linda.johnson4882@yahoo.com,United Kingdom,2023-03-21,Basic,1892.79
4883,Neha Chen,neha.chen4883@example.com,India,2022-01-25,Standard,440.12
4884,Barbara Zhang,barbara.zhang4884@company.org,United States,2022-12-10,Basic,4618.99
4885,Mei Gonzalez,mei.gonzalez4885@yahoo.com,Brazil,2020-02-19,Standard,393.78
4886,Richard Singh,richard.singh4886@gmail.com,Brazil,2021-04-15,Basic,1126.67
4887,Robert Wang,robert.wang4887@company.org,Brazil,2023-04-18,Standard,2455.28
4888,Karen Johnson,karen.johnson4888@company.org,Brazil,2024-04-12,Basic,2110.61
4889,David Jones,david.jones4889@example.com,France,2023-08-15,Premium,4061.05
4890,Mei Martinez,mei.martinez4890@outlook.com,Canada,2021-09-28,Basic,766.5
4891,Ananya Rodriguez,ananya.rodriguez4891@techcorp.io,Brazil,2021-09-03,Standard,2706.62
4892,Wei Patel,wei.patel4892@yahoo.com,India,2022-09-27,Standard,1211.79
4893,John Martinez,john.martinez4893@outlook.com,United States,2022-07-16,Basic,4196.11
4894,Mei Brown,mei.brown4894@company.org,United States,2021-09-16,Standard,3411.25
4895,Rahul Lee,rahul.lee4895@gmail.com,Canada,2021-05-12,Premium,3823.06
4896,Priya Lee,priya.lee4896@example.com,United States,2024-04-18,Basic,171.31
4897,Joseph Williams,joseph.williams4897@company.org,India,2021-02-21,Premium,4030.98
4898,Karen Jones,karen.jones4898@techcorp.io,Australia,2024-03-29,Premium,3398.88
4899,Robert Martinez,robert.martinez4899@techcorp.io,Japan,2024-08-03,Premium,2783.45
4900,Arjun Miller,arjun.miller4900@outlook.com,India,2020-07-04,Basic,1346.08
4901,William Williams,william.williams4901@yahoo.com,India,2021-02-28,Basic,4722.15
4902,Mei Kim,mei.kim4902@techcorp.io,India,2023-07-02,Basic,4746.45
4903,David Williams,david.williams4903@techcorp.io,United Kingdom,2021-10-03,Standard,3199.1
4904,Joseph Lee,joseph.lee4904@techcorp.io,United States,2023-06-22,Standard,2279.66
4905,Thomas Verma,thomas.verma4905@example.com,United States,2023-01-30,Basic,4043.03
4906,Carlos Patel,carlos.patel4906@example.com,India,2023-04-27,Premium,4096.76
4907,Joseph Zhang,joseph.zhang4907@yahoo.com,India,2020-03-30,Basic,567.6
4908,Ananya Verma,ananya.verma4908@example.com,Canada,2023-07-13,Standard,669.46
4909,Arjun Jones,arjun.jones4909@example.com,Australia,2025-04-18,Premium,1380.53
4910,Mary Chen,mary.chen4910@techcorp.io,Canada,2020-04-21,Basic,1113.23
4911,Sofia Chen,sofia.chen4911@outlook.com,Canada,2025-01-16,Basic,3041.13
4912,Linda Davis,linda.davis4912@company.org,India,2022-07-25,Standard,3751.58
4913,Karen Martinez,karen.martinez4913@gmail.com,Germany,2024-07-14,Standard,400.5
4914,Wei Patel,wei.patel4914@gmail.com,United Kingdom,2021-11-18,Standard,3807.43
4915,Joseph Verma,,India,2020-07-05,Standard,2470.11
4916,Richard Davis,richard.davis4916@gmail.com,United States,2020-11-28,Basic,4982.43
4917,Karen Patel,karen.patel4917@techcorp.io,Australia,2023-04-24,Standard,3944.69
4918,Jennifer Sharma,jennifer.sharma4918@yahoo.com,France,2020-06-02,Standard,4658.55
4919,James Johnson,james.johnson4919@outlook.com,Japan,2023-04-05,Premium,2030.03
4920,Karen Martinez,karen.martinez4920@company.org,France,2023-01-17,Premium,1299.01
4921,John Chen,john.chen4921@gmail.com,United Kingdom,2024-07-18,Basic,175.5
4922,Mary Chen,mary.chen4922@example.com,United States,2020-10-21,Standard,2457.12
4923,Arjun Davis,arjun.davis4923@techcorp.io,Japan,2023-07-06,Premium,4541.89
4924,Karen Miller,karen.miller4924@yahoo.com,United States,2024-12-24,Premium,561.15
4925,Sofia Williams,sofia.williams4925@example.com,India,2024-09-29,Basic,4963.87
4926,William Lopez,william.lopez4926@gmail.com,Germany,2021-01-15,Standard,1468.74
4927,John Verma,john.verma4927@outlook.com,France,2025-01-07,Standard,1175.88
4928,Linda Zhang,linda.zhang4928@outlook.com,France,2023-11-03,Standard,4703.61
4929,Linda Lee,linda.lee4929@gmail.com,Japan,2020-04-18,Basic,3648.12
4930,Barbara Davis,barbara.davis4930@gmail.com,United States,2023-06-28,Premium,3488.92
4931,Charles Lee,charles.lee4931@yahoo.com,France,2024-07-13,Standard,1111.49
4932,Richard Brown,richard.brown4932@techcorp.io,Japan,2025-02-12,Basic,563.64
4933,Joseph Miller,joseph.miller4933@company.org,Canada,2024-10-17,Premium,4569.54
4934,William Zhang,william.zhang4934@example.com,Germany,2022-03-14,Premium,4068.35
4935,Wei Verma,wei.verma4935@company.org,France,2023-09-11,Premium,1255.83
4936,Karen Jones,karen.jones4936@example.com,France,2025-01-30,Premium,507.82
4937,Amit Williams,amit.williams4937@yahoo.com,Canada,2022-04-02,Basic,4478.0
4938,Jessica Lopez,jessica.lopez4938@example.com,Japan,2020-05-16,Standard,79.02
4939,Barbara Kim,barbara.kim4939@techcorp.io,India,2025-05-10,Basic,4132.54
4940,Joseph Lopez,joseph.lopez4940@yahoo.com,India,2021-05-12,Standard,724.43
4941,James Patel,james.patel4941@techcorp.io,Brazil,2022-02-08,Standard,3763.07
4942,Richard Martinez,richard.martinez4942@example.com,United Kingdom,2025-01-08,Basic,553.04
4943,Elizabeth Gonzalez,elizabeth.gonzalez4943@techcorp.io,Australia,2024-01-17,Standard,74.27
4944,Mei Davis,mei.davis4944@company.org,United Kingdom,2022-10-23,Premium,704.99
4945,Amit Brown,amit.brown4945@techcorp.io,Brazil,2024-06-06,Standard,4771.13
4946,Charles Jones,charles.jones4946@outlook.com,Australia,2021-05-31,Premium,4177.07
4947,Rahul Johnson,rahul.johnson4947@outlook.com,United States,2021-12-12,Standard,4925.31
4948,James Johnson,james.johnson4948@techcorp.io,India,2021-03-31,Premium,3865.05
4949,Mary Williams,mary.williams4949@outlook.com,France,2020-10-29,Standard,398.55
4950,Charles Chen,charles.chen4950@yahoo.com,Brazil,2022-11-22,Standard,4841.32
4951,Neha Lopez,neha.lopez4951@techcorp.io,Brazil,2020-12-01,Basic,4740.42
4952,Mei Davis,mei.davis4952@gmail.com,United States,2021-07-27,Premium,3830.72
4953,Thomas Martinez,thomas.martinez4953@techcorp.io,France,2020-07-28,Premium,3448.66
4954,Carlos Kim,carlos.kim4954@example.com,Japan,2021-06-07,Basic,3385.58
4955,Michael Williams,michael.williams4955@gmail.com,Canada,2022-12-10,Premium,668.1
4956,Priya Chen,priya.chen4956@techcorp.io,United Kingdom,2024-08-17,Standard,4848.66
4957,Neha Singh,neha.singh4957@gmail.com,Germany,2021-06-01,Basic,3871.9
4958,Thomas Kim,thomas.kim4958@yahoo.com,Germany,2020-03-26,Standard,1105.95
4959,John Zhang,john.zhang4959@techcorp.io,France,2023-03-23,Basic,2429.43
4960,John Gonzalez,john.gonzalez4960@techcorp.io,United Kingdom,2020-04-29,Basic,988.44
4961,William Brown,william.brown4961@techcorp.io,France,2022-09-04,Standard,2558.38
4962,David Gonzalez,david.gonzalez4962@company.org,India,2024-08-22,Standard,2201.0
4963,James Davis,james.davis4963@yahoo.com,United Kingdom,2020-10-04,Premium,2879.25
4964,Linda Garcia,linda.garcia4964@outlook.com,Germany,2021-09-03,Premium,4034.95
4965,Ananya Chen,ananya.chen4965@gmail.com,Germany,2024-04-07,Premium,1239.98
4966,Charles Rodriguez,charles.rodriguez4966@company.org,Australia,2021-11-08,Basic,1599.46
4967,Sofia Lopez,sofia.lopez4967@example.com,Canada,2022-11-23,Standard,3434.78
4968,William Davis,william.davis4968@techcorp.io,France,2024-11-16,Premium,609.18
4969,Carlos Brown,carlos.brown4969@gmail.com,Canada,2022-06-30,Basic,279.34
4970,William Smith,william.smith4970@company.org,Brazil,2020-04-10,Standard,2831.55
4971,Jessica Williams,jessica.williams4971@outlook.com,Australia,2023-11-25,Premium,3390.33
4972,Ananya Johnson,ananya.johnson4972@techcorp.io,France,2021-11-14,Standard,2676.7
4973,Sofia Lopez,sofia.lopez4973@gmail.com,Germany,2023-12-30,Premium,534.95
4974,Robert Smith,robert.smith4974@techcorp.io,Canada,2024-05-17,Basic,2366.41
4975,Patricia Singh,patricia.singh4975@yahoo.com,France,2024-06-07,Premium,161.31
4976,Robert Miller,robert.miller4976@outlook.com,Brazil,2023-05-01,Basic,2699.18
4977,James Garcia,james.garcia4977@company.org,Australia,2023-11-12,Premium,3115.18
4978,Charles Wang,charles.wang4978@example.com,United Kingdom,2025-02-08,Premium,1018.05
4979,Wei Verma,wei.verma4979@example.com,Australia,2023-11-19,Basic,2843.41
4980,Rahul Jones,rahul.jones4980@outlook.com,Japan,2023-01-08,Premium,472.43
4981,John Wang,john.wang4981@techcorp.io,United Kingdom,2024-05-22,Standard,108.65
4982,Amit Zhang,amit.zhang4982@example.com,Germany,2023-12-25,Standard,4791.32
4983,Joseph Singh,joseph.singh4983@gmail.com,India,2021-10-18,Standard,4742.97
4984,Elizabeth Garcia,elizabeth.garcia4984@yahoo.com,United Kingdom,2020-05-05,Basic,2738.05
4985,Barbara Patel,barbara.patel4985@yahoo.com,United States,2021-08-21,Premium,4821.84
4986,Rahul Rodriguez,rahul.rodriguez4986@techcorp.io,Brazil,2021-07-24,Premium,2358.37
4987,Sofia Garcia,sofia.garcia4987@gmail.com,United States,2025-04-16,Premium,3594.78
4988,Thomas Miller,thomas.miller4988@gmail.com,Germany,2024-12-12,Basic,3595.53
4989,Barbara Martinez,barbara.martinez4989@company.org,Australia,2021-09-03,Basic,63.21
4990,Robert Smith,robert.smith4990@gmail.com,Japan,2020-04-02,Premium,1509.89
4991,Sarah Wang,sarah.wang4991@outlook.com,India,2024-11-24,Premium,3596.53
4992,Jessica Lopez,jessica.lopez4992@techcorp.io,France,2022-05-07,Premium,2008.02
4993,John Garcia,john.garcia4993@company.org,Australia,2023-12-18,Standard,502.3
4994,Amit Smith,amit.smith4994@gmail.com,Australia,2020-11-26,Basic,2590.67
4995,Karen Martinez,karen.martinez4995@techcorp.io,Brazil,2022-11-14,Premium,688.04
4996,Susan Garcia,susan.garcia4996@yahoo.com,United States,2020-02-22,Basic,2120.79
4997,Joseph Jones,joseph.jones4997@yahoo.com,United Kingdom,2023-08-12,Basic,810.03
4998,Rahul Zhang,rahul.zhang4998@yahoo.com,United States,2022-02-18,Premium,1395.0
4999,Robert Gonzalez,robert.gonzalez4999@outlook.com,United Kingdom,2025-02-14,Standard,4044.05
5000,Charles Brown,charles.brown5000@example.com,Germany,2020-05-03,Premium,603.69
5001,Susan Patel,susan.patel5001@yahoo.com,India,2024-09-24,Standard,3080.47
5002,Wei Kim,wei.kim5002@example.com,Canada,2020-02-07,Basic,1071.39
5003,James Rodriguez,james.rodriguez5003@outlook.com,Canada,2022-11-01,Basic,4717.19
5004,Richard Brown,richard.brown5004@example.com,France,2022-12-16,Premium,2348.32
5005,James Kim,james.kim5005@outlook.com,Canada,2023-09-18,Premium,185.97
5006,David Gonzalez,david.gonzalez5006@gmail.com,Japan,2024-07-25,Standard,756.37
5007,Susan Garcia,susan.garcia5007@company.org,United States,2021-06-14,Standard,524.67
5008,Barbara Smith,barbara.smith5008@outlook.com,United States,2024-07-28,Premium,2887.07
5009,Amit Singh,amit.singh5009@gmail.com,United Kingdom,2021-05-15,Standard,4190.46
5010,Amit Sharma,amit.sharma5010@outlook.com,Germany,2022-09-28,Premium,855.09
5011,Priya Kim,priya.kim5011@gmail.com,Australia,2022-03-01,Standard,3257.21
5012,Rahul Martinez,rahul.martinez5012@yahoo.com,Australia,2023-01-15,Premium,333.47
5013,Amit Martinez,amit.martinez5013@example.com,France,2021-12-15,Standard,3743.45
5014,Priya Miller,priya.miller5014@company.org,Australia,2020-07-10,Basic,480.35
5015,Sofia Sharma,sofia.sharma5015@yahoo.com,Australia,2023-08-01,Premium,3444.82
5016,Wei Garcia,wei.garcia5016@example.com,Japan,2021-12-26,Standard,249.87
5017,John Chen,john.chen5017@outlook.com,Brazil,2020-03-17,Basic,148.37
5018,Sofia Verma,sofia.verma5018@company.org,Brazil,2020-01-29,Premium,3808.2
5019,Jessica Brown,jessica.brown5019@company.org,France,2020-10-03,Standard,4142.75
5020,Robert Garcia,robert.garcia5020@company.org,United Kingdom,2024-02-16,Premium,1675.96
5021,Amit Martinez,amit.martinez5021@techcorp.io,Australia,2022-01-11,Basic,1663.63
5022,Ananya Verma,ananya.verma5022@company.org,France,2024-12-19,Standard,2252.34
5023,Karen Lopez,karen.lopez5023@gmail.com,India,2022-02-10,Standard,4947.72
5024,Ananya Kim,ananya.kim5024@yahoo.com,United States,2023-06-05,Standard,2365.29
5025,Robert Chen,robert.chen5025@outlook.com,Australia,2021-03-02,Basic,4986.74
5026,James Kim,james.kim5026@company.org,Australia,2025-03-18,Basic,4000.06
5027,Patricia Verma,patricia.verma5027@techcorp.io,Germany,2022-01-13,Basic,3894.11
5028,Michael Patel,michael.patel5028@techcorp.io,Brazil,2024-03-19,Basic,88.42
5029,Thomas Miller,thomas.miller5029@outlook.com,Japan,2024-11-07,Premium,3754.25
5030,Robert Zhang,robert.zhang5030@techcorp.io,Brazil,2022-07-19,Basic,3449.95
5031,Sofia Wang,sofia.wang5031@outlook.com,France,2021-03-09,Premium,628.32
5032,Linda Lee,linda.lee5032@company.org,Japan,2021-06-02,Standard,570.41
5033,Sofia Sharma,sofia.sharma5033@techcorp.io,France,2020-07-18,Basic,1095.66
5034,Priya Wang,priya.wang5034@techcorp.io,Brazil,2023-12-15,Basic,2591.15
5035,Neha Gonzalez,neha.gonzalez5035@company.org,Brazil,2024-06-12,Premium,3277.21
5036,Sarah Rodriguez,sarah.rodriguez5036@yahoo.com,Japan,2024-06-09,Premium,1251.43
5037,Amit Lee,amit.lee5037@gmail.com,United States,2025-04-10,Basic,2507.39
5038,Elizabeth Lopez,elizabeth.lopez5038@company.org,Canada,2023-02-07,Standard,2339.65
5039,Carlos Gonzalez,carlos.gonzalez5039@techcorp.io,Canada,2023-06-22,Standard,596.08
5040,Mary Chen,mary.chen5040@example.com,Germany,2024-10-11,Basic,1958.73
5041,Arjun Sharma,arjun.sharma5041@outlook.com,United Kingdom,2023-05-04,Standard,4160.21
5042,Charles Brown,charles.brown5042@techcorp.io,France,2020-05-06,Premium,1332.62
5043,David Lee,david.lee5043@techcorp.io,Brazil,2022-05-07,Premium,2602.84
5044,Rahul Gonzalez,rahul.gonzalez5044@techcorp.io,United States,2025-03-07,Premium,3535.01
5045,Charles Singh,charles.singh5045@outlook.com,Brazil,2023-07-11,Standard,2561.55
5046,Linda Wang,linda.wang5046@outlook.com,France,2020-10-22,Standard,2410.91
5047,Elizabeth Miller,elizabeth.miller5047@outlook.com,United States,2025-06-25,Premium,1092.05
5048,Joseph Gonzalez,joseph.gonzalez5048@techcorp.io,India,2025-03-23,Standard,4788.64
5049,Patricia Gonzalez,patricia.gonzalez5049@yahoo.com,Australia,2020-04-14,Premium,3150.77
5050,Jessica Zhang,jessica.zhang5050@company.org,United Kingdom,2024-05-07,Premium,825.77
5051,Michael Miller,michael.miller5051@techcorp.io,Brazil,2023-08-10,Standard,117.59
5052,Carlos Miller,carlos.miller5052@example.com,Australia,2021-06-16,Premium,1698.5
5053,Arjun Johnson,arjun.johnson5053@techcorp.io,Germany,2022-07-07,Basic,3836.65
5054,Robert Patel,robert.patel5054@outlook.com,United Kingdom,2021-10-11,Standard,1227.57
5055,Amit Sharma,amit.sharma5055@gmail.com,Canada,2025-01-19,Basic,1349.28
5056,Amit Johnson,amit.johnson5056@yahoo.com,Germany,2021-06-08,Basic,1375.8
5057,Jessica Williams,jessica.williams5057@outlook.com,France,2023-09-12,Basic,2946.54
5058,Amit Verma,amit.verma5058@outlook.com,Australia,2023-11-12,Premium,2284.85
5059,Mary Jones,mary.jones5059@gmail.com,United States,2024-08-10,Basic,2377.8
5060,John Miller,john.miller5060@example.com,Canada,2022-12-23,Standard,2839.82
5061,Ananya Wang,ananya.wang5061@example.com,India,2021-10-17,Basic,2777.51
5062,Linda Lopez,linda.lopez5062@gmail.com,Germany,2025-05-10,Premium,3675.47
5063,Ananya Smith,ananya.smith5063@example.com,Australia,2020-05-01,Standard,3687.97
5064,Patricia Jones,patricia.jones5064@yahoo.com,Germany,2022-08-28,Premium,3564.92
5065,James Verma,james.verma5065@example.com,Canada,2023-03-06,Standard,2809.41
5066,Barbara Davis,barbara.davis5066@techcorp.io,United States,2022-11-17,Standard,1880.1
5067,Ananya Sharma,ananya.sharma5067@company.org,Australia,2020-07-28,Basic,4849.15
5068,Michael Sharma,michael.sharma5068@example.com,United States,2025-08-08,Standard,2462.08
5069,Sarah Lopez,sarah.lopez5069@techcorp.io,Canada,2022-06-05,Basic,3248.52
5070,Jessica Singh,jessica.singh5070@yahoo.com,United States,2022-12-12,Premium,4126.23
5071,Mary Smith,mary.smith5071@company.org,Germany,2022-09-27,Standard,2849.55
5072,Neha Jones,neha.jones5072@example.com,United States,2022-01-22,Premium,959.62
5073,Mary Lee,mary.lee5073@example.com,Australia,2023-10-13,Premium,165.65
5074,Patricia Chen,patricia.chen5074@company.org,United States,2024-11-03,Premium,4695.83
5075,Joseph Smith,joseph.smith5075@techcorp.io,India,2023-10-27,Premium,583.68
5076,Mary Johnson,mary.johnson5076@yahoo.com,United Kingdom,2022-11-01,Standard,3077.43
5077,Joseph Singh,joseph.singh5077@company.org,Japan,2021-11-01,Basic,1942.84
5078,Neha Williams,neha.williams5078@company.org,United Kingdom,2022-08-31,Premium,4098.59
5079,Charles Gonzalez,charles.gonzalez5079@gmail.com,Germany,2024-03-27,Premium,3066.53
5080,Patricia Smith,patricia.smith5080@outlook.com,United Kingdom,2020-04-11,Standard,470.95
5081,Jennifer Singh,jennifer.singh5081@gmail.com,United States,2021-05-30,Basic,2578.99
5082,Rahul Chen,rahul.chen5082@example.com,Canada,2022-01-14,Standard,3908.05
5083,David Martinez,david.martinez5083@company.org,Brazil,2023-08-20,Standard,3689.92
5084,Sarah Chen,sarah.chen5084@yahoo.com,Brazil,2021-08-18,Basic,2031.14
5085,Robert Garcia,robert.garcia5085@techcorp.io,Brazil,2020-04-15,Basic,4905.21
5086,Jennifer Singh,jennifer.singh5086@company.org,Brazil,2020-08-05,Standard,1330.5
5087,Amit Singh,amit.singh5087@outlook.com,Brazil,2023-08-20,Basic,3716.23
5088,William Wang,william.wang5088@example.com,United States,2024-09-03,Premium,4118.48
5089,Rahul Singh,rahul.singh5089@outlook.com,Japan,2021-09-29,Premium,3156.75
5090,Sofia Sharma,sofia.sharma5090@yahoo.com,Australia,2025-03-03,Basic,2292.59
5091,Joseph Rodriguez,joseph.rodriguez5091@example.com,Japan,2022-12-04,Basic,2235.52
5092,Ananya Lopez,ananya.lopez5092@outlook.com,France,2023-07-26,Standard,2367.11
5093,Arjun Johnson,arjun.johnson5093@example.com,India,2021-08-05,Premium,2594.05
5094,Karen Chen,karen.chen5094@yahoo.com,Brazil,2023-06-08,Basic,2024.48
5095,Mary Lopez,mary.lopez5095@yahoo.com,Brazil,2021-08-23,Standard,3450.74
5096,John Gonzalez,john.gonzalez5096@example.com,Canada,2021-05-04,Standard,182.89
5097,David Miller,david.miller5097@example.com,India,2024-10-03,Basic,1706.71
5098,Neha Patel,neha.patel5098@company.org,Brazil,2020-02-13,Basic,417.64
5099,Wei Gonzalez,wei.gonzalez5099@example.com,France,2023-06-05,Standard,4848.6
5100,Charles Verma,charles.verma5100@techcorp.io,India,2021-08-14,Standard,2934.03
5101,Michael Brown,michael.brown5101@yahoo.com,Canada,2021-06-30,Premium,3439.33
5102,Linda Verma,linda.verma5102@techcorp.io,Canada,2020-12-06,Standard,3969.43
5103,John Lee,john.lee5103@company.org,India,2022-12-07,Premium,147.62
5104,Joseph Smith,joseph.smith5104@techcorp.io,India,2025-04-14,Basic,3476.09
5105,Arjun Patel,arjun.patel5105@example.com,India,2024-02-12,Basic,245.08
5106,Joseph Gonzalez,joseph.gonzalez5106@gmail.com,United States,2025-04-14,Standard,338.17
5107,Linda Davis,linda.davis5107@example.com,Brazil,2024-03-07,Premium,2241.04
5108,Richard Chen,richard.chen5108@techcorp.io,Germany,2023-04-17,Standard,462.03
5109,Mary Sharma,mary.sharma5109@gmail.com,India,2020-05-23,Premium,4629.51
5110,Mary Wang,mary.wang5110@gmail.com,India,2025-07-26,Premium,3697.7
5111,James Garcia,james.garcia5111@gmail.com,Australia,2020-07-15,Basic,1772.68
5112,Elizabeth Lee,elizabeth.lee5112@example.com,Germany,2022-07-29,Premium,3429.25
5113,Jennifer Johnson,jennifer.johnson5113@gmail.com,United States,2021-12-06,Premium,4511.04
5114,Jessica Verma,jessica.verma5114@company.org,Japan,2023-01-06,Premium,2330.53
5115,Amit Gonzalez,amit.gonzalez5115@techcorp.io,Australia,2022-07-31,Premium,2140.19
5116,Karen Chen,karen.chen5116@techcorp.io,Canada,2022-11-08,Basic,1765.42
5117,Richard Lopez,richard.lopez5117@techcorp.io,Canada,2021-11-09,Basic,1442.34
5118,Richard Martinez,richard.martinez5118@gmail.com,Australia,2022-05-15,Standard,1494.02
5119,Ananya Verma,ananya.verma5119@gmail.com,United Kingdom,2022-09-03,Standard,4690.29
5120,Karen Davis,karen.davis5120@example.com,France,2024-06-07,Premium,2888.47
5121,Ananya Lopez,ananya.lopez5121@example.com,France,2021-04-16,Premium,3396.5
5122,Richard Smith,richard.smith5122@company.org,Australia,2023-11-07,Standard,3845.77
5123,Ananya Chen,ananya.chen5123@outlook.com,United States,2024-01-27,Premium,1526.46
5124,Neha Patel,neha.patel5124@company.org,Brazil,2020-11-18,Standard,1400.71
5125,Karen Johnson,karen.johnson5125@company.org,United States,2022-05-16,Standard,2541.41
5126,Jennifer Martinez,jennifer.martinez5126@techcorp.io,United States,2023-12-27,Standard,1314.68
5127,David Smith,david.smith5127@company.org,Brazil,2024-11-23,Basic,954.15
5128,Barbara Davis,barbara.davis5128@outlook.com,Germany,2024-12-12,Premium,2976.25
5129,Patricia Brown,patricia.brown5129@gmail.com,United States,2024-03-03,Premium,4314.93
5130,Sarah Rodriguez,sarah.rodriguez5130@example.com,France,2023-08-09,Premium,1150.74
5131,Jennifer Williams,jennifer.williams5131@yahoo.com,Australia,2024-08-14,Basic,2525.4
5132,Michael Johnson,michael.johnson5132@techcorp.io,Japan,2022-03-24,Premium,1411.24
5133,Sofia Kim,sofia.kim5133@gmail.com,United States,2021-10-01,Basic,3300.37
5134,Susan Rodriguez,susan.rodriguez5134@yahoo.com,Australia,2025-07-21,Premium,4665.52
5135,James Sharma,james.sharma5135@outlook.com,Canada,2021-11-02,Premium,2609.36
5136,Carlos Wang,carlos.wang5136@company.org,India,2021-07-31,Basic,4276.63
5137,Ananya Martinez,ananya.martinez5137@example.com,Canada,2023-02-21,Standard,1559.98
5138,James Martinez,james.martinez5138@yahoo.com,United Kingdom,2025-02-09,Basic,2434.81
5139,Sarah Rodriguez,sarah.rodriguez5139@techcorp.io,Japan,2022-01-08,Basic,1348.14
5140,John Chen,john.chen5140@yahoo.com,Japan,2023-10-08,Premium,284.73
5141,William Verma,william.verma5141@yahoo.com,Germany,2024-10-01,Standard,4328.15
5142,Wei Singh,wei.singh5142@company.org,Brazil,2025-02-06,Premium,4966.1
5143,Thomas Chen,thomas.chen5143@example.com,Australia,2023-04-15,Standard,1680.48
5144,William Chen,william.chen5144@outlook.com,India,2022-08-23,Standard,71.14
5145,Sofia Lopez,sofia.lopez5145@yahoo.com,United Kingdom,2024-08-30,Basic,3471.72
5146,Karen Singh,karen.singh5146@yahoo.com,Japan,2023-09-25,Premium,4955.68
5147,Amit Lee,amit.lee5147@yahoo.com,Canada,2024-03-23,Basic,2603.87
5148,James Brown,james.brown5148@yahoo.com,Canada,2023-03-18,Standard,2418.66
5149,Linda Singh,linda.singh5149@techcorp.io,Australia,2024-07-25,Basic,4609.55
5150,John Verma,john.verma5150@example.com,Brazil,2024-07-04,Basic,3540.99
5151,Amit Davis,amit.davis5151@gmail.com,Japan,2020-04-25,Premium,2123.48
5152,Karen Rodriguez,karen.rodriguez5152@company.org,United States,2023-07-18,Basic,555.58
5153,Mary Jones,mary.jones5153@techcorp.io,Germany,2025-01-15,Premium,4622.83
5154,Linda Davis,linda.davis5154@gmail.com,United Kingdom,2024-12-07,Premium,922.49
5155,Carlos Gonzalez,carlos.gonzalez5155@techcorp.io,Japan,2020-10-03,Premium,2098.59
5156,Rahul Garcia,rahul.garcia5156@outlook.com,Canada,2025-02-13,Standard,2120.93
5157,Mei Williams,mei.williams5157@gmail.com,Germany,2020-11-09,Basic,2740.85
5158,James Wang,james.wang5158@company.org,Germany,2025-06-22,Premium,3803.57
5159,Mary Patel,mary.patel5159@example.com,India,2023-07-30,Premium,4415.92
5160,Barbara Lopez,barbara.lopez5160@company.org,Australia,2024-07-01,Standard,1196.65
5161,Susan Sharma,susan.sharma5161@techcorp.io,Canada,2020-11-23,Premium,4653.96
5162,Jennifer Gonzalez,jennifer.gonzalez5162@company.org,Brazil,2021-12-21,Standard,740.57
5163,Jennifer Zhang,,Brazil,2024-04-10,Standard,2940.8
5164,Sofia Sharma,sofia.sharma5164@company.org,Canada,2024-05-16,Premium,4615.6
5165,Karen Zhang,karen.zhang5165@outlook.com,Germany,2025-08-16,Basic,4968.0
5166,Wei Kim,wei.kim5166@outlook.com,Japan,2020-05-27,Standard,812.87
5167,Linda Williams,linda.williams5167@techcorp.io,United Kingdom,2021-11-17,Premium,2724.95
5168,Mei Chen,mei.chen5168@gmail.com,Germany,2022-05-08,Premium,838.74
5169,James Miller,james.miller5169@example.com,France,2024-11-22,Standard,677.54
5170,Joseph Wang,joseph.wang5170@company.org,France,2021-07-11,Standard,4726.47
5171,Amit Sharma,amit.sharma5171@yahoo.com,Japan,2021-08-12,Premium,2340.7
5172,Richard Smith,richard.smith5172@techcorp.io,United Kingdom,2021-09-04,Basic,2553.8
5173,Sofia Wang,sofia.wang5173@example.com,Brazil,2022-07-16,Standard,2216.28
5174,John Smith,john.smith5174@example.com,Germany,2022-07-21,Basic,1366.5
5175,Rahul Verma,rahul.verma5175@techcorp.io,Australia,2025-05-21,Basic,1743.51
5176,Susan Garcia,susan.garcia5176@yahoo.com,Germany,2025-01-29,Standard,3239.37
5177,Arjun Johnson,arjun.johnson5177@gmail.com,Canada,2023-09-16,Basic,1731.3
5178,Barbara Lee,barbara.lee5178@example.com,United Kingdom,2020-09-06,Basic,3890.95
5179,Linda Gonzalez,linda.gonzalez5179@techcorp.io,Germany,2021-11-28,Premium,1754.74
5180,Sofia Chen,sofia.chen5180@gmail.com,Canada,2021-10-30,Standard,256.71
5181,Neha Jones,neha.jones5181@outlook.com,Australia,2023-10-15,Standard,4545.8
5182,Thomas Lopez,thomas.lopez5182@techcorp.io,United Kingdom,2025-01-16,Standard,3263.73
5183,Elizabeth Brown,elizabeth.brown5183@gmail.com,France,2025-05-06,Premium,2710.31
5184,John Verma,john.verma5184@company.org,France,2023-03-15,Standard,4353.75
5185,Joseph Davis,joseph.davis5185@company.org,France,2023-11-07,Standard,3063.17
5186,Elizabeth Rodriguez,elizabeth.rodriguez5186@company.org,Canada,2024-11-01,Standard,3743.25
5187,Michael Garcia,michael.garcia5187@techcorp.io,Germany,2020-10-15,Premium,857.02
5188,Sarah Lopez,sarah.lopez5188@outlook.com,Australia,2025-03-20,Premium,2216.63
5189,James Singh,james.singh5189@yahoo.com,United Kingdom,2022-12-08,Standard,2934.28
5190,Charles Rodriguez,charles.rodriguez5190@yahoo.com,France,2023-01-29,Basic,2466.54
5191,James Gonzalez,james.gonzalez5191@company.org,Australia,2022-04-25,Basic,471.46
5192,Amit Johnson,amit.johnson5192@yahoo.com,United Kingdom,2020-04-28,Premium,630.77
5193,Neha Zhang,neha.zhang5193@example.com,India,2024-03-19,Basic,2744.29
5194,Linda Verma,linda.verma5194@example.com,Brazil,2020-08-06,Standard,4460.91
5195,Sarah Williams,sarah.williams5195@gmail.com,Brazil,2020-03-10,Basic,1861.58
5196,Michael Miller,michael.miller5196@example.com,Canada,2022-03-20,Standard,2048.32
5197,James Jones,james.jones5197@techcorp.io,Japan,2025-07-04,Basic,2581.89
5198,Joseph Williams,joseph.williams5198@outlook.com,France,2024-02-07,Premium,2185.89
5199,Karen Verma,karen.verma5199@example.com,Canada,2023-12-18,Standard,1736.1
5200,David Lopez,david.lopez5200@company.org,Australia,2024-02-15,Basic,4460.61
5201,David Gonzalez,david.gonzalez5201@yahoo.com,France,2021-07-02,Premium,3564.86
5202,John Chen,john.chen5202@gmail.com,Canada,2024-02-02,Standard,4492.97
5203,Sarah Davis,sarah.davis5203@company.org,Australia,2021-10-19,Premium,1599.07
5204,Neha Verma,neha.verma5204@yahoo.com,United States,2025-01-30,Premium,3879.52
5205,Rahul Zhang,rahul.zhang5205@yahoo.com,India,2024-06-03,Premium,1601.01
5206,Mei Williams,mei.williams5206@company.org,Germany,2021-01-14,Standard,4169.54
5207,Barbara Wang,barbara.wang5207@outlook.com,Canada,2023-08-02,Basic,347.21
5208,Michael Johnson,michael.johnson5208@techcorp.io,Germany,2025-04-23,Premium,1959.3
5209,Karen Rodriguez,karen.rodriguez5209@example.com,United Kingdom,2020-04-15,Premium,3666.72
5210,Sarah Jones,sarah.jones5210@outlook.com,United States,2022-02-11,Premium,1843.76
5211,Mei Davis,mei.davis5211@yahoo.com,India,2021-11-21,Premium,4960.48
5212,Carlos Martinez,carlos.martinez5212@gmail.com,Germany,2022-03-31,Standard,1206.08
5213,Rahul Smith,rahul.smith5213@company.org,Canada,2021-01-04,Basic,3996.22
5214,John Kim,john.kim5214@gmail.com,Australia,2021-11-05,Standard,2417.07
5215,David Lee,david.lee5215@company.org,United States,2020-04-20,Standard,4629.11
5216,Jessica Lopez,jessica.lopez5216@outlook.com,India,2021-07-12,Premium,1221.5
5217,Robert Sharma,robert.sharma5217@outlook.com,France,2020-02-03,Basic,2790.76
5218,Karen Williams,karen.williams5218@gmail.com,United Kingdom,2023-05-24,Premium,4818.0
5219,Linda Rodriguez,linda.rodriguez5219@company.org,Australia,2025-04-21,Basic,1050.54
5220,Karen Lopez,karen.lopez5220@example.com,Germany,2025-03-06,Standard,2756.98
5221,John Garcia,john.garcia5221@example.com,United Kingdom,2023-04-04,Basic,624.07
5222,Patricia Jones,patricia.jones5222@gmail.com,Germany,2020-12-19,Premium,3553.36
5223,Thomas Williams,thomas.williams5223@yahoo.com,United States,2021-01-12,Standard,2980.71
5224,Elizabeth Kim,elizabeth.kim5224@gmail.com,Germany,2020-07-26,Premium,2747.93
5225,Thomas Williams,thomas.williams5225@company.org,France,2024-08-15,Standard,4057.37
5226,Jennifer Miller,jennifer.miller5226@gmail.com,India,2020-05-27,Premium,812.69
5227,Priya Miller,priya.miller5227@yahoo.com,Australia,2024-05-26,Premium,3648.95
5228,Amit Miller,amit.miller5228@gmail.com,Japan,2021-09-12,Basic,3813.86
5229,Carlos Gonzalez,carlos.gonzalez5229@example.com,Japan,2020-08-08,Standard,4870.31
5230,Amit Williams,amit.williams5230@example.com,India,2020-02-16,Premium,1127.39
5231,Sarah Lee,sarah.lee5231@gmail.com,India,2025-05-16,Standard,227.04
5232,Wei Smith,wei.smith5232@gmail.com,United Kingdom,2022-04-23,Basic,163.48
5233,Carlos Davis,carlos.davis5233@outlook.com,Canada,2024-02-15,Standard,187.69
5234,Jessica Williams,jessica.williams5234@outlook.com,Brazil,2025-04-28,Standard,1757.46
5235,Wei Wang,wei.wang5235@example.com,Australia,2021-09-20,Standard,3552.06
5236,Rahul Chen,rahul.chen5236@yahoo.com,United Kingdom,2020-11-04,Standard,3791.72
5237,Michael Brown,michael.brown5237@example.com,United States,2022-03-13,Premium,2512.44
5238,Rahul Zhang,rahul.zhang5238@techcorp.io,India,2021-01-15,Premium,4863.48
5239,Priya Johnson,priya.johnson5239@outlook.com,Japan,2020-05-06,Basic,3810.48
5240,Charles Lopez,charles.lopez5240@example.com,United Kingdom,2020-09-04,Standard,2024.74
5241,Joseph Smith,joseph.smith5241@gmail.com,Australia,2023-02-24,Standard,4574.29
5242,Mei Patel,mei.patel5242@example.com,United Kingdom,2021-07-14,Basic,1130.09
5243,Joseph Johnson,joseph.johnson5243@gmail.com,Japan,2021-03-18,Premium,3421.88
5244,Thomas Smith,thomas.smith5244@gmail.com,Japan,2020-09-26,Standard,3297.02
5245,Sarah Singh,sarah.singh5245@yahoo.com,United Kingdom,2022-01-17,Basic,1526.31
5246,Mei Smith,mei.smith5246@example.com,Australia,2025-07-03,Standard,1462.31
5247,Amit Kim,amit.kim5247@techcorp.io,Brazil,2022-02-28,Premium,4382.59
5248,Jennifer Davis,jennifer.davis5248@example.com,Australia,2020-01-22,Premium,2489.79
5249,Robert Zhang,robert.zhang5249@outlook.com,Brazil,2021-08-02,Premium,1900.48
5250,David Rodriguez,david.rodriguez5250@outlook.com,Australia,2021-04-06,Basic,3120.02
5251,Patricia Lee,patricia.lee5251@example.com,United States,2022-05-29,Standard,2620.93
5252,Jennifer Davis,jennifer.davis5252@example.com,Japan,2022-04-24,Premium,3566.65
5253,Michael Patel,michael.patel5253@company.org,United Kingdom,2021-08-18,Basic,2682.85
5254,Mary Rodriguez,mary.rodriguez5254@techcorp.io,United Kingdom,2024-08-11,Standard,2222.93
5255,Thomas Martinez,thomas.martinez5255@example.com,France,2023-01-25,Premium,2182.1
5256,Jessica Rodriguez,jessica.rodriguez5256@gmail.com,France,2022-08-03,Standard,3845.28
5257,Robert Johnson,robert.johnson5257@example.com,United Kingdom,2021-03-08,Standard,1697.94
5258,Carlos Garcia,carlos.garcia5258@company.org,Japan,2025-05-23,Standard,234.72
5259,William Verma,william.verma5259@company.org,Canada,2020-01-20,Premium,562.02
5260,Neha Rodriguez,neha.rodriguez5260@outlook.com,India,2024-02-23,Standard,932.4
5261,Patricia Martinez,patricia.martinez5261@techcorp.io,United Kingdom,2024-04-02,Basic,409.82
5262,Sarah Patel,sarah.patel5262@gmail.com,India,2023-06-11,Standard,4591.29
5263,Mei Miller,mei.miller5263@example.com,India,2020-12-31,Premium,3057.48
5264,Richard Smith,richard.smith5264@outlook.com,Australia,2023-10-23,Premium,3171.43
5265,Richard Verma,richard.verma5265@outlook.com,Germany,2024-06-19,Premium,4850.39
5266,Richard Zhang,richard.zhang5266@outlook.com,United Kingdom,2025-08-09,Standard,493.05
5267,William Smith,william.smith5267@yahoo.com,Canada,2023-01-21,Premium,3445.63
5268,William Sharma,william.sharma5268@company.org,Australia,2024-08-07,Standard,191.88
5269,Linda Smith,linda.smith5269@gmail.com,India,2024-08-21,Premium,4898.12
5270,Robert Wang,robert.wang5270@yahoo.com,United Kingdom,2024-03-21,Premium,2384.3
5271,William Jones,william.jones5271@techcorp.io,India,2024-12-27,Premium,4367.82
5272,Michael Patel,michael.patel5272@company.org,United Kingdom,2024-02-14,Premium,3941.21
5273,Mary Lee,mary.lee5273@outlook.com,Japan,2020-03-28,Premium,1008.71
5274,James Lopez,james.lopez5274@company.org,India,2024-07-22,Premium,4597.67
5275,Barbara Johnson,,India,2020-10-12,Basic,2088.72
5276,Amit Rodriguez,amit.rodriguez5276@gmail.com,United Kingdom,2023-01-31,Premium,3160.41
5277,Sarah Rodriguez,sarah.rodriguez5277@yahoo.com,Japan,2025-03-13,Basic,127.2
5278,Susan Garcia,susan.garcia5278@example.com,Australia,2023-10-05,Premium,664.36
5279,Ananya Garcia,ananya.garcia5279@company.org,Australia,2022-11-10,Standard,3084.63
5280,Richard Singh,richard.singh5280@company.org,Australia,2023-04-17,Basic,4184.77
5281,Neha Wang,neha.wang5281@techcorp.io,Australia,2024-11-17,Basic,2399.52
5282,Jennifer Zhang,jennifer.zhang5282@gmail.com,United States,2021-04-04,Standard,4835.88
5283,Neha Williams,neha.williams5283@techcorp.io,Japan,2022-04-18,Standard,1564.86
5284,Charles Martinez,charles.martinez5284@techcorp.io,Australia,2022-01-24,Basic,1599.57
5285,Patricia Singh,patricia.singh5285@techcorp.io,United Kingdom,2022-07-22,Basic,2141.68
5286,Sofia Zhang,sofia.zhang5286@company.org,Japan,2021-01-08,Premium,4779.97
5287,Mei Johnson,mei.johnson5287@gmail.com,India,2024-12-27,Basic,2352.36
5288,Patricia Jones,patricia.jones5288@techcorp.io,Canada,2023-10-15,Standard,2054.93
5289,John Davis,john.davis5289@gmail.com,Canada,2023-05-20,Premium,1445.12
5290,Amit Martinez,amit.martinez5290@yahoo.com,United Kingdom,2023-07-07,Premium,1785.49
5291,Robert Kim,robert.kim5291@yahoo.com,United Kingdom,2025-06-02,Basic,3388.79
5292,Ananya Wang,ananya.wang5292@techcorp.io,Australia,2024-07-18,Premium,2485.12
5293,Sarah Brown,sarah.brown5293@techcorp.io,United Kingdom,2020-07-16,Basic,2102.05
5294,David Patel,david.patel5294@outlook.com,Japan,2025-04-18,Basic,4148.3
5295,David Zhang,david.zhang5295@company.org,Germany,2020-09-22,Premium,4333.26
5296,Joseph Johnson,joseph.johnson5296@techcorp.io,Brazil,2023-02-11,Basic,4665.18
5297,Sofia Smith,sofia.smith5297@example.com,India,2021-04-20,Standard,640.34
5298,Elizabeth Patel,elizabeth.patel5298@outlook.com,Canada,2024-04-12,Premium,3265.7
5299,Patricia Lee,patricia.lee5299@company.org,United Kingdom,2020-09-04,Premium,2314.51
5300,Ananya Martinez,ananya.martinez5300@yahoo.com,Canada,2025-06-27,Basic,4800.12
5301,Wei Zhang,wei.zhang5301@company.org,Australia,2022-01-26,Basic,2510.36
5302,Neha Wang,neha.wang5302@outlook.com,Brazil,2025-07-22,Standard,73.42
5303,Jessica Kim,jessica.kim5303@company.org,India,2021-08-25,Standard,1249.14
5304,David Brown,david.brown5304@yahoo.com,India,2020-05-06,Premium,4846.12
5305,Arjun Garcia,arjun.garcia5305@example.com,Japan,2020-09-04,Premium,2075.04
5306,Richard Singh,richard.singh5306@techcorp.io,United States,2021-08-30,Premium,2180.37
5307,Sofia Miller,sofia.miller5307@company.org,United Kingdom,2024-01-18,Standard,362.73
5308,Elizabeth Patel,elizabeth.patel5308@techcorp.io,Brazil,2021-07-01,Basic,3854.25
5309,James Smith,james.smith5309@yahoo.com,Japan,2020-02-09,Premium,2988.95
5310,James Chen,james.chen5310@gmail.com,United Kingdom,2025-06-19,Premium,3894.72
5311,Thomas Gonzalez,thomas.gonzalez5311@company.org,France,2024-11-15,Premium,1162.74
5312,Mary Wang,mary.wang5312@techcorp.io,United States,2022-08-18,Standard,2547.8
5313,Karen Jones,karen.jones5313@techcorp.io,France,2025-07-07,Premium,1557.12
5314,Joseph Singh,joseph.singh5314@techcorp.io,Germany,2024-08-05,Standard,343.36
5315,Jessica Martinez,jessica.martinez5315@techcorp.io,Canada,2023-10-25,Standard,1617.48
5316,Robert Singh,robert.singh5316@example.com,France,2024-01-16,Premium,1417.07
5317,Arjun Lopez,arjun.lopez5317@company.org,Germany,2025-08-18,Basic,2261.41
5318,Charles Rodriguez,charles.rodriguez5318@example.com,Japan,2023-12-04,Basic,4302.57
5319,Ananya Johnson,ananya.johnson5319@yahoo.com,Canada,2023-09-29,Basic,3786.24
5320,Mary Garcia,mary.garcia5320@example.com,Germany,2024-06-14,Premium,4958.89
5321,Linda Johnson,linda.johnson5321@yahoo.com,Germany,2024-05-12,Premium,4762.57
5322,William Verma,william.verma5322@yahoo.com,Australia,2024-12-20,Basic,1245.53
5323,Karen Johnson,karen.johnson5323@example.com,Canada,2020-06-09,Premium,1936.43
5324,David Williams,david.williams5324@example.com,Brazil,2023-11-05,Basic,3254.12
5325,William Chen,william.chen5325@example.com,Japan,2024-02-16,Basic,669.46
5326,Amit Kim,amit.kim5326@yahoo.com,Japan,2020-04-11,Basic,3614.6
5327,Barbara Miller,barbara.miller5327@example.com,France,2022-05-05,Basic,723.21
5328,Susan Davis,susan.davis5328@yahoo.com,Canada,2021-06-14,Basic,2687.31
5329,Barbara Patel,barbara.patel5329@yahoo.com,Brazil,2022-08-03,Standard,742.07
5330,Ananya Davis,ananya.davis5330@example.com,Germany,2022-02-01,Standard,3767.03
5331,Michael Brown,michael.brown5331@gmail.com,United Kingdom,2022-07-28,Premium,2384.1
5332,Arjun Johnson,arjun.johnson5332@gmail.com,Brazil,2023-07-02,Basic,3292.15
5333,William Johnson,william.johnson5333@yahoo.com,Japan,2020-02-15,Standard,1027.69
5334,Linda Miller,linda.miller5334@techcorp.io,India,2022-05-12,Premium,1440.61
5335,Richard Gonzalez,richard.gonzalez5335@gmail.com,Germany,2024-01-14,Premium,2459.99
5336,Sarah Gonzalez,sarah.gonzalez5336@gmail.com,Canada,2025-03-18,Basic,2227.45
5337,Charles Zhang,charles.zhang5337@techcorp.io,Australia,2021-04-10,Standard,4749.91
5338,Charles Patel,charles.patel5338@company.org,United States,2024-04-30,Standard,1879.17
5339,Amit Verma,amit.verma5339@outlook.com,Canada,2021-08-13,Basic,1869.86
5340,Priya Kim,priya.kim5340@yahoo.com,Japan,2021-10-06,Standard,1482.36
5341,David Miller,david.miller5341@techcorp.io,Germany,2025-01-18,Basic,3256.08
5342,Karen Singh,karen.singh5342@company.org,Brazil,2024-01-25,Premium,1060.68
5343,Neha Jones,neha.jones5343@company.org,Brazil,2022-05-24,Premium,4023.8
5344,Mary Davis,mary.davis5344@company.org,Japan,2025-04-03,Premium,3377.04
5345,Mei Miller,mei.miller5345@techcorp.io,United Kingdom,2020-11-24,Premium,1892.86
5346,Linda Garcia,linda.garcia5346@gmail.com,Brazil,2024-03-12,Premium,4130.16
5347,Susan Verma,susan.verma5347@outlook.com,India,2020-05-02,Basic,1691.53
5348,Richard Singh,richard.singh5348@example.com,Brazil,2024-07-16,Premium,3371.92
5349,Mary Patel,mary.patel5349@techcorp.io,Japan,2022-07-03,Standard,2496.35
5350,Jessica Williams,jessica.williams5350@outlook.com,Brazil,2024-10-21,Basic,754.51
5351,Charles Verma,charles.verma5351@techcorp.io,India,2020-01-04,Basic,2662.3
5352,Jennifer Martinez,jennifer.martinez5352@yahoo.com,Japan,2024-04-10,Basic,805.88
5353,David Verma,david.verma5353@company.org,France,2022-09-18,Premium,2236.74
5354,Michael Lee,michael.lee5354@techcorp.io,France,2022-07-22,Premium,3038.4
5355,Karen Sharma,karen.sharma5355@company.org,Canada,2020-01-30,Basic,2803.84
5356,Barbara Sharma,barbara.sharma5356@techcorp.io,Canada,2024-08-25,Standard,2205.62
5357,Priya Gonzalez,priya.gonzalez5357@outlook.com,United Kingdom,2020-11-01,Standard,338.13
5358,Jessica Miller,jessica.miller5358@gmail.com,United States,2021-09-04,Premium,4268.25
5359,James Jones,james.jones5359@techcorp.io,Japan,2022-04-15,Standard,3373.83
5360,Linda Garcia,linda.garcia5360@outlook.com,France,2025-03-04,Basic,3613.09
5361,Wei Garcia,wei.garcia5361@yahoo.com,United Kingdom,2023-03-13,Premium,2287.49
5362,Charles Miller,charles.miller5362@company.org,India,2024-10-11,Premium,1987.61
5363,Ananya Brown,ananya.brown5363@company.org,India,2020-05-16,Premium,101.36
5364,Sarah Zhang,,France,2020-04-03,Premium,2239.71
5365,Mei Jones,mei.jones5365@example.com,Canada,2023-05-31,Standard,3879.07
5366,Sarah Lee,sarah.lee5366@techcorp.io,United Kingdom,2025-04-05,Premium,1819.15
5367,Barbara Gonzalez,barbara.gonzalez5367@outlook.com,India,2025-06-06,Standard,3985.05
5368,Ananya Lopez,ananya.lopez5368@techcorp.io,United States,2022-03-21,Standard,528.8
5369,Susan Martinez,susan.martinez5369@techcorp.io,Australia,2021-03-16,Basic,1463.54
5370,Arjun Wang,arjun.wang5370@yahoo.com,Canada,2024-09-10,Standard,4808.76
5371,Wei Martinez,wei.martinez5371@outlook.com,Japan,2022-05-24,Premium,4803.99
5372,Linda Kim,linda.kim5372@example.com,Brazil,2020-08-21,Premium,3866.41
5373,Carlos Sharma,carlos.sharma5373@yahoo.com,Brazil,2020-05-02,Premium,1692.19
5374,Susan Verma,susan.verma5374@gmail.com,Brazil,2022-02-22,Standard,2734.49
5375,Carlos Martinez,carlos.martinez5375@techcorp.io,Japan,2024-12-17,Basic,2987.4
5376,Sofia Kim,sofia.kim5376@company.org,United Kingdom,2024-12-27,Standard,1265.28
5377,William Verma,william.verma5377@gmail.com,France,2023-07-30,Premium,1110.89
5378,Mary Patel,mary.patel5378@yahoo.com,Australia,2020-08-24,Basic,1236.73
5379,Thomas Lee,thomas.lee5379@techcorp.io,France,2023-02-22,Standard,4020.96
5380,Rahul Garcia,rahul.garcia5380@outlook.com,United Kingdom,2023-05-06,Basic,1823.72
5381,Thomas Patel,thomas.patel5381@company.org,Australia,2021-12-25,Basic,973.99
5382,Patricia Verma,patricia.verma5382@example.com,United States,2022-08-21,Premium,2286.77
5383,James Zhang,james.zhang5383@company.org,United States,2022-05-08,Standard,4345.52
5384,Susan Lopez,susan.lopez5384@outlook.com,France,2024-10-15,Basic,4528.32
5385,Charles Johnson,charles.johnson5385@yahoo.com,Japan,2024-07-06,Standard,2234.42
5386,Joseph Singh,joseph.singh5386@techcorp.io,India,2020-12-01,Standard,451.27
5387,Jennifer Brown,jennifer.brown5387@outlook.com,United States,2022-08-31,Premium,2894.04
5388,Priya Patel,priya.patel5388@techcorp.io,Australia,2023-12-09,Premium,3953.82
5389,Amit Zhang,amit.zhang5389@techcorp.io,India,2020-06-30,Basic,3949.75
5390,Elizabeth Brown,elizabeth.brown5390@outlook.com,Brazil,2022-06-26,Basic,1122.54
5391,Robert Kim,robert.kim5391@example.com,France,2020-01-06,Basic,4083.87
5392,Thomas Sharma,thomas.sharma5392@outlook.com,United States,2020-04-16,Basic,2951.3
5393,Ananya Wang,ananya.wang5393@yahoo.com,Brazil,2020-02-17,Basic,4958.01
5394,Carlos Smith,carlos.smith5394@gmail.com,Germany,2023-04-20,Standard,4287.95
5395,Patricia Kim,patricia.kim5395@gmail.com,Australia,2020-08-12,Standard,3750.98
5396,Rahul Williams,rahul.williams5396@company.org,Canada,2021-04-19,Basic,4571.07
5397,Rahul Verma,rahul.verma5397@gmail.com,Australia,2023-10-08,Basic,2899.15
5398,Priya Lee,priya.lee5398@yahoo.com,France,2024-11-29,Basic,2533.25
5399,Ananya Wang,ananya.wang5399@gmail.com,Japan,2020-02-01,Premium,106.77
5400,Elizabeth Lopez,elizabeth.lopez5400@yahoo.com,United Kingdom,2021-10-29,Premium,4540.5
5401,Ananya Verma,ananya.verma5401@gmail.com,Japan,2021-02-19,Premium,2141.69
5402,Robert Lee,robert.lee5402@yahoo.com,United Kingdom,2021-07-29,Basic,3823.91
5403,William Lee,william.lee5403@outlook.com,Germany,2021-07-06,Basic,2834.56
5404,Mei Rodriguez,mei.rodriguez5404@gmail.com,United States,2022-05-23,Standard,4370.27
5405,John Wang,john.wang5405@example.com,Australia,2023-11-29,Standard,814.77
5406,Joseph Rodriguez,joseph.rodriguez5406@company.org,United States,2024-05-10,Standard,575.77
5407,Amit Garcia,amit.garcia5407@example.com,Germany,2020-05-14,Premium,1186.29
5408,Mary Patel,mary.patel5408@company.org,Australia,2020-10-27,Standard,1624.1
5409,Priya Williams,priya.williams5409@yahoo.com,India,2021-04-27,Premium,2186.53
5410,Wei Gonzalez,wei.gonzalez5410@gmail.com,Brazil,2020-12-01,Basic,3352.77
5411,Robert Gonzalez,robert.gonzalez5411@yahoo.com,United Kingdom,2022-03-12,Basic,951.44
5412,Barbara Lee,barbara.lee5412@techcorp.io,Brazil,2025-07-21,Premium,3617.18
5413,Robert Johnson,robert.johnson5413@example.com,Germany,2022-06-24,Basic,3964.03
5414,Wei Sharma,wei.sharma5414@company.org,France,2021-03-07,Basic,4413.29
5415,Amit Patel,amit.patel5415@techcorp.io,India,2024-07-15,Premium,289.59
5416,Elizabeth Verma,elizabeth.verma5416@gmail.com,Australia,2021-10-30,Basic,372.26
5417,Arjun Johnson,arjun.johnson5417@yahoo.com,France,2020-01-25,Premium,656.12
5418,Ananya Rodriguez,ananya.rodriguez5418@gmail.com,Brazil,2020-02-24,Standard,1312.79
5419,Ananya Singh,ananya.singh5419@gmail.com,Brazil,2020-11-04,Premium,3075.36
5420,Sofia Brown,sofia.brown5420@outlook.com,United States,2022-08-25,Standard,2153.02
5421,David Rodriguez,david.rodriguez5421@outlook.com,Australia,2020-05-02,Standard,107.2
5422,Priya Sharma,priya.sharma5422@company.org,United States,2024-08-22,Basic,3476.94
5423,Joseph Rodriguez,joseph.rodriguez5423@outlook.com,France,2024-11-05,Premium,2809.63
5424,Priya Lopez,priya.lopez5424@techcorp.io,Brazil,2023-11-27,Premium,3286.61
5425,Jessica Rodriguez,jessica.rodriguez5425@yahoo.com,Canada,2020-11-16,Standard,758.22
5426,Karen Smith,karen.smith5426@outlook.com,Australia,2025-02-03,Premium,2243.16
5427,Susan Garcia,susan.garcia5427@outlook.com,United Kingdom,2023-03-24,Standard,2060.87
5428,Richard Lopez,richard.lopez5428@gmail.com,Australia,2022-03-10,Basic,523.84
5429,Mei Martinez,mei.martinez5429@example.com,Germany,2024-06-29,Basic,2373.6
5430,Elizabeth Patel,elizabeth.patel5430@company.org,Australia,2020-02-28,Basic,4832.13
5431,Priya Patel,priya.patel5431@yahoo.com,Japan,2024-05-08,Basic,648.75
5432,Richard Patel,richard.patel5432@yahoo.com,Brazil,2024-06-22,Standard,89.0
5433,Michael Martinez,michael.martinez5433@company.org,Brazil,2021-06-06,Standard,4049.17
5434,Richard Kim,richard.kim5434@company.org,France,2025-06-01,Premium,277.57
5435,Richard Verma,richard.verma5435@example.com,Germany,2025-07-31,Premium,2480.8
5436,Priya Martinez,priya.martinez5436@gmail.com,Germany,2020-09-14,Standard,4118.21
5437,Jessica Jones,jessica.jones5437@yahoo.com,India,2021-08-27,Standard,782.4
5438,Jennifer Miller,jennifer.miller5438@outlook.com,Germany,2023-10-31,Premium,1981.88
5439,Mary Smith,mary.smith5439@company.org,Australia,2023-06-19,Premium,1982.87
5440,John Chen,john.chen5440@yahoo.com,India,2024-01-22,Basic,1730.42
5441,Robert Smith,robert.smith5441@techcorp.io,Australia,2022-07-21,Standard,1036.13
5442,John Miller,john.miller5442@techcorp.io,India,2023-01-19,Standard,4596.78
5443,James Sharma,james.sharma5443@company.org,United Kingdom,2023-03-26,Premium,789.6
5444,Robert Jones,robert.jones5444@techcorp.io,India,2020-01-28,Premium,471.73
5445,Robert Lee,robert.lee5445@outlook.com,Canada,2022-07-15,Premium,589.56
5446,Wei Rodriguez,wei.rodriguez5446@techcorp.io,India,2023-02-25,Basic,4046.86
5447,Sarah Wang,sarah.wang5447@company.org,United Kingdom,2022-12-22,Premium,4539.32
5448,Mei Miller,mei.miller5448@techcorp.io,Japan,2025-05-27,Premium,3822.19
5449,Robert Martinez,robert.martinez5449@gmail.com,Germany,2021-01-30,Basic,2164.07
5450,Thomas Jones,thomas.jones5450@yahoo.com,India,2022-06-07,Standard,3132.41
5451,Charles Zhang,charles.zhang5451@gmail.com,Brazil,2021-03-22,Premium,126.69
5452,Mary Lee,mary.lee5452@example.com,Germany,2023-06-26,Basic,4868.45
5453,Barbara Chen,barbara.chen5453@company.org,France,2022-06-08,Premium,1695.86
5454,Thomas Wang,thomas.wang5454@example.com,Canada,2023-11-21,Basic,2114.21
5455,Arjun Martinez,arjun.martinez5455@company.org,Brazil,2021-08-11,Basic,3757.48
5456,Jessica Gonzalez,jessica.gonzalez5456@yahoo.com,Australia,2023-06-27,Standard,3751.87
5457,Robert Gonzalez,robert.gonzalez5457@outlook.com,United Kingdom,2023-09-01,Basic,384.66
5458,Joseph Zhang,joseph.zhang5458@techcorp.io,Brazil,2022-02-03,Premium,174.95
5459,Mary Davis,mary.davis5459@outlook.com,Australia,2024-02-06,Basic,2792.39
5460,Thomas Garcia,thomas.garcia5460@company.org,Japan,2021-10-12,Basic,4935.71
5461,Joseph Patel,joseph.patel5461@example.com,France,2024-04-04,Standard,3557.53
5462,Sarah Jones,sarah.jones5462@company.org,Brazil,2025-07-21,Standard,1638.72
5463,Amit Zhang,amit.zhang5463@example.com,India,2021-06-13,Basic,3147.56
5464,David Miller,david.miller5464@gmail.com,United Kingdom,2024-05-16,Premium,1831.54
5465,Michael Brown,michael.brown5465@outlook.com,Germany,2024-06-10,Basic,521.64
5466,Rahul Johnson,rahul.johnson5466@example.com,Canada,2020-12-02,Standard,3962.24
5467,William Davis,william.davis5467@gmail.com,India,2020-03-03,Standard,454.02
5468,Sofia Martinez,sofia.martinez5468@outlook.com,Germany,2024-04-13,Standard,1795.01
5469,Joseph Martinez,joseph.martinez5469@outlook.com,United Kingdom,2022-05-24,Basic,2996.04
5470,Karen Wang,karen.wang5470@gmail.com,India,2024-01-24,Basic,1174.05
5471,Linda Rodriguez,linda.rodriguez5471@company.org,Japan,2021-11-05,Premium,2189.07
5472,Karen Chen,karen.chen5472@gmail.com,India,2020-04-13,Basic,3744.24
5473,Ananya Gonzalez,ananya.gonzalez5473@outlook.com,United Kingdom,2023-04-21,Standard,3018.79
5474,Jessica Verma,jessica.verma5474@techcorp.io,Brazil,2023-12-28,Premium,3598.86
5475,Rahul Williams,rahul.williams5475@techcorp.io,Brazil,2021-01-13,Standard,2583.09
5476,Mary Jones,mary.jones5476@gmail.com,Australia,2021-09-20,Standard,3054.67
5477,Michael Chen,michael.chen5477@example.com,United Kingdom,2021-06-06,Standard,4519.96
5478,Charles Johnson,charles.johnson5478@yahoo.com,United Kingdom,2021-04-26,Basic,878.53
5479,Linda Lopez,linda.lopez5479@outlook.com,Canada,2020-06-16,Standard,118.21
5480,Joseph Miller,joseph.miller5480@techcorp.io,India,2023-07-02,Premium,4711.91
5481,Neha Zhang,neha.zhang5481@yahoo.com,France,2025-03-12,Standard,2326.17
5482,Neha Wang,neha.wang5482@outlook.com,United States,2025-02-23,Basic,1144.84
5483,Richard Singh,richard.singh5483@outlook.com,France,2020-02-21,Basic,3377.44
5484,Joseph Patel,joseph.patel5484@techcorp.io,Germany,2021-10-25,Premium,4269.87
5485,Patricia Garcia,patricia.garcia5485@techcorp.io,Brazil,2021-06-04,Basic,2926.09
5486,Sofia Miller,sofia.miller5486@company.org,France,2021-11-06,Standard,2800.21
5487,William Chen,william.chen5487@yahoo.com,France,2022-12-06,Premium,3962.7
5488,Karen Miller,karen.miller5488@yahoo.com,United States,2023-05-11,Premium,3907.28
5489,Rahul Lee,rahul.lee5489@example.com,Germany,2020-05-30,Standard,2034.39
5490,Richard Johnson,richard.johnson5490@outlook.com,Brazil,2023-12-14,Basic,517.78
5491,Michael Rodriguez,michael.rodriguez5491@techcorp.io,Canada,2022-04-22,Standard,2629.2
5492,Neha Rodriguez,neha.rodriguez5492@company.org,Brazil,2021-01-10,Basic,4834.6
5493,Priya Martinez,priya.martinez5493@example.com,Australia,2021-02-05,Basic,4836.01
5494,Jennifer Brown,jennifer.brown5494@gmail.com,France,2022-08-20,Standard,2808.78
5495,John Wang,john.wang5495@techcorp.io,United States,2023-06-11,Premium,3566.09
5496,Linda Patel,linda.patel5496@outlook.com,Brazil,2021-01-23,Basic,3462.02
5497,Neha Sharma,neha.sharma5497@company.org,Australia,2024-01-20,Premium,4925.09
5498,Sarah Gonzalez,sarah.gonzalez5498@techcorp.io,Australia,2022-11-22,Basic,412.59
5499,Linda Wang,linda.wang5499@company.org,United Kingdom,2021-03-03,Basic,3827.16
5500,Susan Miller,susan.miller5500@techcorp.io,France,2023-10-10,Premium,2507.9
5501,Jessica Patel,jessica.patel5501@example.com,France,2025-07-09,Standard,2466.17
5502,Charles Miller,charles.miller5502@outlook.com,Brazil,2024-10-07,Basic,1082.66
5503,Arjun Martinez,arjun.martinez5503@gmail.com,Japan,2022-11-18,Premium,411.22
5504,Barbara Davis,barbara.davis5504@company.org,United States,2023-05-04,Basic,2190.15
5505,Jessica Jones,jessica.jones5505@yahoo.com,United Kingdom,2020-02-23,Premium,4066.49
5506,Mei Patel,mei.patel5506@gmail.com,Australia,2020-04-22,Basic,515.19
5507,John Davis,john.davis5507@company.org,India,2023-10-01,Standard,2652.16
5508,James Martinez,james.martinez5508@outlook.com,Germany,2022-03-25,Standard,4860.51
5509,Jessica Lopez,jessica.lopez5509@yahoo.com,India,2022-12-07,Premium,3038.36
5510,John Smith,john.smith5510@techcorp.io,Brazil,2024-05-31,Basic,4011.13
5511,Richard Rodriguez,richard.rodriguez5511@example.com,United States,2023-07-01,Premium,4904.81
5512,Priya Lopez,priya.lopez5512@company.org,India,2023-11-04,Standard,1159.65
5513,Priya Smith,priya.smith5513@example.com,Japan,2024-04-09,Standard,3348.22
5514,Richard Chen,richard.chen5514@yahoo.com,United States,2024-06-03,Basic,273.02
5515,Jennifer Miller,jennifer.miller5515@example.com,Germany,2024-11-05,Standard,1157.42
5516,Jennifer Johnson,jennifer.johnson5516@outlook.com,Brazil,2024-05-03,Premium,2851.22
5517,Jennifer Rodriguez,jennifer.rodriguez5517@outlook.com,Japan,2021-02-28,Premium,4229.04
5518,Rahul Verma,rahul.verma5518@outlook.com,Japan,2022-03-11,Basic,3852.69
5519,Jessica Chen,jessica.chen5519@gmail.com,India,2021-04-18,Premium,1711.43
5520,Priya Lopez,priya.lopez5520@gmail.com,Japan,2025-08-06,Basic,3145.48
5521,Jennifer Singh,jennifer.singh5521@gmail.com,France,2023-10-25,Standard,2566.51
5522,Amit Kim,amit.kim5522@techcorp.io,Brazil,2024-09-16,Basic,222.92
5523,Arjun Zhang,arjun.zhang5523@outlook.com,Japan,2022-04-01,Standard,2529.72
5524,Jessica Lee,jessica.lee5524@outlook.com,United Kingdom,2022-03-07,Standard,1405.34
5525,Carlos Wang,carlos.wang5525@gmail.com,Germany,2024-04-16,Basic,794.38
5526,Richard Wang,richard.wang5526@techcorp.io,France,2023-12-07,Premium,1998.86
5527,Mei Rodriguez,mei.rodriguez5527@techcorp.io,Australia,2024-12-25,Premium,3720.01
5528,Richard Lopez,richard.lopez5528@outlook.com,Canada,2024-12-17,Premium,437.62
5529,Barbara Gonzalez,barbara.gonzalez5529@techcorp.io,United Kingdom,2023-01-31,Standard,4540.27
5530,Mei Sharma,mei.sharma5530@techcorp.io,United States,2021-06-15,Standard,166.41
5531,Barbara Davis,barbara.davis5531@example.com,Japan,2021-11-25,Premium,3254.89
5532,Sarah Rodriguez,sarah.rodriguez5532@techcorp.io,Brazil,2024-06-19,Standard,4398.55
5533,Rahul Lopez,rahul.lopez5533@outlook.com,Australia,2020-04-20,Basic,2232.59
5534,Wei Verma,wei.verma5534@outlook.com,Brazil,2020-05-13,Standard,2648.64
5535,Barbara Davis,barbara.davis5535@company.org,United Kingdom,2022-03-24,Premium,2691.71
5536,Sofia Patel,sofia.patel5536@company.org,United Kingdom,2022-02-03,Premium,3055.45
5537,Linda Singh,linda.singh5537@company.org,France,2023-05-25,Premium,2648.07
5538,Amit Rodriguez,amit.rodriguez5538@gmail.com,Japan,2022-06-25,Standard,1084.71
5539,Ananya Rodriguez,ananya.rodriguez5539@gmail.com,Australia,2020-01-06,Premium,4405.56
5540,Michael Garcia,michael.garcia5540@techcorp.io,Canada,2020-04-30,Standard,561.63
5541,Ananya Jones,ananya.jones5541@example.com,Australia,2022-08-01,Premium,2287.18
5542,Charles Singh,charles.singh5542@yahoo.com,United Kingdom,2023-04-08,Standard,2363.03
5543,Rahul Singh,rahul.singh5543@outlook.com,France,2024-11-03,Premium,234.85
5544,Michael Jones,michael.jones5544@example.com,United Kingdom,2025-04-27,Standard,601.72
5545,Karen Jones,karen.jones5545@gmail.com,Canada,2020-10-12,Basic,4391.77
5546,James Garcia,james.garcia5546@techcorp.io,Japan,2024-11-21,Basic,2440.55
5547,Sarah Brown,sarah.brown5547@techcorp.io,Australia,2021-04-15,Standard,1530.2
5548,Thomas Rodriguez,thomas.rodriguez5548@company.org,Japan,2025-05-02,Premium,3187.55
5549,Michael Zhang,michael.zhang5549@yahoo.com,United Kingdom,2020-03-29,Standard,481.62
5550,William Miller,william.miller5550@outlook.com,Japan,2024-02-29,Standard,3543.78
5551,Jessica Zhang,jessica.zhang5551@company.org,United Kingdom,2023-10-30,Basic,4731.89
5552,Sofia Verma,sofia.verma5552@techcorp.io,Germany,2024-08-05,Basic,969.36
5553,Joseph Smith,joseph.smith5553@techcorp.io,France,2025-04-10,Standard,2191.93
5554,Jessica Johnson,jessica.johnson5554@example.com,India,2021-05-05,Basic,3018.59
5555,Linda Patel,linda.patel5555@gmail.com,United Kingdom,2021-03-25,Basic,978.64
5556,Joseph Rodriguez,joseph.rodriguez5556@outlook.com,Brazil,2023-05-03,Premium,557.15
5557,Neha Miller,neha.miller5557@yahoo.com,Japan,2024-08-11,Premium,2257.18
5558,David Zhang,david.zhang5558@gmail.com,Japan,2020-09-27,Basic,3158.44
5559,Arjun Patel,arjun.patel5559@techcorp.io,Australia,2021-05-02,Basic,4102.42
5560,William Johnson,william.johnson5560@example.com,United States,2025-02-06,Premium,1064.68
5561,Sarah Gonzalez,sarah.gonzalez5561@outlook.com,Japan,2023-01-06,Premium,4846.48
5562,Ananya Smith,ananya.smith5562@yahoo.com,Canada,2023-12-09,Standard,1104.68
5563,Sofia Sharma,sofia.sharma5563@techcorp.io,Canada,2020-01-30,Standard,4394.32
5564,Karen Jones,karen.jones5564@example.com,Germany,2020-08-24,Premium,98.96
5565,Patricia Chen,patricia.chen5565@company.org,Brazil,2022-09-29,Premium,3940.08
5566,Ananya Rodriguez,ananya.rodriguez5566@yahoo.com,India,2024-10-19,Standard,3733.82
5567,David Lopez,david.lopez5567@company.org,Canada,2022-12-05,Standard,4449.35
5568,Sarah Kim,sarah.kim5568@techcorp.io,Australia,2022-06-02,Basic,1039.52
5569,Jennifer Gonzalez,jennifer.gonzalez5569@gmail.com,Japan,2024-03-02,Standard,75.14
5570,Amit Sharma,amit.sharma5570@yahoo.com,France,2020-08-09,Basic,3728.92
5571,Jennifer Miller,jennifer.miller5571@techcorp.io,United States,2021-06-17,Premium,4740.53
5572,Priya Lopez,priya.lopez5572@example.com,France,2022-03-13,Basic,155.59
5573,Karen Garcia,karen.garcia5573@yahoo.com,Australia,2024-06-24,Standard,1360.45
5574,James Davis,james.davis5574@gmail.com,Japan,2021-04-25,Standard,1412.13
5575,Ananya Johnson,ananya.johnson5575@yahoo.com,Japan,2022-05-03,Basic,177.49
5576,Robert Gonzalez,robert.gonzalez5576@company.org,Australia,2022-05-30,Basic,2814.21
5577,Sofia Sharma,sofia.sharma5577@gmail.com,United States,2023-04-11,Basic,1042.37
5578,Priya Kim,priya.kim5578@yahoo.com,United States,2024-04-23,Premium,675.26
5579,Sofia Johnson,sofia.johnson5579@outlook.com,Brazil,2021-05-24,Premium,211.04
5580,Linda Johnson,linda.johnson5580@outlook.com,Canada,2023-03-25,Premium,2269.02
5581,Sofia Zhang,sofia.zhang5581@outlook.com,Japan,2025-06-11,Premium,2263.0
5582,Michael Lee,michael.lee5582@company.org,Germany,2023-01-14,Premium,1681.07
5583,Priya Sharma,priya.sharma5583@yahoo.com,Brazil,2021-03-05,Standard,4297.21
5584,Sarah Garcia,sarah.garcia5584@example.com,Germany,2022-02-08,Premium,4358.18
5585,Susan Rodriguez,susan.rodriguez5585@yahoo.com,Australia,2021-02-07,Premium,1749.31
5586,Mei Verma,mei.verma5586@outlook.com,Japan,2024-09-11,Premium,3928.04
5587,Priya Williams,priya.williams5587@outlook.com,Australia,2020-06-17,Basic,315.51
5588,Thomas Brown,thomas.brown5588@company.org,France,2023-09-06,Standard,1345.92
5589,Thomas Chen,thomas.chen5589@example.com,India,2023-10-18,Basic,4131.56
5590,Arjun Martinez,arjun.martinez5590@company.org,Brazil,2023-02-27,Premium,3710.28
5591,Carlos Sharma,carlos.sharma5591@techcorp.io,United States,2021-07-11,Premium,1313.77
5592,Susan Martinez,susan.martinez5592@gmail.com,United Kingdom,2023-09-23,Basic,2245.92
5593,Mei Singh,mei.singh5593@company.org,Australia,2023-11-20,Standard,3026.61
5594,Ananya Miller,ananya.miller5594@outlook.com,Australia,2020-11-14,Basic,2563.56
5595,Amit Jones,amit.jones5595@techcorp.io,Germany,2025-01-03,Standard,3891.02
5596,Elizabeth Chen,elizabeth.chen5596@example.com,Japan,2025-07-12,Standard,1891.91
5597,Mei Garcia,mei.garcia5597@outlook.com,Canada,2021-04-26,Basic,1123.28
5598,Joseph Jones,joseph.jones5598@outlook.com,United Kingdom,2025-05-30,Premium,2376.19
5599,Mary Smith,mary.smith5599@example.com,United States,2023-03-13,Standard,4468.9
5600,Karen Martinez,karen.martinez5600@company.org,Canada,2024-08-31,Standard,4487.12
5601,Sofia Brown,sofia.brown5601@example.com,France,2021-06-27,Basic,3404.83
5602,David Singh,david.singh5602@techcorp.io,Japan,2021-04-25,Basic,1682.97
5603,Charles Davis,charles.davis5603@outlook.com,United States,2021-11-22,Standard,2183.08
5604,William Lopez,william.lopez5604@techcorp.io,United States,2024-03-18,Standard,663.43
5605,Robert Jones,robert.jones5605@example.com,Germany,2025-05-31,Standard,1834.21
5606,Ananya Williams,ananya.williams5606@outlook.com,Australia,2021-04-08,Premium,3156.69
5607,William Brown,william.brown5607@example.com,United States,2020-08-16,Standard,1450.44
5608,Barbara Sharma,barbara.sharma5608@company.org,United Kingdom,2023-04-01,Standard,1810.45
5609,David Verma,david.verma5609@example.com,Germany,2021-05-18,Standard,4960.91
5610,Priya Miller,priya.miller5610@yahoo.com,Australia,2025-06-04,Premium,4854.17
5611,Arjun Singh,arjun.singh5611@example.com,Brazil,2020-08-09,Premium,4110.84
5612,Karen Verma,karen.verma5612@gmail.com,Canada,2021-01-10,Basic,2538.57
5613,Arjun Johnson,arjun.johnson5613@outlook.com,United Kingdom,2020-11-21,Standard,489.53
5614,Sofia Sharma,sofia.sharma5614@techcorp.io,Japan,2023-08-08,Basic,512.77
5615,Amit Lee,amit.lee5615@example.com,United Kingdom,2022-07-02,Standard,2802.14
5616,Carlos Johnson,carlos.johnson5616@company.org,United Kingdom,2020-10-07,Premium,3415.85
5617,Mary Zhang,mary.zhang5617@company.org,Brazil,2023-12-05,Premium,3412.12
5618,John Johnson,john.johnson5618@outlook.com,Australia,2022-03-17,Premium,437.48
5619,Patricia Verma,patricia.verma5619@yahoo.com,Germany,2020-06-28,Basic,2059.19
5620,Mary Johnson,mary.johnson5620@company.org,United Kingdom,2022-08-30,Premium,1124.81
5621,Charles Singh,charles.singh5621@yahoo.com,Japan,2020-06-23,Basic,4552.75
5622,Priya Davis,priya.davis5622@company.org,Brazil,2025-01-07,Premium,889.32
5623,Rahul Williams,rahul.williams5623@company.org,Brazil,2022-05-15,Premium,1520.91
5624,Joseph Zhang,joseph.zhang5624@gmail.com,France,2025-01-28,Standard,2050.69
5625,Neha Rodriguez,neha.rodriguez5625@yahoo.com,United States,2022-08-10,Standard,2586.89
5626,John Garcia,john.garcia5626@outlook.com,Germany,2024-07-15,Standard,1495.9
5627,William Jones,william.jones5627@techcorp.io,France,2023-06-11,Standard,4248.73
5628,William Chen,william.chen5628@techcorp.io,Brazil,2022-03-06,Premium,3836.67
5629,Arjun Wang,arjun.wang5629@company.org,France,2024-07-22,Basic,2239.6
5630,Ananya Gonzalez,ananya.gonzalez5630@outlook.com,Brazil,2021-01-15,Premium,3480.63
5631,Jessica Chen,jessica.chen5631@outlook.com,Canada,2021-11-22,Standard,1971.44
5632,Joseph Williams,joseph.williams5632@outlook.com,Canada,2024-04-21,Premium,1125.27
5633,Ananya Lee,ananya.lee5633@company.org,Australia,2022-10-18,Basic,4061.35
5634,David Singh,david.singh5634@example.com,Canada,2021-08-13,Basic,3094.5
5635,James Jones,james.jones5635@techcorp.io,France,2020-02-15,Premium,4696.78
5636,Ananya Patel,ananya.patel5636@outlook.com,France,2024-05-18,Standard,3354.98
5637,Ananya Zhang,ananya.zhang5637@gmail.com,India,2022-01-15,Basic,2903.87
5638,Ananya Jones,ananya.jones5638@yahoo.com,Germany,2022-12-26,Standard,2822.92
5639,Robert Garcia,robert.garcia5639@gmail.com,United Kingdom,2025-03-30,Basic,1190.5
5640,Amit Kim,amit.kim5640@outlook.com,United States,2024-05-03,Premium,3575.88
5641,Michael Zhang,michael.zhang5641@example.com,Japan,2023-05-17,Premium,4422.09
5642,Thomas Sharma,thomas.sharma5642@example.com,Brazil,2022-09-28,Basic,4644.8
5643,Ananya Sharma,ananya.sharma5643@outlook.com,France,2023-08-26,Premium,3889.01
5644,Priya Patel,priya.patel5644@techcorp.io,Australia,2025-02-28,Premium,1957.6
5645,Priya Smith,priya.smith5645@gmail.com,Australia,2023-10-13,Basic,4256.16
5646,Robert Patel,robert.patel5646@techcorp.io,Japan,2024-10-04,Standard,3213.78
5647,Karen Rodriguez,karen.rodriguez5647@yahoo.com,France,2022-07-07,Basic,2361.12
5648,Barbara Singh,barbara.singh5648@gmail.com,Canada,2024-11-14,Standard,1004.77
5649,William Rodriguez,william.rodriguez5649@yahoo.com,United States,2020-09-08,Standard,797.08
5650,Priya Zhang,priya.zhang5650@example.com,Japan,2022-10-21,Standard,3591.03
5651,Mei Verma,mei.verma5651@yahoo.com,United States,2022-10-19,Standard,459.97
5652,Charles Williams,charles.williams5652@company.org,Brazil,2023-11-24,Premium,4723.08
5653,James Sharma,james.sharma5653@example.com,Australia,2021-02-18,Basic,1157.8
5654,Carlos Kim,carlos.kim5654@outlook.com,United States,2020-12-24,Premium,1352.4
5655,Michael Garcia,michael.garcia5655@yahoo.com,Brazil,2025-05-02,Standard,2083.25
5656,Michael Garcia,michael.garcia5656@example.com,United States,2023-02-17,Basic,1075.68
5657,Sarah Brown,sarah.brown5657@gmail.com,France,2020-06-15,Premium,4011.98
5658,Karen Williams,karen.williams5658@techcorp.io,Japan,2020-06-26,Basic,1849.97
5659,Robert Lopez,robert.lopez5659@gmail.com,Brazil,2022-12-30,Standard,2322.68
5660,Wei Gonzalez,wei.gonzalez5660@outlook.com,France,2024-01-22,Premium,3013.06
5661,David Jones,david.jones5661@example.com,United States,2022-01-08,Standard,3101.29
5662,Susan Brown,susan.brown5662@gmail.com,Canada,2022-06-01,Standard,4522.65
5663,Thomas Miller,thomas.miller5663@gmail.com,Canada,2020-01-26,Premium,2445.7
5664,Neha Verma,neha.verma5664@gmail.com,United Kingdom,2020-06-13,Standard,430.21
5665,Karen Jones,karen.jones5665@yahoo.com,India,2024-07-02,Premium,2958.99
5666,Elizabeth Sharma,elizabeth.sharma5666@yahoo.com,Japan,2021-03-27,Standard,4991.8
5667,Linda Jones,linda.jones5667@gmail.com,Canada,2022-10-03,Basic,3067.47
5668,Joseph Martinez,joseph.martinez5668@yahoo.com,India,2022-01-05,Standard,2153.68
5669,Barbara Patel,barbara.patel5669@gmail.com,Germany,2022-06-26,Basic,2038.45
5670,Carlos Singh,carlos.singh5670@outlook.com,Australia,2020-03-31,Standard,3826.03
5671,William Chen,william.chen5671@outlook.com,Australia,2023-10-17,Basic,2133.88
5672,Robert Johnson,robert.johnson5672@techcorp.io,United Kingdom,2024-07-17,Premium,4463.65
5673,Neha Johnson,neha.johnson5673@yahoo.com,Japan,2023-07-10,Basic,88.2
5674,Carlos Verma,carlos.verma5674@techcorp.io,France,2025-06-19,Basic,2160.02
5675,James Sharma,james.sharma5675@example.com,India,2020-10-17,Basic,461.98
5676,Thomas Williams,thomas.williams5676@example.com,Japan,2022-04-09,Basic,4860.6
5677,Barbara Miller,barbara.miller5677@company.org,United Kingdom,2022-08-05,Basic,3166.74
5678,Barbara Rodriguez,barbara.rodriguez5678@company.org,Canada,2023-08-02,Basic,4360.82
5679,Susan Sharma,susan.sharma5679@example.com,United States,2024-12-16,Premium,1519.16
5680,Robert Brown,robert.brown5680@techcorp.io,Brazil,2022-07-19,Basic,782.13
5681,Jennifer Patel,jennifer.patel5681@techcorp.io,Canada,2024-08-15,Premium,2665.19
5682,David Gonzalez,david.gonzalez5682@techcorp.io,Australia,2021-03-28,Premium,171.52
5683,Neha Johnson,neha.johnson5683@outlook.com,India,2020-09-22,Standard,3564.97
5684,Sarah Zhang,sarah.zhang5684@gmail.com,Australia,2021-02-07,Basic,3053.62
5685,Michael Martinez,michael.martinez5685@example.com,Australia,2022-10-12,Basic,4903.58
5686,Michael Davis,michael.davis5686@gmail.com,Australia,2025-05-28,Premium,3872.62
5687,Amit Martinez,amit.martinez5687@yahoo.com,Japan,2020-08-04,Basic,2909.31
5688,Sarah Martinez,sarah.martinez5688@gmail.com,France,2022-12-15,Basic,2281.64
5689,Joseph Johnson,joseph.johnson5689@techcorp.io,Germany,2021-01-27,Standard,103.08
5690,Neha Rodriguez,neha.rodriguez5690@example.com,United States,2021-03-31,Basic,1737.99
5691,Amit Lopez,amit.lopez5691@yahoo.com,Brazil,2022-07-06,Basic,4606.11
5692,Rahul Lee,rahul.lee5692@techcorp.io,Japan,2021-01-14,Standard,3227.62
5693,Mei Kim,mei.kim5693@outlook.com,France,2021-03-20,Standard,1924.03
5694,Joseph Verma,joseph.verma5694@gmail.com,Australia,2021-01-21,Standard,4761.61
5695,Linda Lee,linda.lee5695@yahoo.com,United States,2020-10-10,Basic,3443.87
5696,Neha Verma,neha.verma5696@company.org,India,2024-03-30,Premium,3856.94
5697,Michael Davis,michael.davis5697@techcorp.io,India,2025-06-22,Premium,1098.82
5698,Carlos Patel,carlos.patel5698@outlook.com,Japan,2020-04-24,Premium,3030.68
5699,Wei Rodriguez,wei.rodriguez5699@techcorp.io,Canada,2020-06-25,Standard,1784.41
5700,Amit Gonzalez,amit.gonzalez5700@outlook.com,Australia,2021-09-03,Premium,1703.54
5701,Michael Verma,michael.verma5701@example.com,United States,2025-07-30,Standard,4331.77
5702,James Lee,james.lee5702@outlook.com,France,2022-01-06,Basic,2371.42
5703,Carlos Gonzalez,carlos.gonzalez5703@outlook.com,France,2021-08-25,Premium,4711.87
5704,Jennifer Chen,jennifer.chen5704@gmail.com,Germany,2024-08-09,Basic,3812.43
5705,Sofia Gonzalez,sofia.gonzalez5705@techcorp.io,France,2020-09-22,Basic,2827.51
5706,Thomas Smith,thomas.smith5706@techcorp.io,India,2020-04-18,Premium,4436.45
5707,Ananya Davis,ananya.davis5707@example.com,United States,2020-10-05,Premium,1427.77
5708,Charles Smith,charles.smith5708@company.org,India,2025-03-29,Basic,292.5
5709,Michael Jones,michael.jones5709@example.com,France,2021-11-19,Premium,169.41
5710,Sofia Zhang,sofia.zhang5710@example.com,Japan,2025-07-03,Standard,3935.23
5711,John Rodriguez,john.rodriguez5711@techcorp.io,Japan,2021-07-03,Premium,1959.2
5712,Robert Brown,robert.brown5712@gmail.com,Australia,2024-10-14,Premium,3297.39
5713,Neha Lopez,neha.lopez5713@example.com,Canada,2024-11-12,Basic,4822.5
5714,Joseph Miller,joseph.miller5714@techcorp.io,Australia,2024-01-22,Standard,3492.05
5715,Charles Brown,charles.brown5715@company.org,Germany,2021-09-03,Basic,1802.8
5716,Wei Brown,wei.brown5716@yahoo.com,Australia,2024-07-01,Basic,4284.64
5717,Neha Lee,neha.lee5717@techcorp.io,Japan,2023-03-02,Premium,2676.7
5718,Priya Lopez,priya.lopez5718@yahoo.com,Australia,2020-07-02,Basic,2505.15
5719,Patricia Singh,patricia.singh5719@example.com,Canada,2024-08-31,Premium,2390.77
5720,Barbara Kim,barbara.kim5720@gmail.com,Brazil,2021-06-19,Premium,609.38
5721,Neha Wang,neha.wang5721@outlook.com,Brazil,2025-01-14,Standard,2520.67
5722,Karen Davis,karen.davis5722@outlook.com,Australia,2023-06-11,Basic,2708.38
5723,Barbara Patel,barbara.patel5723@company.org,Japan,2021-05-23,Basic,1785.81
5724,Arjun Johnson,arjun.johnson5724@gmail.com,United Kingdom,2020-09-09,Premium,1930.83
5725,William Singh,william.singh5725@techcorp.io,India,2021-09-01,Standard,4058.79
5726,Patricia Lee,patricia.lee5726@gmail.com,France,2022-02-13,Basic,1879.33
5727,Priya Johnson,priya.johnson5727@yahoo.com,India,2022-10-01,Premium,2418.03
5728,Michael Johnson,michael.johnson5728@outlook.com,France,2021-06-27,Premium,3999.32
5729,Neha Wang,neha.wang5729@outlook.com,United Kingdom,2022-08-22,Standard,4223.36
5730,Jennifer Singh,jennifer.singh5730@techcorp.io,Germany,2020-08-06,Basic,3011.2
5731,William Kim,william.kim5731@example.com,Canada,2025-05-20,Premium,663.26
5732,Jennifer Kim,jennifer.kim5732@yahoo.com,France,2022-03-17,Standard,3742.74
5733,Patricia Chen,patricia.chen5733@yahoo.com,Germany,2021-06-06,Basic,2916.1
5734,John Chen,john.chen5734@techcorp.io,Japan,2024-11-02,Standard,4533.04
5735,James Davis,james.davis5735@company.org,Canada,2024-12-04,Standard,4190.66
5736,Rahul Gonzalez,rahul.gonzalez5736@gmail.com,Australia,2023-08-26,Standard,3478.98
5737,Jessica Wang,jessica.wang5737@company.org,India,2025-02-21,Standard,1059.01
5738,Sofia Jones,sofia.jones5738@techcorp.io,Canada,2022-05-17,Standard,3221.66
5739,Michael Verma,michael.verma5739@yahoo.com,Brazil,2020-11-09,Basic,3465.17
5740,Jessica Verma,jessica.verma5740@gmail.com,Germany,2025-02-24,Basic,298.31
5741,William Zhang,william.zhang5741@gmail.com,United Kingdom,2024-04-07,Premium,3524.06
5742,Barbara Chen,barbara.chen5742@techcorp.io,Australia,2024-09-06,Basic,4416.2
5743,William Miller,william.miller5743@yahoo.com,India,2024-07-24,Premium,1918.96
5744,Wei Chen,wei.chen5744@gmail.com,Brazil,2023-07-15,Standard,132.03
5745,Charles Rodriguez,charles.rodriguez5745@yahoo.com,Canada,2022-12-25,Basic,349.19
5746,Amit Williams,amit.williams5746@gmail.com,Canada,2021-08-20,Standard,3908.63
5747,Charles Wang,charles.wang5747@outlook.com,United Kingdom,2023-11-29,Standard,4215.39
5748,Robert Brown,robert.brown5748@gmail.com,India,2020-10-17,Premium,2751.2
5749,Rahul Lopez,rahul.lopez5749@example.com,India,2022-05-27,Basic,3825.17
5750,Mei Gonzalez,mei.gonzalez5750@company.org,United Kingdom,2024-02-23,Standard,4857.1
5751,David Miller,david.miller5751@company.org,Canada,2020-11-13,Basic,491.3
5752,Amit Wang,amit.wang5752@gmail.com,United Kingdom,2023-05-12,Standard,1878.68
5753,Mary Gonzalez,mary.gonzalez5753@gmail.com,France,2023-03-18,Premium,848.79
5754,Jennifer Martinez,jennifer.martinez5754@outlook.com,Australia,2023-03-08,Standard,4946.26
5755,James Garcia,james.garcia5755@gmail.com,United Kingdom,2023-10-31,Premium,1290.77
5756,Richard Lopez,richard.lopez5756@techcorp.io,Germany,2021-08-13,Premium,1287.29
5757,Elizabeth Smith,elizabeth.smith5757@example.com,India,2024-12-26,Basic,3348.72
5758,Linda Rodriguez,linda.rodriguez5758@example.com,France,2020-09-11,Premium,4633.29
5759,Wei Rodriguez,wei.rodriguez5759@example.com,United States,2020-07-26,Standard,301.08
5760,Ananya Davis,ananya.davis5760@company.org,Brazil,2020-11-11,Basic,2235.41
5761,Arjun Verma,arjun.verma5761@gmail.com,France,2022-02-16,Standard,710.64
5762,William Gonzalez,william.gonzalez5762@techcorp.io,India,2021-12-27,Basic,4567.52
5763,Jennifer Martinez,jennifer.martinez5763@techcorp.io,India,2025-06-20,Standard,2026.83
5764,Richard Zhang,richard.zhang5764@gmail.com,Australia,2024-11-21,Standard,3339.06
5765,John Zhang,john.zhang5765@techcorp.io,Australia,2023-01-10,Basic,999.14
5766,Priya Miller,priya.miller5766@example.com,France,2024-01-13,Premium,4027.91
5767,Robert Zhang,robert.zhang5767@outlook.com,India,2023-09-08,Standard,3498.38
5768,Carlos Sharma,carlos.sharma5768@company.org,India,2024-12-04,Premium,3082.49
5769,Priya Verma,priya.verma5769@techcorp.io,Japan,2021-11-29,Premium,344.75
5770,David Garcia,david.garcia5770@techcorp.io,Canada,2021-12-31,Basic,473.94
5771,Charles Brown,charles.brown5771@techcorp.io,India,2023-03-05,Basic,2873.62
5772,Sofia Lopez,sofia.lopez5772@outlook.com,Brazil,2021-04-07,Standard,595.28
5773,James Williams,james.williams5773@yahoo.com,Brazil,2024-01-22,Premium,3531.2
5774,Carlos Lee,carlos.lee5774@company.org,United Kingdom,2021-05-10,Standard,4280.87
5775,Susan Sharma,susan.sharma5775@yahoo.com,United States,2021-05-09,Basic,4112.92
5776,James Brown,james.brown5776@example.com,Canada,2020-06-24,Basic,305.62
5777,Carlos Zhang,carlos.zhang5777@techcorp.io,Canada,2023-06-12,Standard,3110.44
5778,Thomas Zhang,thomas.zhang5778@company.org,France,2024-07-09,Standard,3139.99
5779,Sarah Williams,sarah.williams5779@techcorp.io,Brazil,2021-08-24,Standard,973.76
5780,Ananya Lopez,ananya.lopez5780@gmail.com,United Kingdom,2024-04-28,Standard,4440.23
5781,David Lopez,david.lopez5781@gmail.com,France,2023-07-02,Standard,3484.55
5782,Charles Brown,charles.brown5782@outlook.com,United Kingdom,2021-09-04,Premium,612.71
5783,Rahul Smith,rahul.smith5783@gmail.com,India,2022-02-20,Basic,2611.04
5784,Carlos Jones,carlos.jones5784@yahoo.com,India,2024-01-11,Standard,4152.67
5785,Sarah Garcia,sarah.garcia5785@yahoo.com,Canada,2022-01-19,Premium,1290.99
5786,Amit Smith,amit.smith5786@techcorp.io,Germany,2021-08-27,Premium,4389.86
5787,Sofia Rodriguez,sofia.rodriguez5787@example.com,Germany,2024-05-28,Standard,4176.47
5788,Rahul Davis,rahul.davis5788@yahoo.com,United States,2021-07-25,Standard,1272.14
5789,Wei Rodriguez,wei.rodriguez5789@yahoo.com,United Kingdom,2024-10-02,Standard,4009.22
5790,Wei Chen,wei.chen5790@example.com,France,2020-05-01,Standard,3875.15
5791,Karen Miller,karen.miller5791@techcorp.io,Brazil,2025-07-14,Premium,3545.09
5792,Carlos Singh,carlos.singh5792@techcorp.io,France,2025-04-08,Standard,306.45
5793,Sarah Wang,sarah.wang5793@example.com,Germany,2020-11-03,Basic,2271.67
5794,David Garcia,david.garcia5794@outlook.com,United States,2020-03-24,Basic,4171.17
5795,Amit Johnson,amit.johnson5795@outlook.com,India,2020-03-17,Premium,3382.41
5796,Ananya Lopez,ananya.lopez5796@techcorp.io,Japan,2021-08-15,Standard,4001.48
5797,Ananya Jones,ananya.jones5797@outlook.com,Canada,2022-01-18,Standard,1764.46
5798,Carlos Williams,carlos.williams5798@example.com,Brazil,2022-04-29,Premium,930.52
5799,Mei Singh,mei.singh5799@techcorp.io,United Kingdom,2023-07-30,Premium,967.14
5800,Sarah Brown,sarah.brown5800@company.org,Germany,2022-02-20,Standard,3258.12
5801,Priya Gonzalez,priya.gonzalez5801@yahoo.com,Japan,2024-10-12,Premium,155.64
5802,Carlos Johnson,carlos.johnson5802@outlook.com,Germany,2022-08-09,Standard,4523.75
5803,Joseph Gonzalez,joseph.gonzalez5803@yahoo.com,India,2024-02-13,Premium,1214.56
5804,Wei Williams,wei.williams5804@techcorp.io,France,2022-02-05,Premium,450.33
5805,Michael Sharma,michael.sharma5805@yahoo.com,Canada,2025-03-30,Premium,332.29
5806,James Wang,james.wang5806@techcorp.io,United States,2025-07-23,Standard,1906.03
5807,Neha Kim,neha.kim5807@company.org,Canada,2023-03-03,Premium,2910.45
5808,Karen Patel,karen.patel5808@yahoo.com,Australia,2025-02-11,Standard,2547.62
5809,Amit Singh,amit.singh5809@yahoo.com,India,2022-08-31,Premium,4675.1
5810,Ananya Sharma,ananya.sharma5810@company.org,Australia,2020-10-25,Premium,3916.65
5811,William Kim,william.kim5811@outlook.com,Australia,2023-02-12,Premium,898.01
5812,Carlos Verma,carlos.verma5812@company.org,Australia,2023-10-10,Basic,1020.92
5813,Mei Miller,mei.miller5813@techcorp.io,United States,2023-09-03,Premium,383.24
5814,Elizabeth Brown,elizabeth.brown5814@company.org,France,2022-05-02,Premium,3459.38
5815,Patricia Brown,patricia.brown5815@gmail.com,France,2025-08-01,Standard,1745.99
5816,Priya Davis,priya.davis5816@example.com,United Kingdom,2024-07-04,Standard,3683.97
5817,James Sharma,james.sharma5817@techcorp.io,United States,2022-10-28,Basic,2481.62
5818,Jessica Jones,jessica.jones5818@yahoo.com,United Kingdom,2022-12-04,Basic,2128.06
5819,Amit Wang,amit.wang5819@company.org,Japan,2020-06-10,Premium,1033.67
5820,Wei Garcia,wei.garcia5820@yahoo.com,Brazil,2021-04-03,Basic,2603.97
5821,Joseph Williams,joseph.williams5821@company.org,United Kingdom,2023-12-18,Standard,3389.99
5822,Neha Sharma,neha.sharma5822@yahoo.com,India,2020-10-16,Basic,2234.12
5823,David Lee,david.lee5823@example.com,United Kingdom,2025-08-01,Basic,398.13
5824,Elizabeth Lopez,elizabeth.lopez5824@yahoo.com,United Kingdom,2021-03-06,Basic,4981.74
5825,Thomas Patel,thomas.patel5825@yahoo.com,United Kingdom,2020-08-08,Standard,3673.42
5826,David Lee,david.lee5826@outlook.com,United States,2020-04-19,Basic,4079.49
5827,Sarah Brown,sarah.brown5827@company.org,United States,2022-09-24,Premium,2116.53
5828,Sarah Verma,sarah.verma5828@techcorp.io,India,2020-06-02,Basic,688.5
5829,Thomas Jones,thomas.jones5829@outlook.com,India,2022-11-01,Basic,2742.67
5830,Joseph Johnson,joseph.johnson5830@yahoo.com,Brazil,2022-12-08,Standard,360.27
5831,Rahul Kim,rahul.kim5831@example.com,Brazil,2024-12-30,Premium,3973.08
5832,Michael Garcia,michael.garcia5832@gmail.com,Canada,2025-05-12,Basic,1087.64
5833,Robert Smith,robert.smith5833@outlook.com,United Kingdom,2023-06-29,Premium,2503.1
5834,Michael Miller,michael.miller5834@outlook.com,Canada,2021-06-15,Basic,264.77
5835,Barbara Williams,barbara.williams5835@gmail.com,United States,2023-04-20,Standard,59.62
5836,James Gonzalez,james.gonzalez5836@outlook.com,India,2022-03-27,Basic,1210.34
5837,Barbara Sharma,barbara.sharma5837@techcorp.io,Japan,2023-05-27,Basic,284.26
5838,Jessica Jones,jessica.jones5838@techcorp.io,Germany,2022-08-08,Premium,4802.48
5839,Susan Chen,susan.chen5839@yahoo.com,India,2025-06-26,Standard,3984.81
5840,John Zhang,john.zhang5840@company.org,Brazil,2025-07-27,Premium,2790.94
5841,Mei Chen,mei.chen5841@example.com,France,2025-05-04,Premium,2217.87
5842,Barbara Williams,barbara.williams5842@yahoo.com,Brazil,2025-05-21,Standard,3298.59
5843,Robert Miller,robert.miller5843@company.org,Brazil,2020-12-10,Premium,4856.26
5844,Linda Lopez,linda.lopez5844@example.com,Germany,2020-06-19,Standard,2558.06
5845,Linda Johnson,linda.johnson5845@outlook.com,Australia,2021-04-23,Premium,1301.92
5846,David Zhang,david.zhang5846@example.com,Brazil,2020-12-12,Premium,3695.9
5847,Joseph Davis,joseph.davis5847@outlook.com,India,2020-05-05,Standard,4811.11
5848,Charles Patel,charles.patel5848@outlook.com,United States,2022-10-12,Premium,3186.72
5849,Patricia Verma,patricia.verma5849@example.com,Australia,2023-09-19,Premium,1003.89
5850,Charles Brown,charles.brown5850@company.org,Australia,2022-09-03,Premium,1986.92
5851,Robert Johnson,robert.johnson5851@outlook.com,Canada,2023-06-06,Premium,996.51
5852,Linda Lee,linda.lee5852@yahoo.com,Japan,2020-11-28,Premium,2839.53
5853,William Smith,william.smith5853@example.com,United Kingdom,2023-07-10,Standard,4487.21
5854,James Jones,james.jones5854@gmail.com,Japan,2020-11-01,Standard,1026.24
5855,Sarah Rodriguez,sarah.rodriguez5855@yahoo.com,United States,2023-11-19,Standard,3428.09
5856,Barbara Sharma,barbara.sharma5856@yahoo.com,Australia,2022-12-29,Standard,4688.0
5857,Mei Johnson,mei.johnson5857@example.com,Brazil,2024-08-19,Standard,2366.52
5858,Thomas Zhang,thomas.zhang5858@company.org,Germany,2021-07-08,Basic,3823.32
5859,Mary Johnson,mary.johnson5859@example.com,Germany,2020-02-07,Standard,157.24
5860,Arjun Lopez,arjun.lopez5860@outlook.com,Japan,2020-10-05,Basic,3922.34
5861,Elizabeth Patel,elizabeth.patel5861@gmail.com,Japan,2024-02-12,Premium,2484.32
5862,Amit Smith,amit.smith5862@outlook.com,India,2020-04-04,Premium,4928.58
5863,Sarah Singh,sarah.singh5863@example.com,Japan,2020-12-01,Premium,2121.27
5864,William Jones,william.jones5864@example.com,Germany,2023-04-12,Standard,4127.44
5865,Jessica Johnson,jessica.johnson5865@techcorp.io,Canada,2024-08-24,Standard,456.71
5866,Ananya Smith,ananya.smith5866@gmail.com,Brazil,2025-03-12,Standard,3904.01
5867,Linda Davis,linda.davis5867@yahoo.com,Australia,2025-03-12,Basic,3480.04
5868,Priya Martinez,priya.martinez5868@yahoo.com,United States,2025-03-13,Basic,716.29
5869,Wei Patel,wei.patel5869@techcorp.io,France,2025-05-31,Premium,4466.1
5870,Karen Johnson,karen.johnson5870@yahoo.com,United States,2022-12-04,Basic,2591.46
5871,Patricia Chen,patricia.chen5871@example.com,Brazil,2021-08-07,Standard,2049.52
5872,Charles Garcia,charles.garcia5872@outlook.com,Japan,2020-04-01,Standard,4282.61
5873,Patricia Brown,patricia.brown5873@techcorp.io,United Kingdom,2020-08-30,Basic,2582.71
5874,Arjun Martinez,arjun.martinez5874@yahoo.com,Germany,2022-10-10,Basic,4079.65
5875,Sofia Verma,sofia.verma5875@techcorp.io,France,2024-03-02,Basic,2575.02
5876,Patricia Garcia,patricia.garcia5876@example.com,Australia,2020-11-26,Standard,331.5
5877,Linda Rodriguez,linda.rodriguez5877@yahoo.com,Japan,2023-01-14,Basic,3657.74
5878,Robert Verma,robert.verma5878@example.com,Japan,2023-04-27,Basic,4863.9
5879,Ananya Sharma,ananya.sharma5879@yahoo.com,France,2021-07-19,Standard,502.48
5880,Rahul Jones,rahul.jones5880@yahoo.com,India,2020-10-26,Standard,1326.28
5881,Rahul Williams,rahul.williams5881@gmail.com,United States,2021-07-17,Basic,1926.94
5882,Jessica Brown,jessica.brown5882@yahoo.com,France,2022-04-15,Basic,3931.09
5883,Barbara Jones,barbara.jones5883@yahoo.com,India,2023-06-20,Standard,861.55
5884,Mei Singh,mei.singh5884@example.com,United Kingdom,2024-02-06,Basic,2824.66
5885,Priya Jones,priya.jones5885@outlook.com,France,2021-05-06,Basic,4170.97
5886,Patricia Sharma,patricia.sharma5886@techcorp.io,Canada,2023-01-11,Premium,751.26
5887,Ananya Williams,ananya.williams5887@company.org,Canada,2023-09-11,Standard,1087.79
5888,Arjun Sharma,arjun.sharma5888@company.org,Germany,2024-07-02,Premium,679.9
5889,Rahul Lopez,rahul.lopez5889@outlook.com,United States,2021-03-12,Standard,4265.0
5890,Charles Martinez,charles.martinez5890@gmail.com,Germany,2022-02-23,Basic,1014.53
5891,Sarah Verma,sarah.verma5891@company.org,United Kingdom,2023-11-25,Premium,327.02
5892,Michael Gonzalez,michael.gonzalez5892@outlook.com,Germany,2020-05-03,Standard,188.69
5893,Ananya Wang,ananya.wang5893@outlook.com,United States,2025-07-29,Premium,3344.98
5894,John Lee,john.lee5894@techcorp.io,Japan,2022-05-17,Standard,1333.27
5895,Ananya Martinez,ananya.martinez5895@yahoo.com,Australia,2022-01-10,Standard,3533.53
5896,Jessica Wang,jessica.wang5896@example.com,Japan,2022-11-02,Standard,3904.09
5897,William Lee,william.lee5897@example.com,Canada,2022-10-01,Basic,1565.29
5898,Elizabeth Johnson,elizabeth.johnson5898@gmail.com,France,2020-02-05,Standard,2863.09
5899,Mei Zhang,mei.zhang5899@yahoo.com,France,2023-05-04,Premium,2200.23
5900,Neha Chen,neha.chen5900@outlook.com,Australia,2022-05-01,Standard,2340.05
5901,Linda Kim,linda.kim5901@outlook.com,Canada,2024-04-04,Basic,2934.91
5902,Robert Brown,robert.brown5902@gmail.com,Canada,2020-04-09,Standard,827.94
5903,Barbara Rodriguez,barbara.rodriguez5903@outlook.com,United Kingdom,2024-11-17,Basic,508.27
5904,Susan Johnson,susan.johnson5904@company.org,United Kingdom,2021-08-01,Premium,3728.71
5905,Joseph Smith,joseph.smith5905@example.com,Germany,2024-06-14,Basic,1834.82
5906,Carlos Brown,carlos.brown5906@techcorp.io,Japan,2023-04-30,Basic,665.66
5907,Richard Johnson,richard.johnson5907@yahoo.com,Germany,2024-03-02,Basic,3262.97
5908,Linda Lee,linda.lee5908@outlook.com,United Kingdom,2022-11-25,Standard,4692.26
5909,Joseph Kim,joseph.kim5909@company.org,Australia,2021-09-28,Premium,4627.0
5910,Susan Williams,susan.williams5910@example.com,Canada,2024-08-23,Premium,1349.69
5911,Sofia Martinez,sofia.martinez5911@company.org,Australia,2023-12-21,Standard,3678.58
5912,Carlos Brown,carlos.brown5912@yahoo.com,Japan,2022-03-01,Premium,590.51
5913,Amit Martinez,amit.martinez5913@techcorp.io,Germany,2024-12-04,Premium,577.03
5914,Linda Jones,linda.jones5914@yahoo.com,Canada,2020-04-06,Basic,1105.72
5915,Michael Patel,michael.patel5915@techcorp.io,Germany,2025-05-02,Standard,556.69
5916,Susan Rodriguez,susan.rodriguez5916@techcorp.io,United States,2023-02-07,Basic,1426.92
5917,Sofia Patel,sofia.patel5917@outlook.com,Australia,2021-02-10,Basic,858.68
5918,Richard Davis,richard.davis5918@company.org,India,2021-05-17,Basic,1783.56
5919,Robert Jones,robert.jones5919@company.org,Germany,2020-06-04,Standard,3885.98
5920,Elizabeth Gonzalez,elizabeth.gonzalez5920@outlook.com,Australia,2021-11-26,Premium,4887.65
5921,Robert Chen,robert.chen5921@example.com,Japan,2025-05-26,Standard,953.67
5922,Karen Miller,karen.miller5922@outlook.com,Canada,2022-06-07,Basic,4108.6
5923,Carlos Chen,carlos.chen5923@yahoo.com,Germany,2024-12-09,Premium,4818.78
5924,Karen Singh,karen.singh5924@techcorp.io,Germany,2020-11-22,Standard,642.48
5925,James Jones,james.jones5925@example.com,United States,2025-06-28,Standard,3795.12
5926,John Rodriguez,john.rodriguez5926@yahoo.com,Canada,2024-04-27,Premium,3349.09
5927,Richard Sharma,richard.sharma5927@yahoo.com,Japan,2020-10-06,Standard,4517.89
5928,Jessica Davis,jessica.davis5928@gmail.com,United States,2023-12-29,Basic,71.29
5929,Charles Kim,charles.kim5929@yahoo.com,India,2025-01-30,Basic,200.09
5930,Ananya Lee,ananya.lee5930@outlook.com,United States,2025-05-04,Premium,1087.48
5931,Linda Chen,linda.chen5931@example.com,United Kingdom,2021-03-07,Basic,3080.89
5932,Michael Rodriguez,michael.rodriguez5932@gmail.com,Canada,2023-10-24,Basic,4473.93
5933,Arjun Garcia,arjun.garcia5933@techcorp.io,Japan,2024-03-08,Premium,3212.56
5934,Carlos Smith,carlos.smith5934@company.org,Germany,2024-08-14,Premium,3595.1
5935,James Lopez,james.lopez5935@gmail.com,Japan,2021-09-09,Basic,186.22
5936,Rahul Gonzalez,rahul.gonzalez5936@example.com,India,2021-10-03,Basic,2636.11
5937,Mei Rodriguez,mei.rodriguez5937@outlook.com,Germany,2022-10-01,Premium,4980.03
5938,Amit Sharma,amit.sharma5938@company.org,France,2020-06-03,Basic,1211.16
5939,John Sharma,john.sharma5939@company.org,Brazil,2025-03-17,Standard,619.19
5940,Barbara Chen,barbara.chen5940@company.org,United States,2022-03-20,Basic,1023.23
5941,Wei Kim,wei.kim5941@company.org,Brazil,2020-08-20,Standard,4325.43
5942,Carlos Lopez,carlos.lopez5942@outlook.com,India,2025-03-19,Standard,108.35
5943,Ananya Rodriguez,ananya.rodriguez5943@gmail.com,United Kingdom,2020-04-08,Basic,2246.32
5944,Rahul Kim,rahul.kim5944@example.com,Japan,2023-12-02,Premium,3518.31
5945,Jessica Sharma,jessica.sharma5945@outlook.com,Brazil,2023-10-16,Basic,2959.12
5946,Charles Brown,charles.brown5946@outlook.com,Australia,2020-06-25,Standard,3112.13
5947,Sofia Chen,sofia.chen5947@yahoo.com,United Kingdom,2024-05-19,Standard,3129.02
5948,Priya Patel,priya.patel5948@yahoo.com,Japan,2021-12-30,Premium,2174.78
5949,David Brown,david.brown5949@company.org,India,2023-03-25,Premium,714.95
5950,Elizabeth Davis,elizabeth.davis5950@techcorp.io,Brazil,2023-01-12,Premium,1653.57
5951,Mary Rodriguez,mary.rodriguez5951@example.com,Germany,2021-03-10,Standard,4389.87
5952,William Miller,william.miller5952@outlook.com,United Kingdom,2023-03-19,Basic,2157.44
5953,Carlos Patel,carlos.patel5953@example.com,Canada,2020-05-17,Standard,2801.77
5954,Priya Kim,priya.kim5954@techcorp.io,France,2024-01-14,Premium,1607.59
5955,William Lopez,william.lopez5955@gmail.com,India,2020-08-11,Standard,3245.87
5956,Sofia Singh,sofia.singh5956@example.com,Germany,2024-10-22,Standard,4750.61
5957,Thomas Chen,thomas.chen5957@company.org,United Kingdom,2025-01-17,Premium,3075.19
5958,David Miller,david.miller5958@example.com,Japan,2020-08-02,Basic,4836.73
5959,William Lee,william.lee5959@yahoo.com,India,2024-11-01,Premium,1366.55
5960,Priya Lopez,priya.lopez5960@company.org,Germany,2022-11-25,Basic,4933.5
5961,Joseph Kim,joseph.kim5961@gmail.com,Canada,2024-12-08,Basic,1498.99
5962,Jessica Gonzalez,jessica.gonzalez5962@company.org,United Kingdom,2024-05-12,Standard,387.95
5963,Thomas Chen,thomas.chen5963@outlook.com,France,2021-12-31,Standard,4504.68
5964,Carlos Lee,carlos.lee5964@yahoo.com,United States,2022-06-22,Premium,4846.69
5965,Neha Garcia,neha.garcia5965@example.com,United Kingdom,2023-11-03,Standard,633.16
5966,Barbara Patel,barbara.patel5966@example.com,Germany,2020-10-23,Basic,4270.54
5967,James Smith,james.smith5967@company.org,Australia,2025-02-18,Premium,2554.44
5968,Charles Verma,charles.verma5968@company.org,India,2024-02-13,Basic,752.21
5969,Elizabeth Garcia,elizabeth.garcia5969@outlook.com,France,2024-04-08,Basic,84.19
5970,Sarah Smith,sarah.smith5970@outlook.com,Japan,2022-05-21,Standard,3284.15
5971,Mary Miller,mary.miller5971@gmail.com,United Kingdom,2023-01-05,Basic,4114.71
5972,Linda Gonzalez,linda.gonzalez5972@example.com,Australia,2022-02-13,Basic,2962.12
5973,David Singh,david.singh5973@techcorp.io,Brazil,2022-12-29,Premium,4455.62
5974,Karen Chen,karen.chen5974@techcorp.io,Japan,2020-04-23,Premium,2516.76
5975,Mary Singh,mary.singh5975@gmail.com,United States,2025-08-04,Standard,4696.27
5976,Patricia Rodriguez,patricia.rodriguez5976@yahoo.com,United Kingdom,2024-12-28,Basic,4964.69
5977,Ananya Rodriguez,ananya.rodriguez5977@techcorp.io,India,2025-06-22,Standard,4464.1
5978,Elizabeth Miller,elizabeth.miller5978@example.com,Brazil,2024-11-27,Basic,3318.57
5979,Rahul Patel,rahul.patel5979@yahoo.com,Brazil,2025-02-20,Standard,972.97
5980,John Verma,john.verma5980@example.com,Japan,2023-05-18,Basic,3708.31
5981,William Verma,william.verma5981@company.org,France,2024-10-23,Basic,2641.44
5982,Elizabeth Kim,elizabeth.kim5982@techcorp.io,Japan,2023-06-13,Basic,1406.57
5983,Jessica Zhang,jessica.zhang5983@outlook.com,United Kingdom,2020-09-17,Standard,588.69
5984,Neha Lopez,neha.lopez5984@company.org,Brazil,2025-04-09,Basic,2120.41
5985,Amit Rodriguez,amit.rodriguez5985@techcorp.io,Germany,2020-12-02,Premium,847.11
5986,Michael Davis,michael.davis5986@company.org,Brazil,2021-10-14,Basic,1604.51
5987,Ananya Smith,ananya.smith5987@gmail.com,Japan,2021-05-18,Basic,4312.77
5988,Robert Smith,robert.smith5988@outlook.com,Canada,2022-11-25,Standard,2128.55
5989,Sofia Wang,sofia.wang5989@gmail.com,Australia,2022-12-25,Basic,3683.74
5990,Joseph Gonzalez,joseph.gonzalez5990@techcorp.io,France,2024-05-18,Basic,1518.67
5991,Susan Kim,susan.kim5991@company.org,United Kingdom,2020-12-12,Basic,2039.25
5992,Wei Martinez,wei.martinez5992@outlook.com,Japan,2024-06-29,Standard,4607.09
5993,Wei Chen,wei.chen5993@example.com,Australia,2025-04-24,Premium,2193.47
5994,Richard Rodriguez,richard.rodriguez5994@example.com,France,2020-07-10,Premium,1796.3
5995,James Zhang,james.zhang5995@techcorp.io,Australia,2021-07-26,Premium,2207.16
5996,David Sharma,david.sharma5996@yahoo.com,India,2025-07-04,Standard,357.01
5997,Charles Lopez,charles.lopez5997@company.org,Brazil,2025-07-20,Premium,715.08
5998,Sarah Zhang,sarah.zhang5998@example.com,Germany,2025-04-01,Standard,1530.48
5999,William Jones,william.jones5999@yahoo.com,United States,2024-10-31,Basic,3450.35
6000,Sarah Verma,sarah.verma6000@techcorp.io,United States,2024-08-23,Premium,892.33
6001,Wei Kim,wei.kim6001@example.com,United Kingdom,2024-11-03,Premium,1414.36
6002,Mary Patel,mary.patel6002@example.com,Germany,2023-06-04,Standard,4311.16
6003,Susan Miller,susan.miller6003@company.org,United States,2022-10-03,Basic,4010.5
6004,John Rodriguez,john.rodriguez6004@yahoo.com,United States,2022-03-05,Basic,2742.73
6005,Michael Lee,michael.lee6005@yahoo.com,United Kingdom,2020-03-22,Basic,587.05
6006,Patricia Zhang,patricia.zhang6006@outlook.com,United States,2024-06-28,Standard,1295.38
6007,Sarah Sharma,sarah.sharma6007@outlook.com,Brazil,2025-08-02,Standard,1889.08
6008,Amit Martinez,amit.martinez6008@outlook.com,Germany,2024-05-27,Basic,1750.83
6009,William Miller,william.miller6009@example.com,Japan,2022-11-02,Standard,2301.37
6010,Thomas Miller,thomas.miller6010@outlook.com,India,2025-01-29,Premium,4404.49
6011,Michael Gonzalez,michael.gonzalez6011@company.org,Japan,2020-12-30,Premium,1245.6
6012,Barbara Patel,barbara.patel6012@example.com,France,2022-10-10,Premium,4935.69
6013,Ananya Kim,ananya.kim6013@techcorp.io,Australia,2024-11-26,Premium,1289.16
6014,Joseph Gonzalez,joseph.gonzalez6014@company.org,Germany,2023-09-01,Premium,1966.02
6015,Mary Brown,mary.brown6015@company.org,India,2024-11-05,Basic,1355.5
6016,Susan Lopez,susan.lopez6016@outlook.com,Japan,2024-09-20,Premium,4747.44
6017,Charles Miller,charles.miller6017@example.com,Brazil,2023-03-09,Basic,2186.49
6018,Mei Verma,mei.verma6018@gmail.com,Japan,2025-02-17,Basic,2198.83
6019,Charles Lopez,charles.lopez6019@gmail.com,India,2020-01-17,Basic,3292.15
6020,Sofia Wang,sofia.wang6020@gmail.com,United States,2023-07-05,Premium,3718.97
6021,Mei Jones,mei.jones6021@gmail.com,United Kingdom,2025-02-03,Basic,549.25
6022,Robert Brown,robert.brown6022@outlook.com,India,2020-06-18,Premium,1406.38
6023,Barbara Patel,barbara.patel6023@yahoo.com,Canada,2023-01-13,Standard,3458.71
6024,Robert Johnson,robert.johnson6024@gmail.com,France,2023-10-10,Standard,2069.77
6025,Rahul Davis,rahul.davis6025@company.org,United Kingdom,2023-12-16,Basic,2633.52
6026,Elizabeth Miller,elizabeth.miller6026@techcorp.io,Germany,2024-04-18,Basic,1649.01
6027,Priya Kim,priya.kim6027@gmail.com,Canada,2020-02-29,Basic,315.59
6028,Jessica Sharma,jessica.sharma6028@outlook.com,Brazil,2023-03-08,Basic,3379.18
6029,Carlos Garcia,carlos.garcia6029@gmail.com,Germany,2023-03-05,Premium,1522.75
6030,Arjun Verma,arjun.verma6030@gmail.com,Japan,2023-02-20,Standard,121.69
6031,Neha Lopez,neha.lopez6031@yahoo.com,United Kingdom,2022-01-24,Premium,317.83
6032,Charles Gonzalez,charles.gonzalez6032@company.org,Japan,2020-04-10,Basic,1361.74
6033,James Martinez,james.martinez6033@yahoo.com,India,2020-04-08,Premium,109.52
6034,Jessica Brown,jessica.brown6034@techcorp.io,Brazil,2021-12-13,Basic,3404.51
6035,Amit Davis,amit.davis6035@yahoo.com,Japan,2025-04-28,Premium,3233.19
6036,Jessica Singh,jessica.singh6036@outlook.com,Australia,2022-11-19,Standard,2019.29
6037,Joseph Jones,joseph.jones6037@example.com,Australia,2025-05-02,Basic,1720.89
6038,Elizabeth Kim,elizabeth.kim6038@gmail.com,Canada,2025-04-01,Basic,939.64
6039,Richard Singh,richard.singh6039@example.com,India,2023-10-22,Premium,1272.96
6040,Michael Lee,michael.lee6040@techcorp.io,Germany,2022-12-26,Basic,2340.22
6041,Mary Jones,mary.jones6041@gmail.com,Australia,2020-08-29,Premium,536.2
6042,Carlos Rodriguez,carlos.rodriguez6042@yahoo.com,United Kingdom,2020-07-26,Standard,830.11
6043,Karen Kim,karen.kim6043@company.org,Australia,2022-01-11,Standard,4071.16
6044,Jessica Miller,jessica.miller6044@yahoo.com,India,2021-06-23,Premium,4331.1
6045,Mei Johnson,mei.johnson6045@yahoo.com,Japan,2021-04-03,Premium,3022.55
6046,Robert Chen,robert.chen6046@outlook.com,United Kingdom,2024-01-25,Standard,2336.7
6047,Sofia Williams,sofia.williams6047@outlook.com,Germany,2020-12-11,Premium,493.38
6048,Priya Garcia,priya.garcia6048@yahoo.com,United States,2024-05-22,Premium,3622.14
6049,David Lopez,david.lopez6049@gmail.com,United States,2020-01-16,Premium,1416.73
6050,William Miller,william.miller6050@example.com,Canada,2022-06-02,Standard,1371.88
6051,William Miller,william.miller6051@yahoo.com,France,2021-01-15,Standard,779.4
6052,Amit Smith,amit.smith6052@techcorp.io,United States,2025-03-13,Premium,793.72
6053,Sofia Chen,sofia.chen6053@example.com,Brazil,2022-09-05,Standard,828.19
6054,Thomas Johnson,thomas.johnson6054@techcorp.io,Brazil,2024-12-31,Premium,1632.06
6055,Jessica Brown,jessica.brown6055@gmail.com,United Kingdom,2022-02-10,Premium,3765.52
6056,Michael Johnson,michael.johnson6056@gmail.com,United States,2020-06-26,Basic,3344.73
6057,Michael Gonzalez,michael.gonzalez6057@yahoo.com,Australia,2024-10-03,Premium,4788.83
6058,Sofia Chen,sofia.chen6058@outlook.com,Canada,2024-07-06,Standard,2780.07
6059,Patricia Wang,patricia.wang6059@yahoo.com,Brazil,2023-06-19,Standard,3288.4
6060,Linda Martinez,linda.martinez6060@outlook.com,France,2022-06-06,Basic,959.86
6061,Elizabeth Patel,elizabeth.patel6061@outlook.com,France,2023-03-13,Basic,1704.21
6062,Neha Singh,neha.singh6062@techcorp.io,United Kingdom,2023-09-25,Basic,2354.42
6063,Jessica Miller,jessica.miller6063@outlook.com,India,2024-02-09,Basic,3948.66
6064,Wei Wang,wei.wang6064@example.com,France,2024-01-10,Premium,4094.21
6065,Barbara Lee,barbara.lee6065@example.com,Australia,2024-08-13,Basic,256.79
6066,Sofia Gonzalez,sofia.gonzalez6066@yahoo.com,United Kingdom,2025-01-07,Premium,1608.14
6067,Jennifer Lee,jennifer.lee6067@example.com,Canada,2022-11-15,Premium,741.38
6068,James Lee,james.lee6068@yahoo.com,Germany,2021-06-07,Standard,508.28
6069,William Sharma,william.sharma6069@outlook.com,Japan,2024-02-17,Premium,1029.9
6070,Rahul Jones,rahul.jones6070@yahoo.com,Japan,2024-06-12,Standard,273.12
6071,John Martinez,john.martinez6071@yahoo.com,France,2023-06-11,Basic,334.22
6072,Karen Wang,karen.wang6072@gmail.com,Brazil,2020-11-13,Basic,3960.87
6073,Robert Garcia,robert.garcia6073@company.org,Brazil,2021-08-07,Basic,129.9
6074,Arjun Miller,arjun.miller6074@outlook.com,Germany,2023-06-29,Premium,991.45
6075,Robert Garcia,robert.garcia6075@company.org,Australia,2020-05-14,Basic,3595.68
6076,Priya Martinez,priya.martinez6076@company.org,France,2021-06-29,Premium,1338.48
6077,Joseph Singh,joseph.singh6077@techcorp.io,Australia,2022-03-22,Premium,319.45
6078,Sarah Chen,sarah.chen6078@company.org,United Kingdom,2023-04-19,Standard,2044.23
6079,Priya Lopez,priya.lopez6079@gmail.com,United States,2024-11-30,Premium,821.35
6080,Elizabeth Patel,elizabeth.patel6080@example.com,France,2024-03-25,Premium,1577.61
6081,Sarah Davis,sarah.davis6081@example.com,United States,2023-06-20,Basic,2614.3
6082,Thomas Garcia,thomas.garcia6082@techcorp.io,Australia,2020-03-08,Premium,1668.55
6083,Charles Garcia,charles.garcia6083@outlook.com,France,2021-11-07,Premium,2409.78
6084,Jennifer Patel,jennifer.patel6084@example.com,Germany,2022-05-13,Basic,1670.6
6085,Neha Garcia,neha.garcia6085@example.com,United Kingdom,2023-05-30,Premium,4148.15
6086,Susan Kim,susan.kim6086@techcorp.io,Germany,2025-04-23,Basic,3651.9
6087,William Chen,william.chen6087@yahoo.com,United Kingdom,2022-09-13,Standard,3208.27
6088,Carlos Singh,carlos.singh6088@example.com,France,2021-03-07,Basic,1799.52
6089,Sofia Martinez,sofia.martinez6089@company.org,France,2020-12-22,Premium,288.58
6090,Richard Zhang,richard.zhang6090@example.com,Germany,2025-08-18,Premium,1961.26
6091,Neha Zhang,neha.zhang6091@techcorp.io,Brazil,2025-04-12,Premium,4836.5
6092,William Rodriguez,william.rodriguez6092@company.org,Canada,2020-03-18,Basic,3416.9
6093,Ananya Gonzalez,ananya.gonzalez6093@techcorp.io,Australia,2020-12-07,Premium,4787.53
6094,Karen Sharma,karen.sharma6094@example.com,India,2022-07-29,Premium,1533.49
6095,Mary Kim,mary.kim6095@company.org,United Kingdom,2022-08-21,Basic,2745.09
6096,Sarah Smith,sarah.smith6096@gmail.com,France,2022-02-19,Standard,2371.13
6097,Charles Williams,charles.williams6097@yahoo.com,United Kingdom,2025-07-16,Standard,3032.22
6098,Ananya Davis,ananya.davis6098@techcorp.io,Brazil,2020-01-10,Basic,3890.68
6099,Carlos Garcia,carlos.garcia6099@yahoo.com,United States,2020-11-10,Standard,1114.55
6100,Thomas Verma,thomas.verma6100@yahoo.com,United States,2020-01-25,Premium,808.78
6101,Charles Brown,charles.brown6101@outlook.com,Germany,2022-06-04,Basic,4644.49
6102,Linda Patel,linda.patel6102@techcorp.io,United Kingdom,2020-09-29,Standard,3851.72
6103,Charles Kim,charles.kim6103@yahoo.com,India,2021-11-18,Standard,275.23
6104,Linda Brown,linda.brown6104@company.org,France,2025-06-05,Basic,223.07
6105,Patricia Garcia,patricia.garcia6105@company.org,Australia,2020-03-15,Basic,533.53
6106,Arjun Chen,arjun.chen6106@example.com,Australia,2024-06-21,Premium,3502.57
6107,James Smith,james.smith6107@techcorp.io,United States,2021-03-06,Premium,2930.08
6108,Arjun Williams,arjun.williams6108@example.com,France,2023-11-04,Basic,4113.1
6109,Jennifer Martinez,jennifer.martinez6109@outlook.com,Brazil,2022-09-03,Standard,4956.38
6110,Ananya Zhang,ananya.zhang6110@example.com,India,2024-03-06,Basic,1597.45
6111,Neha Wang,neha.wang6111@outlook.com,France,2021-04-17,Basic,2352.72
6112,Rahul Johnson,rahul.johnson6112@techcorp.io,Brazil,2025-01-26,Basic,710.2
6113,Robert Kim,robert.kim6113@yahoo.com,United States,2022-11-08,Basic,280.61
6114,Linda Zhang,linda.zhang6114@gmail.com,Brazil,2022-04-07,Standard,3154.14
6115,Charles Gonzalez,charles.gonzalez6115@gmail.com,Germany,2022-04-19,Basic,610.62
6116,Priya Smith,priya.smith6116@gmail.com,Australia,2022-05-29,Basic,1363.23
6117,John Kim,john.kim6117@yahoo.com,Germany,2023-12-05,Basic,3571.42
6118,Richard Garcia,richard.garcia6118@outlook.com,Germany,2020-06-24,Basic,486.88
6119,Patricia Brown,patricia.brown6119@example.com,Japan,2023-11-19,Premium,1486.16
6120,Thomas Miller,thomas.miller6120@yahoo.com,France,2025-07-16,Premium,181.53
6121,Neha Williams,neha.williams6121@example.com,Japan,2021-03-29,Basic,4025.86
6122,Sofia Chen,sofia.chen6122@techcorp.io,Brazil,2024-08-12,Premium,721.71
6123,Karen Smith,karen.smith6123@yahoo.com,Australia,2021-01-27,Standard,984.57
6124,Richard Rodriguez,richard.rodriguez6124@yahoo.com,France,2024-12-17,Basic,3909.58
6125,Jennifer Garcia,jennifer.garcia6125@gmail.com,Canada,2020-12-08,Standard,3444.56
6126,Sofia Sharma,sofia.sharma6126@yahoo.com,United States,2023-03-04,Premium,109.03
6127,Ananya Miller,ananya.miller6127@gmail.com,Brazil,2023-02-25,Basic,350.21
6128,David Smith,david.smith6128@example.com,Australia,2023-08-02,Basic,2661.71
6129,Thomas Sharma,thomas.sharma6129@yahoo.com,Brazil,2023-04-07,Standard,4648.98
6130,Joseph Johnson,joseph.johnson6130@yahoo.com,Japan,2022-10-23,Standard,2287.82
6131,Jessica Johnson,jessica.johnson6131@techcorp.io,United States,2022-07-19,Basic,3269.54
6132,Richard Rodriguez,richard.rodriguez6132@techcorp.io,Canada,2020-06-14,Standard,4672.13
6133,Linda Sharma,linda.sharma6133@outlook.com,United States,2020-12-10,Standard,4518.71
6134,Joseph Garcia,joseph.garcia6134@example.com,Japan,2022-09-19,Premium,730.85
6135,Jennifer Lee,jennifer.lee6135@gmail.com,India,2022-08-25,Basic,103.87
6136,Patricia Williams,patricia.williams6136@yahoo.com,India,2022-03-02,Standard,187.06
6137,Carlos Miller,carlos.miller6137@example.com,Brazil,2020-05-07,Basic,4434.69
6138,Karen Johnson,karen.johnson6138@outlook.com,United States,2022-01-02,Standard,255.21
6139,David Williams,david.williams6139@gmail.com,Japan,2023-01-23,Standard,4019.76
6140,Neha Williams,neha.williams6140@example.com,United States,2024-05-28,Standard,2726.81
6141,Ananya Chen,ananya.chen6141@company.org,France,2024-07-19,Basic,3172.24
6142,John Garcia,john.garcia6142@outlook.com,United States,2025-01-08,Premium,3318.21
6143,James Martinez,james.martinez6143@techcorp.io,Canada,2020-11-24,Basic,2734.92
6144,Priya Zhang,priya.zhang6144@gmail.com,United States,2021-05-24,Basic,4984.13
6145,Mei Rodriguez,mei.rodriguez6145@outlook.com,France,2025-08-09,Premium,2040.48
6146,Joseph Singh,joseph.singh6146@gmail.com,Australia,2021-06-13,Standard,2844.25
6147,Neha Smith,neha.smith6147@gmail.com,Japan,2020-06-08,Premium,808.73
6148,Patricia Chen,patricia.chen6148@example.com,Canada,2023-09-18,Basic,4663.33
6149,Jessica Chen,jessica.chen6149@gmail.com,Germany,2021-09-16,Premium,1067.9
6150,James Rodriguez,james.rodriguez6150@techcorp.io,Australia,2022-07-31,Standard,2287.98
6151,Mei Garcia,mei.garcia6151@example.com,Japan,2021-07-10,Standard,4317.09
6152,Neha Jones,neha.jones6152@gmail.com,Australia,2022-01-17,Premium,1375.48
6153,Charles Kim,charles.kim6153@example.com,United Kingdom,2024-01-17,Premium,2535.05
6154,Jennifer Chen,jennifer.chen6154@yahoo.com,United Kingdom,2022-05-30,Premium,3637.53
6155,Amit Wang,amit.wang6155@techcorp.io,United States,2021-10-31,Premium,4510.65
6156,James Lopez,james.lopez6156@yahoo.com,Brazil,2024-06-30,Premium,2147.26
6157,Amit Lopez,amit.lopez6157@company.org,Canada,2024-04-22,Standard,2691.89
6158,William Jones,william.jones6158@techcorp.io,Japan,2022-10-14,Premium,2808.32
6159,David Patel,david.patel6159@techcorp.io,Australia,2021-06-20,Premium,1236.74
6160,John Kim,john.kim6160@techcorp.io,Brazil,2024-09-01,Premium,2297.17
6161,Jennifer Jones,jennifer.jones6161@example.com,United Kingdom,2023-09-27,Basic,4160.66
6162,Mei Martinez,mei.martinez6162@gmail.com,France,2021-10-09,Basic,4267.89
6163,Susan Singh,susan.singh6163@yahoo.com,United Kingdom,2023-01-11,Basic,627.62
6164,Amit Jones,amit.jones6164@gmail.com,Australia,2024-06-19,Premium,1021.41
6165,Carlos Sharma,carlos.sharma6165@yahoo.com,France,2022-05-17,Standard,898.07
6166,Mei Zhang,mei.zhang6166@company.org,France,2022-01-15,Basic,1015.04
6167,Joseph Johnson,joseph.johnson6167@outlook.com,Canada,2022-12-26,Standard,1847.2
6168,Amit Brown,amit.brown6168@techcorp.io,Canada,2022-04-13,Standard,4362.75
6169,Sofia Jones,sofia.jones6169@gmail.com,India,2021-03-07,Standard,1730.69
6170,Carlos Lee,carlos.lee6170@outlook.com,Canada,2023-09-23,Standard,3225.65
6171,Jennifer Williams,jennifer.williams6171@techcorp.io,Brazil,2023-05-10,Basic,4288.65
6172,Arjun Martinez,arjun.martinez6172@example.com,United Kingdom,2021-03-25,Standard,419.24
6173,Karen Brown,karen.brown6173@gmail.com,France,2023-01-23,Standard,3226.32
6174,Jennifer Rodriguez,jennifer.rodriguez6174@techcorp.io,France,2023-03-26,Basic,2953.85
6175,Carlos Zhang,carlos.zhang6175@example.com,Germany,2022-11-03,Standard,3655.78
6176,David Miller,david.miller6176@techcorp.io,Brazil,2025-07-23,Standard,3835.13
6177,Charles Brown,charles.brown6177@outlook.com,United Kingdom,2020-01-09,Basic,2350.35
6178,Ananya Brown,ananya.brown6178@outlook.com,Australia,2020-11-04,Premium,1140.19
6179,William Wang,william.wang6179@company.org,Germany,2022-08-18,Basic,1731.04
6180,Joseph Kim,joseph.kim6180@yahoo.com,Canada,2023-08-21,Premium,1023.02
6181,John Smith,john.smith6181@techcorp.io,Brazil,2021-01-10,Basic,1292.42
6182,Elizabeth Davis,elizabeth.davis6182@techcorp.io,Japan,2024-04-21,Basic,1577.27
6183,Neha Johnson,neha.johnson6183@techcorp.io,India,2023-01-05,Premium,2108.03
6184,Susan Singh,susan.singh6184@techcorp.io,France,2021-04-12,Premium,181.1
6185,Ananya Lopez,ananya.lopez6185@techcorp.io,France,2022-09-19,Premium,2257.08
6186,Elizabeth Lopez,elizabeth.lopez6186@gmail.com,Germany,2020-09-18,Premium,4568.67
6187,Karen Gonzalez,karen.gonzalez6187@gmail.com,France,2023-10-17,Basic,2152.47
6188,Mei Rodriguez,mei.rodriguez6188@example.com,India,2023-12-04,Premium,94.49
6189,Patricia Garcia,patricia.garcia6189@outlook.com,United States,2021-07-22,Premium,4955.14
6190,John Singh,john.singh6190@gmail.com,United States,2022-11-07,Basic,976.87
6191,Jessica Garcia,jessica.garcia6191@company.org,Brazil,2024-08-29,Premium,4811.52
6192,Rahul Jones,rahul.jones6192@gmail.com,Germany,2020-09-03,Premium,1986.0
6193,John Rodriguez,john.rodriguez6193@techcorp.io,Brazil,2023-04-24,Basic,1891.03
6194,Mei Chen,mei.chen6194@company.org,France,2024-04-08,Premium,3042.33
6195,Rahul Chen,rahul.chen6195@company.org,Canada,2021-11-02,Basic,4660.6
6196,Rahul Williams,rahul.williams6196@outlook.com,India,2023-02-13,Standard,725.25
6197,Richard Smith,richard.smith6197@techcorp.io,Japan,2022-07-01,Standard,889.42
6198,Amit Kim,amit.kim6198@example.com,India,2023-12-20,Premium,1872.66
6199,Thomas Sharma,thomas.sharma6199@techcorp.io,Canada,2025-02-14,Standard,3315.51
6200,Amit Singh,amit.singh6200@yahoo.com,Japan,2021-11-29,Premium,1186.63
6201,David Sharma,david.sharma6201@example.com,Japan,2025-04-05,Premium,4112.93
6202,Rahul Kim,rahul.kim6202@yahoo.com,France,2024-12-21,Standard,128.55
6203,Elizabeth Gonzalez,elizabeth.gonzalez6203@gmail.com,United States,2024-02-20,Premium,1131.17
6204,William Kim,william.kim6204@gmail.com,Australia,2020-01-19,Standard,4095.67
6205,Linda Lee,linda.lee6205@gmail.com,United Kingdom,2023-10-28,Standard,3723.27
6206,Mei Jones,mei.jones6206@company.org,Australia,2024-08-05,Premium,3181.99
6207,Richard Singh,richard.singh6207@techcorp.io,United States,2024-09-12,Basic,1818.27
6208,Priya Chen,priya.chen6208@example.com,United States,2025-06-14,Standard,4234.04
6209,Ananya Garcia,ananya.garcia6209@gmail.com,United States,2020-12-28,Premium,1490.27
6210,Richard Garcia,richard.garcia6210@techcorp.io,Germany,2024-04-04,Standard,4200.38
6211,Elizabeth Brown,elizabeth.brown6211@company.org,United States,2021-06-19,Standard,1758.9
6212,Elizabeth Johnson,elizabeth.johnson6212@company.org,Australia,2022-08-17,Standard,2056.13
6213,Linda Sharma,linda.sharma6213@yahoo.com,Canada,2022-09-27,Standard,3875.77
6214,Arjun Lee,arjun.lee6214@outlook.com,United States,2025-01-05,Premium,4477.82
6215,Sofia Verma,sofia.verma6215@outlook.com,Japan,2022-07-04,Standard,4383.64
6216,William Kim,william.kim6216@techcorp.io,Australia,2021-09-25,Standard,426.44
6217,Jennifer Sharma,jennifer.sharma6217@techcorp.io,Brazil,2023-04-04,Standard,2316.93
6218,Charles Gonzalez,charles.gonzalez6218@gmail.com,India,2025-07-07,Standard,3875.65
6219,Mei Garcia,mei.garcia6219@example.com,Germany,2023-01-26,Premium,3443.98
6220,Mei Singh,mei.singh6220@outlook.com,Germany,2022-05-06,Premium,2017.17
6221,William Lee,william.lee6221@company.org,United States,2021-08-05,Basic,4108.67
6222,Priya Zhang,priya.zhang6222@outlook.com,Canada,2020-06-04,Standard,54.56
6223,Sarah Rodriguez,sarah.rodriguez6223@gmail.com,Australia,2020-12-02,Basic,1450.2
6224,Susan Lee,susan.lee6224@techcorp.io,Australia,2025-04-08,Standard,1145.81
6225,Amit Kim,amit.kim6225@outlook.com,India,2022-04-06,Premium,4710.86
6226,Mei Wang,mei.wang6226@example.com,United Kingdom,2023-09-28,Basic,3094.38
6227,Susan Williams,susan.williams6227@outlook.com,Germany,2024-11-14,Premium,879.52
6228,William Johnson,william.johnson6228@company.org,Australia,2021-07-30,Basic,2019.47
6229,Linda Miller,linda.miller6229@outlook.com,France,2020-11-08,Basic,2659.69
6230,Jessica Zhang,jessica.zhang6230@example.com,United Kingdom,2025-01-12,Basic,2630.33
6231,Rahul Patel,rahul.patel6231@outlook.com,United Kingdom,2022-06-14,Premium,2562.56
6232,Elizabeth Brown,elizabeth.brown6232@techcorp.io,India,2025-05-24,Basic,4032.02
6233,Ananya Patel,ananya.patel6233@gmail.com,United Kingdom,2022-04-08,Premium,4026.71
6234,Linda Johnson,linda.johnson6234@company.org,Australia,2023-04-10,Standard,479.84
6235,Rahul Martinez,rahul.martinez6235@yahoo.com,France,2024-10-26,Basic,3341.6
6236,Priya Smith,priya.smith6236@techcorp.io,United Kingdom,2020-12-23,Basic,2382.57
6237,Sarah Kim,sarah.kim6237@gmail.com,Germany,2020-09-30,Basic,2922.74
6238,Sofia Singh,sofia.singh6238@example.com,France,2025-08-04,Standard,3926.46
6239,Joseph Davis,joseph.davis6239@example.com,Australia,2025-02-11,Standard,1590.2
6240,Barbara Martinez,barbara.martinez6240@outlook.com,United States,2022-05-02,Standard,4502.6
6241,Thomas Brown,thomas.brown6241@company.org,Australia,2022-10-21,Basic,1823.23
6242,Neha Brown,neha.brown6242@gmail.com,United States,2021-07-26,Standard,3140.1
6243,Charles Sharma,charles.sharma6243@outlook.com,United Kingdom,2022-08-20,Basic,2709.91
6244,Neha Jones,neha.jones6244@yahoo.com,United Kingdom,2022-02-11,Premium,4733.67
6245,John Miller,john.miller6245@outlook.com,India,2023-06-29,Premium,2624.11
6246,David Smith,david.smith6246@example.com,United States,2021-08-09,Standard,1289.48
6247,Susan Jones,susan.jones6247@example.com,United States,2024-04-28,Standard,1443.13
6248,Patricia Sharma,patricia.sharma6248@techcorp.io,India,2023-05-01,Standard,4084.08
6249,Jessica Singh,jessica.singh6249@yahoo.com,India,2024-09-16,Standard,2834.31
6250,Linda Rodriguez,linda.rodriguez6250@techcorp.io,Germany,2025-01-30,Premium,4399.81
6251,Carlos Lee,carlos.lee6251@example.com,United Kingdom,2020-08-11,Basic,2936.5
6252,Mary Singh,mary.singh6252@company.org,Australia,2025-05-11,Basic,1757.14
6253,Priya Johnson,priya.johnson6253@yahoo.com,United Kingdom,2024-01-19,Premium,3119.02
6254,Joseph Chen,joseph.chen6254@gmail.com,Germany,2024-03-12,Premium,944.65
6255,William Zhang,william.zhang6255@company.org,India,2023-05-14,Premium,1823.27
6256,John Patel,john.patel6256@techcorp.io,Australia,2020-10-02,Premium,3549.0
6257,Charles Rodriguez,charles.rodriguez6257@outlook.com,France,2023-04-15,Standard,2191.17
6258,Arjun Sharma,arjun.sharma6258@yahoo.com,United Kingdom,2020-01-25,Basic,1326.25
6259,Barbara Garcia,barbara.garcia6259@outlook.com,Germany,2024-03-18,Standard,2714.81
6260,David Rodriguez,david.rodriguez6260@example.com,United States,2020-10-10,Premium,2960.22
6261,Arjun Wang,arjun.wang6261@company.org,Australia,2020-07-03,Basic,4471.79
6262,Elizabeth Patel,elizabeth.patel6262@example.com,United States,2022-07-24,Standard,2475.96
6263,Arjun Gonzalez,arjun.gonzalez6263@outlook.com,United States,2021-06-09,Premium,3503.51
6264,Mary Martinez,mary.martinez6264@techcorp.io,India,2025-03-05,Standard,4506.53
6265,Mary Gonzalez,mary.gonzalez6265@example.com,United Kingdom,2023-01-10,Premium,4260.55
6266,Mary Davis,mary.davis6266@gmail.com,France,2021-02-04,Basic,3334.93
6267,James Wang,james.wang6267@company.org,Germany,2020-12-25,Standard,4431.95
6268,Barbara Wang,barbara.wang6268@outlook.com,Germany,2025-06-21,Standard,1478.48
6269,Jennifer Zhang,jennifer.zhang6269@techcorp.io,United Kingdom,2021-05-29,Premium,3784.49
6270,Jessica Zhang,jessica.zhang6270@outlook.com,India,2023-12-25,Premium,308.54
6271,Sofia Patel,sofia.patel6271@company.org,Brazil,2020-10-14,Standard,1824.94
6272,Joseph Brown,joseph.brown6272@techcorp.io,Australia,2024-02-03,Standard,3402.85
6273,John Singh,john.singh6273@example.com,Brazil,2023-05-20,Basic,2850.08
6274,Susan Davis,susan.davis6274@example.com,Canada,2024-07-26,Premium,120.05
6275,Charles Verma,charles.verma6275@outlook.com,India,2024-08-19,Basic,4324.91
6276,John Davis,john.davis6276@yahoo.com,Australia,2024-08-28,Basic,977.46
6277,William Verma,,Brazil,2021-08-31,Standard,2004.89
6278,Richard Williams,richard.williams6278@company.org,Germany,2020-11-29,Basic,3224.13
6279,Susan Lee,susan.lee6279@example.com,Canada,2024-05-07,Premium,2456.12
6280,Elizabeth Zhang,elizabeth.zhang6280@example.com,Brazil,2024-07-30,Premium,1031.07
6281,Charles Singh,charles.singh6281@yahoo.com,United States,2023-11-24,Basic,2498.57
6282,Mary Rodriguez,mary.rodriguez6282@techcorp.io,United Kingdom,2024-05-11,Premium,4381.51
6283,Jennifer Garcia,jennifer.garcia6283@outlook.com,India,2024-09-24,Standard,709.08
6284,James Brown,james.brown6284@yahoo.com,Japan,2023-02-27,Standard,2952.73
6285,Amit Smith,amit.smith6285@gmail.com,Japan,2024-05-18,Basic,4866.48
6286,Arjun Lopez,arjun.lopez6286@gmail.com,Brazil,2024-10-07,Basic,2360.12
6287,Priya Gonzalez,priya.gonzalez6287@gmail.com,Brazil,2024-01-26,Premium,1762.2
6288,Ananya Patel,ananya.patel6288@gmail.com,France,2021-09-06,Basic,1003.61
6289,Susan Miller,susan.miller6289@outlook.com,France,2025-04-10,Basic,3223.81
6290,Barbara Wang,barbara.wang6290@example.com,Australia,2024-05-22,Premium,3670.48
6291,Jennifer Lopez,jennifer.lopez6291@company.org,Canada,2020-09-22,Basic,4006.33
6292,Carlos Smith,carlos.smith6292@techcorp.io,United States,2022-06-08,Premium,838.77
6293,Michael Smith,michael.smith6293@yahoo.com,Germany,2023-06-17,Premium,911.87
6294,Joseph Martinez,joseph.martinez6294@techcorp.io,France,2022-04-27,Premium,3979.33
6295,Robert Davis,robert.davis6295@outlook.com,France,2020-11-27,Basic,2806.11
6296,Amit Jones,amit.jones6296@gmail.com,United Kingdom,2020-01-14,Premium,4223.19
6297,Mei Lee,mei.lee6297@outlook.com,Brazil,2024-08-18,Basic,3323.52
6298,Sarah Sharma,sarah.sharma6298@yahoo.com,India,2021-02-25,Basic,3296.51
6299,Jennifer Zhang,jennifer.zhang6299@gmail.com,Japan,2025-06-07,Premium,198.6
6300,Michael Gonzalez,michael.gonzalez6300@example.com,France,2024-04-25,Standard,1181.25
6301,Rahul Lopez,rahul.lopez6301@outlook.com,Japan,2021-12-18,Premium,414.51
6302,Linda Garcia,linda.garcia6302@example.com,Australia,2023-02-20,Standard,100.35
6303,Michael Wang,michael.wang6303@company.org,United States,2021-12-09,Premium,3336.9
6304,William Smith,william.smith6304@yahoo.com,Japan,2024-01-19,Basic,1757.93
6305,Amit Miller,amit.miller6305@techcorp.io,India,2022-04-02,Basic,3566.94
6306,Neha Sharma,neha.sharma6306@yahoo.com,Japan,2023-09-13,Standard,2285.56
6307,Patricia Lee,patricia.lee6307@techcorp.io,Australia,2020-07-13,Premium,1285.15
6308,Barbara Patel,barbara.patel6308@company.org,Japan,2020-09-09,Standard,3958.95
6309,Robert Patel,robert.patel6309@outlook.com,Germany,2023-03-09,Premium,1495.94
6310,Sarah Lopez,sarah.lopez6310@gmail.com,Brazil,2023-12-27,Basic,4006.65
6311,Karen Zhang,karen.zhang6311@yahoo.com,Brazil,2021-11-24,Basic,4539.33
6312,John Sharma,john.sharma6312@gmail.com,Canada,2025-03-27,Standard,2508.43
6313,William Lee,william.lee6313@gmail.com,United Kingdom,2024-06-26,Premium,470.25
6314,Mei Verma,mei.verma6314@example.com,France,2023-11-19,Basic,2565.31
6315,Jennifer Jones,jennifer.jones6315@techcorp.io,France,2021-03-20,Premium,3294.78
6316,Priya Rodriguez,priya.rodriguez6316@techcorp.io,United States,2021-06-20,Premium,1559.36
6317,Mei Rodriguez,mei.rodriguez6317@company.org,Canada,2022-02-16,Premium,4269.66
6318,Wei Rodriguez,wei.rodriguez6318@techcorp.io,Australia,2025-02-19,Standard,4176.6
6319,Susan Patel,susan.patel6319@gmail.com,United Kingdom,2024-11-24,Standard,3145.4
6320,James Johnson,james.johnson6320@techcorp.io,India,2024-02-14,Premium,1766.06
6321,Richard Chen,richard.chen6321@company.org,United Kingdom,2021-08-03,Basic,2843.39
6322,Rahul Verma,rahul.verma6322@company.org,United Kingdom,2024-04-20,Basic,4622.23
6323,Charles Martinez,charles.martinez6323@gmail.com,Germany,2025-02-25,Basic,2104.59
6324,Patricia Kim,patricia.kim6324@outlook.com,United Kingdom,2024-08-05,Basic,3542.09
6325,Jessica Kim,jessica.kim6325@gmail.com,Japan,2021-07-10,Basic,3361.26
6326,James Davis,james.davis6326@techcorp.io,United Kingdom,2021-02-14,Basic,831.82
6327,Arjun Lee,arjun.lee6327@company.org,France,2024-06-10,Standard,2171.62
6328,Linda Chen,linda.chen6328@yahoo.com,United States,2022-03-27,Premium,2246.8
6329,Elizabeth Rodriguez,elizabeth.rodriguez6329@company.org,United Kingdom,2024-03-17,Standard,2131.61
6330,James Chen,james.chen6330@techcorp.io,India,2020-01-11,Standard,2057.88
6331,Mei Sharma,mei.sharma6331@example.com,Canada,2022-03-04,Premium,2069.79
6332,Jessica Johnson,jessica.johnson6332@outlook.com,Canada,2024-05-20,Standard,1046.07
6333,Linda Williams,linda.williams6333@example.com,Canada,2020-01-24,Premium,4734.05
6334,David Rodriguez,david.rodriguez6334@example.com,Brazil,2025-07-21,Premium,4836.26
6335,Amit Johnson,amit.johnson6335@outlook.com,Brazil,2025-08-20,Standard,2692.31
6336,Mary Garcia,mary.garcia6336@outlook.com,United Kingdom,2021-01-22,Basic,4839.68
6337,Ananya Garcia,ananya.garcia6337@example.com,France,2021-06-07,Standard,1397.0
6338,Jessica Zhang,jessica.zhang6338@gmail.com,United States,2023-09-04,Premium,306.16
6339,James Williams,james.williams6339@outlook.com,France,2021-05-15,Standard,3061.56
6340,Joseph Smith,joseph.smith6340@gmail.com,United States,2020-10-15,Premium,3374.04
6341,Carlos Johnson,carlos.johnson6341@example.com,United Kingdom,2023-08-04,Standard,1992.82
6342,Sofia Davis,sofia.davis6342@techcorp.io,Canada,2025-07-25,Standard,1257.86
6343,Richard Lee,richard.lee6343@yahoo.com,United States,2023-02-05,Basic,1092.81
6344,Charles Zhang,charles.zhang6344@outlook.com,France,2025-08-01,Basic,2642.2
6345,Robert Brown,robert.brown6345@yahoo.com,United States,2023-12-05,Standard,672.97
6346,Priya Kim,priya.kim6346@techcorp.io,Canada,2021-12-18,Standard,3169.78
6347,Patricia Williams,patricia.williams6347@company.org,United States,2022-03-15,Standard,3025.76
6348,Mei Smith,mei.smith6348@company.org,Canada,2021-11-11,Premium,2908.19
6349,John Garcia,john.garcia6349@outlook.com,Japan,2020-05-28,Premium,3432.04
6350,Arjun Jones,arjun.jones6350@yahoo.com,Brazil,2025-01-07,Premium,2122.75
6351,Joseph Patel,joseph.patel6351@example.com,United States,2024-05-05,Basic,4215.64
6352,Thomas Lee,thomas.lee6352@outlook.com,India,2022-04-07,Standard,132.64
6353,Michael Lee,michael.lee6353@company.org,Japan,2022-06-11,Premium,2332.62
6354,Elizabeth Gonzalez,elizabeth.gonzalez6354@yahoo.com,United States,2021-02-13,Premium,1022.94
6355,Linda Garcia,linda.garcia6355@techcorp.io,United Kingdom,2025-01-07,Premium,92.19
6356,Richard Patel,richard.patel6356@yahoo.com,Brazil,2021-11-14,Basic,2386.02
6357,Barbara Martinez,barbara.martinez6357@company.org,India,2023-08-27,Basic,1151.19
6358,Wei Brown,wei.brown6358@gmail.com,Japan,2024-08-26,Basic,1738.55
6359,Wei Chen,wei.chen6359@example.com,Japan,2025-07-13,Basic,2984.93
6360,Amit Kim,amit.kim6360@company.org,Germany,2020-05-16,Basic,342.42
6361,Robert Zhang,robert.zhang6361@example.com,Australia,2024-11-28,Standard,215.81
6362,Thomas Lopez,thomas.lopez6362@yahoo.com,United Kingdom,2020-02-22,Basic,2117.35
6363,Richard Chen,richard.chen6363@example.com,Brazil,2025-05-28,Basic,2993.44
6364,Rahul Garcia,,Japan,2021-12-17,Standard,1651.96
6365,Arjun Chen,arjun.chen6365@gmail.com,United Kingdom,2024-07-16,Standard,2902.13
6366,Susan Wang,susan.wang6366@outlook.com,Australia,2021-01-23,Premium,3738.25
6367,David Davis,david.davis6367@example.com,Australia,2021-12-28,Standard,2244.84
6368,Elizabeth Martinez,elizabeth.martinez6368@techcorp.io,Brazil,2021-08-21,Standard,740.5
6369,Susan Gonzalez,susan.gonzalez6369@company.org,United States,2021-04-05,Premium,1858.24
6370,Patricia Brown,patricia.brown6370@gmail.com,Australia,2024-11-07,Standard,4471.12
6371,Ananya Davis,ananya.davis6371@company.org,Australia,2020-11-01,Standard,2326.74
6372,Elizabeth Singh,elizabeth.singh6372@example.com,United States,2024-02-17,Basic,3322.04
6373,Arjun Kim,arjun.kim6373@gmail.com,Brazil,2022-04-08,Premium,3689.4
6374,John Lee,john.lee6374@yahoo.com,Canada,2024-11-12,Standard,3527.61
6375,Jennifer Wang,jennifer.wang6375@outlook.com,Brazil,2024-10-20,Basic,1280.69
6376,Rahul Martinez,rahul.martinez6376@techcorp.io,Australia,2024-03-23,Basic,3456.35
6377,Mei Miller,mei.miller6377@company.org,Germany,2022-09-27,Standard,3137.16
6378,Carlos Verma,carlos.verma6378@yahoo.com,Canada,2023-08-07,Standard,315.3
6379,John Sharma,john.sharma6379@outlook.com,Japan,2021-06-30,Standard,1002.27
6380,Sarah Smith,sarah.smith6380@techcorp.io,United Kingdom,2021-11-11,Standard,4977.08
6381,Neha Jones,neha.jones6381@example.com,India,2024-03-26,Basic,3342.21
6382,Neha Patel,neha.patel6382@yahoo.com,Brazil,2024-03-27,Premium,4680.85
6383,Neha Rodriguez,neha.rodriguez6383@example.com,France,2022-01-06,Basic,3181.35
6384,James Miller,james.miller6384@techcorp.io,Brazil,2023-11-12,Premium,4968.2
6385,Jessica Kim,jessica.kim6385@example.com,Germany,2024-08-19,Premium,525.11
6386,Mei Miller,mei.miller6386@gmail.com,Germany,2022-01-02,Premium,2880.96
6387,William Williams,william.williams6387@techcorp.io,Germany,2022-07-02,Basic,2576.62
6388,Amit Smith,amit.smith6388@example.com,Germany,2023-11-28,Basic,3441.76
6389,William Brown,william.brown6389@company.org,Australia,2023-01-29,Standard,1871.88
6390,John Kim,john.kim6390@company.org,Germany,2023-07-27,Premium,4492.83
6391,Carlos Davis,carlos.davis6391@gmail.com,Canada,2020-01-15,Basic,4458.17
6392,Barbara Patel,barbara.patel6392@yahoo.com,United States,2022-04-11,Basic,2550.18
6393,Susan Wang,susan.wang6393@yahoo.com,Australia,2023-05-25,Premium,94.9
6394,Joseph Lee,joseph.lee6394@company.org,France,2024-01-15,Standard,546.3
6395,Wei Zhang,wei.zhang6395@company.org,France,2021-07-24,Basic,1013.76
6396,Arjun Verma,arjun.verma6396@gmail.com,Brazil,2024-09-07,Basic,4259.65
6397,Susan Kim,susan.kim6397@outlook.com,France,2023-04-11,Premium,1091.12
6398,Joseph Patel,joseph.patel6398@gmail.com,Brazil,2021-12-17,Basic,150.41
6399,Jennifer Verma,jennifer.verma6399@company.org,Japan,2021-12-26,Premium,3010.03
6400,Rahul Gonzalez,rahul.gonzalez6400@outlook.com,France,2025-03-27,Premium,1106.67
6401,Michael Williams,michael.williams6401@example.com,United Kingdom,2022-09-26,Basic,4267.05
6402,Elizabeth Patel,elizabeth.patel6402@gmail.com,India,2025-04-05,Basic,3733.89
6403,Carlos Jones,carlos.jones6403@company.org,United States,2022-08-23,Basic,3519.94
6404,Richard Martinez,richard.martinez6404@company.org,United States,2023-03-09,Premium,2523.07
6405,Charles Williams,charles.williams6405@techcorp.io,India,2024-11-09,Basic,1307.93
6406,Rahul Davis,rahul.davis6406@techcorp.io,United States,2022-07-25,Basic,352.26
6407,Amit Brown,amit.brown6407@example.com,France,2022-08-20,Standard,2186.09
6408,Arjun Jones,arjun.jones6408@company.org,Canada,2024-01-26,Standard,1564.83
6409,Elizabeth Smith,elizabeth.smith6409@company.org,Australia,2025-02-01,Premium,4573.25
6410,Mei Patel,mei.patel6410@yahoo.com,Germany,2023-12-12,Basic,3830.85
6411,Patricia Gonzalez,patricia.gonzalez6411@gmail.com,Brazil,2023-07-02,Premium,2163.6
6412,Mary Patel,mary.patel6412@techcorp.io,France,2020-06-28,Premium,3316.13
6413,Mary Garcia,mary.garcia6413@example.com,United States,2023-04-28,Standard,2976.13
6414,Rahul Brown,rahul.brown6414@example.com,Canada,2023-10-06,Basic,2580.01
6415,Rahul Lopez,rahul.lopez6415@gmail.com,France,2021-07-03,Standard,1423.41
6416,James Singh,james.singh6416@example.com,Japan,2023-03-25,Standard,4934.42
6417,Mei Davis,mei.davis6417@yahoo.com,India,2024-10-29,Standard,327.09
6418,Jennifer Rodriguez,jennifer.rodriguez6418@yahoo.com,United Kingdom,2022-03-09,Standard,1367.08
6419,William Smith,william.smith6419@example.com,India,2020-10-04,Premium,4628.77
6420,Priya Chen,priya.chen6420@yahoo.com,Brazil,2024-03-15,Basic,886.21
6421,Priya Smith,priya.smith6421@outlook.com,United States,2024-10-09,Standard,2250.31
6422,William Kim,william.kim6422@outlook.com,United Kingdom,2022-06-29,Premium,1036.04
6423,Patricia Wang,patricia.wang6423@gmail.com,Canada,2025-02-07,Premium,3813.76
6424,Barbara Rodriguez,barbara.rodriguez6424@techcorp.io,India,2021-11-30,Premium,4599.6
6425,Mei Kim,mei.kim6425@techcorp.io,Germany,2023-04-13,Premium,929.98
6426,James Garcia,james.garcia6426@company.org,Brazil,2020-10-22,Standard,3941.39
6427,Jennifer Johnson,jennifer.johnson6427@company.org,Australia,2021-07-22,Basic,4231.48
6428,Mei Patel,mei.patel6428@company.org,United States,2021-05-07,Basic,2114.42
6429,Susan Garcia,susan.garcia6429@outlook.com,United States,2023-09-03,Basic,2412.27
6430,Linda Jones,linda.jones6430@outlook.com,India,2022-08-06,Premium,1511.96
6431,Mary Davis,mary.davis6431@techcorp.io,Germany,2024-02-05,Basic,3722.25
6432,Jennifer Wang,jennifer.wang6432@outlook.com,France,2021-09-14,Basic,2827.71
6433,Thomas Martinez,thomas.martinez6433@outlook.com,United States,2022-08-08,Standard,3229.67
6434,Barbara Rodriguez,barbara.rodriguez6434@yahoo.com,Canada,2021-09-24,Premium,2832.6
6435,Barbara Zhang,barbara.zhang6435@gmail.com,United Kingdom,2022-07-09,Basic,2637.55
6436,Rahul Rodriguez,rahul.rodriguez6436@gmail.com,Canada,2024-08-12,Premium,1266.67
6437,Robert Lee,robert.lee6437@techcorp.io,United States,2023-07-31,Basic,1696.86
6438,Mary Rodriguez,mary.rodriguez6438@techcorp.io,Brazil,2025-07-22,Premium,573.75
6439,Charles Smith,charles.smith6439@outlook.com,India,2021-05-28,Basic,2359.79
6440,Jennifer Brown,jennifer.brown6440@gmail.com,United States,2025-06-02,Standard,1480.25
6441,Jessica Lee,jessica.lee6441@techcorp.io,United Kingdom,2021-03-15,Premium,405.03
6442,Patricia Wang,patricia.wang6442@outlook.com,United States,2020-05-01,Basic,3564.62
6443,Barbara Patel,barbara.patel6443@company.org,Brazil,2023-02-08,Premium,2010.83
6444,Priya Wang,priya.wang6444@yahoo.com,Japan,2023-04-18,Standard,3014.43
6445,Richard Patel,richard.patel6445@gmail.com,Japan,2021-07-07,Basic,1999.1
6446,Neha Johnson,neha.johnson6446@outlook.com,Japan,2022-12-14,Basic,782.5
6447,Sarah Brown,sarah.brown6447@company.org,United States,2022-03-01,Standard,2607.95
6448,Michael Zhang,michael.zhang6448@techcorp.io,Germany,2023-12-27,Basic,3963.06
6449,Priya Lee,priya.lee6449@techcorp.io,Canada,2020-01-20,Standard,1118.93
6450,Linda Verma,linda.verma6450@gmail.com,France,2020-03-15,Basic,2009.82
6451,Arjun Sharma,arjun.sharma6451@example.com,Japan,2024-03-09,Basic,3465.21
6452,Susan Singh,susan.singh6452@company.org,Canada,2020-07-29,Basic,3348.87
6453,Patricia Singh,patricia.singh6453@yahoo.com,France,2025-04-08,Premium,394.01
6454,David Jones,david.jones6454@outlook.com,Brazil,2020-10-01,Basic,1724.6
6455,Jessica Patel,jessica.patel6455@outlook.com,Germany,2022-07-31,Premium,1140.06
6456,Michael Lopez,michael.lopez6456@outlook.com,United Kingdom,2024-02-10,Basic,3715.46
6457,Carlos Patel,carlos.patel6457@gmail.com,Brazil,2023-11-17,Basic,945.16
6458,Ananya Kim,ananya.kim6458@example.com,United Kingdom,2023-04-03,Premium,4332.13
6459,John Williams,john.williams6459@outlook.com,Japan,2023-06-01,Standard,4892.46
6460,William Wang,william.wang6460@yahoo.com,Japan,2025-03-12,Basic,1413.52
6461,Charles Lopez,charles.lopez6461@gmail.com,France,2025-02-22,Premium,385.87
6462,Elizabeth Verma,elizabeth.verma6462@example.com,Australia,2025-05-17,Standard,1203.42
6463,Richard Brown,richard.brown6463@gmail.com,United Kingdom,2022-10-24,Basic,1748.46
6464,Michael Patel,michael.patel6464@company.org,India,2020-07-28,Premium,4332.93
6465,James Martinez,james.martinez6465@gmail.com,Japan,2023-07-09,Standard,3143.25
6466,William Miller,william.miller6466@gmail.com,Japan,2021-10-23,Basic,4494.32
6467,Thomas Zhang,thomas.zhang6467@example.com,Japan,2020-10-06,Premium,3608.6
6468,Sofia Lee,sofia.lee6468@company.org,India,2024-05-04,Standard,2556.19
6469,Jennifer Davis,jennifer.davis6469@example.com,United Kingdom,2023-06-16,Basic,637.64
6470,William Kim,william.kim6470@outlook.com,Japan,2024-09-14,Standard,4668.57
6471,Patricia Jones,patricia.jones6471@example.com,Australia,2025-05-08,Premium,841.07
6472,Wei Williams,wei.williams6472@company.org,Germany,2021-04-26,Basic,4255.01
6473,Arjun Kim,arjun.kim6473@company.org,Brazil,2024-02-12,Premium,864.79
6474,Charles Lee,charles.lee6474@gmail.com,France,2020-04-15,Premium,2672.65
6475,Patricia Verma,patricia.verma6475@techcorp.io,Brazil,2023-10-03,Standard,1006.84
6476,Amit Davis,amit.davis6476@gmail.com,Canada,2022-05-28,Standard,4501.05
6477,Michael Brown,michael.brown6477@company.org,Australia,2024-02-18,Premium,2047.62
6478,Jessica Smith,jessica.smith6478@example.com,India,2024-11-17,Premium,4181.32
6479,William Kim,william.kim6479@techcorp.io,India,2023-01-14,Premium,1561.86
6480,James Johnson,james.johnson6480@techcorp.io,Canada,2020-05-28,Standard,1879.48
6481,Mary Jones,mary.jones6481@yahoo.com,India,2020-07-27,Premium,2142.9
6482,Arjun Johnson,arjun.johnson6482@example.com,Japan,2021-10-12,Premium,2085.06
6483,Neha Garcia,neha.garcia6483@yahoo.com,Brazil,2023-09-14,Premium,3970.54
6484,Robert Chen,robert.chen6484@yahoo.com,Canada,2022-11-25,Premium,3570.35
6485,Charles Lopez,charles.lopez6485@yahoo.com,Australia,2021-04-15,Premium,4602.52
6486,Jessica Miller,jessica.miller6486@example.com,France,2023-08-10,Standard,2254.51
6487,Barbara Zhang,barbara.zhang6487@example.com,Brazil,2022-09-23,Premium,2447.36
6488,John Johnson,john.johnson6488@techcorp.io,Australia,2022-02-07,Premium,3737.04
6489,Robert Verma,robert.verma6489@techcorp.io,United States,2024-10-27,Premium,4042.59
6490,Joseph Brown,joseph.brown6490@company.org,Australia,2022-03-09,Premium,2036.45
6491,Arjun Gonzalez,arjun.gonzalez6491@gmail.com,Japan,2023-03-31,Basic,3518.17
6492,William Johnson,william.johnson6492@yahoo.com,Australia,2024-03-24,Basic,281.37
6493,Patricia Miller,patricia.miller6493@gmail.com,France,2024-06-13,Standard,2351.0
6494,Robert Wang,robert.wang6494@gmail.com,Japan,2021-03-28,Basic,4412.67
6495,Charles Chen,charles.chen6495@gmail.com,Japan,2024-10-27,Basic,3719.38
6496,David Smith,david.smith6496@example.com,Canada,2021-12-31,Premium,2319.67
6497,Charles Lopez,charles.lopez6497@gmail.com,Canada,2022-05-12,Premium,2761.4
6498,Patricia Wang,patricia.wang6498@techcorp.io,France,2025-03-06,Standard,720.69
6499,Mei Garcia,mei.garcia6499@example.com,United States,2021-08-12,Premium,1771.32
6500,Linda Williams,linda.williams6500@example.com,United Kingdom,2020-09-30,Standard,2575.86
6501,Susan Rodriguez,susan.rodriguez6501@example.com,Germany,2023-10-06,Standard,318.19
6502,Elizabeth Patel,elizabeth.patel6502@example.com,Brazil,2021-10-07,Premium,271.78
6503,Michael Singh,michael.singh6503@company.org,United States,2024-05-19,Premium,4544.83
6504,David Verma,david.verma6504@gmail.com,Germany,2024-05-28,Basic,1225.91
6505,James Lopez,james.lopez6505@example.com,United Kingdom,2021-01-18,Basic,815.91
6506,Arjun Johnson,arjun.johnson6506@techcorp.io,France,2024-04-21,Standard,2205.36
6507,David Martinez,david.martinez6507@techcorp.io,United States,2023-08-21,Basic,3692.62
6508,Jennifer Rodriguez,jennifer.rodriguez6508@yahoo.com,India,2024-08-14,Premium,1423.83
6509,David Davis,david.davis6509@techcorp.io,Germany,2025-08-12,Premium,2199.96
6510,John Chen,john.chen6510@company.org,United States,2024-02-06,Premium,4452.86
6511,Linda Zhang,linda.zhang6511@gmail.com,Australia,2025-01-29,Basic,974.62
6512,Linda Patel,linda.patel6512@example.com,Brazil,2024-04-25,Standard,1816.65
6513,Wei Verma,wei.verma6513@yahoo.com,France,2021-03-27,Standard,639.76
6514,Joseph Smith,joseph.smith6514@techcorp.io,Australia,2024-02-05,Standard,91.57
6515,Jennifer Lopez,jennifer.lopez6515@outlook.com,United States,2024-06-20,Premium,2488.92
6516,Ananya Rodriguez,ananya.rodriguez6516@outlook.com,India,2021-06-02,Basic,1751.18
6517,Priya Lee,priya.lee6517@company.org,Brazil,2024-11-12,Premium,908.01
6518,Sofia Sharma,sofia.sharma6518@company.org,France,2021-09-08,Standard,1270.22
6519,Susan Smith,susan.smith6519@gmail.com,France,2022-02-05,Standard,3344.28
6520,John Verma,john.verma6520@gmail.com,Japan,2025-01-03,Premium,4763.0
6521,John Lee,john.lee6521@yahoo.com,Japan,2022-10-22,Premium,1706.15
6522,John Garcia,john.garcia6522@example.com,United Kingdom,2022-12-30,Standard,4045.81
6523,David Zhang,david.zhang6523@techcorp.io,United States,2020-09-27,Premium,4968.24
6524,Susan Garcia,susan.garcia6524@gmail.com,United Kingdom,2023-01-06,Standard,3828.31
6525,Richard Rodriguez,richard.rodriguez6525@techcorp.io,France,2020-11-11,Standard,786.05
6526,Amit Singh,amit.singh6526@outlook.com,United Kingdom,2021-09-11,Basic,681.16
6527,Priya Rodriguez,priya.rodriguez6527@example.com,United States,2021-01-23,Basic,580.69
6528,Thomas Brown,thomas.brown6528@yahoo.com,Japan,2020-10-23,Premium,2813.93
6529,William Johnson,william.johnson6529@company.org,Canada,2022-10-05,Standard,3851.87
6530,Elizabeth Kim,elizabeth.kim6530@techcorp.io,India,2021-07-10,Standard,2600.87
6531,Jessica Lopez,jessica.lopez6531@yahoo.com,United States,2020-02-28,Premium,4265.8
6532,David Zhang,david.zhang6532@company.org,United States,2023-09-12,Premium,4549.94
6533,Thomas Johnson,thomas.johnson6533@company.org,India,2023-01-01,Basic,1003.32
6534,Elizabeth Smith,elizabeth.smith6534@outlook.com,United States,2021-04-05,Premium,3622.48
6535,Mary Sharma,mary.sharma6535@example.com,United Kingdom,2023-10-29,Premium,2615.16
6536,Wei Singh,wei.singh6536@company.org,United States,2022-01-25,Basic,3900.57
6537,John Brown,john.brown6537@example.com,France,2023-05-27,Standard,159.1
6538,Robert Gonzalez,robert.gonzalez6538@gmail.com,Germany,2023-04-05,Standard,4815.82
6539,Wei Singh,wei.singh6539@outlook.com,Germany,2021-04-15,Basic,3542.98
6540,Neha Verma,neha.verma6540@company.org,Brazil,2022-02-17,Standard,3897.76
6541,Mary Chen,mary.chen6541@outlook.com,Brazil,2022-12-15,Premium,4512.2
6542,Neha Sharma,neha.sharma6542@company.org,India,2021-12-06,Standard,72.27
6543,Charles Jones,charles.jones6543@gmail.com,United Kingdom,2022-07-06,Basic,3633.77
6544,William Singh,william.singh6544@outlook.com,France,2023-12-20,Standard,3591.4
6545,Mei Brown,mei.brown6545@example.com,France,2023-12-22,Standard,4260.57
6546,Sofia Zhang,sofia.zhang6546@techcorp.io,India,2022-05-14,Basic,1462.78
6547,Charles Lopez,charles.lopez6547@outlook.com,United States,2023-05-26,Basic,4639.23
6548,Charles Patel,charles.patel6548@outlook.com,India,2024-06-17,Standard,1790.96
6549,Thomas Patel,thomas.patel6549@yahoo.com,Australia,2022-02-17,Basic,3855.87
6550,Mei Davis,mei.davis6550@gmail.com,Japan,2021-08-28,Standard,4472.06
6551,Sarah Wang,sarah.wang6551@example.com,Canada,2021-01-20,Basic,2095.44
6552,Carlos Miller,carlos.miller6552@techcorp.io,Australia,2024-01-27,Standard,1293.91
6553,Sarah Patel,sarah.patel6553@gmail.com,Brazil,2020-02-24,Premium,1648.41
6554,Thomas Miller,thomas.miller6554@company.org,United Kingdom,2023-07-03,Basic,2614.49
6555,Barbara Rodriguez,barbara.rodriguez6555@techcorp.io,Canada,2021-07-30,Premium,3213.38
6556,Thomas Zhang,thomas.zhang6556@outlook.com,Brazil,2021-05-26,Premium,901.32
6557,Susan Lopez,susan.lopez6557@example.com,Australia,2024-04-09,Premium,1020.92
6558,Barbara Lopez,barbara.lopez6558@example.com,Germany,2025-02-20,Standard,3457.28
6559,Robert Davis,robert.davis6559@example.com,Brazil,2022-08-24,Basic,4040.69
6560,Jessica Sharma,jessica.sharma6560@yahoo.com,Canada,2021-05-17,Premium,1069.01
6561,Neha Lopez,neha.lopez6561@techcorp.io,Australia,2023-10-21,Premium,4951.11
6562,Wei Kim,wei.kim6562@techcorp.io,United States,2021-10-21,Basic,4475.38
6563,James Williams,james.williams6563@example.com,Japan,2020-11-26,Premium,4867.14
6564,Susan Jones,susan.jones6564@company.org,Canada,2024-01-26,Basic,710.92
6565,Richard Lee,richard.lee6565@outlook.com,Canada,2025-02-05,Basic,3895.88
6566,Priya Miller,priya.miller6566@outlook.com,India,2023-02-28,Premium,1271.21
6567,John Smith,john.smith6567@techcorp.io,United Kingdom,2022-02-01,Basic,3692.98
6568,Patricia Zhang,patricia.zhang6568@example.com,France,2025-04-03,Premium,3203.89
6569,Carlos Singh,carlos.singh6569@example.com,Japan,2022-11-18,Standard,2436.25
6570,Rahul Jones,rahul.jones6570@gmail.com,India,2020-11-21,Premium,4368.79
6571,Elizabeth Smith,elizabeth.smith6571@company.org,United Kingdom,2022-10-22,Basic,3721.31
6572,Mei Kim,mei.kim6572@yahoo.com,France,2020-03-14,Basic,3229.93
6573,Joseph Wang,joseph.wang6573@techcorp.io,Japan,2023-11-17,Premium,1147.36
6574,Mei Martinez,mei.martinez6574@yahoo.com,Germany,2023-08-22,Basic,2977.79
6575,Karen Jones,karen.jones6575@yahoo.com,Canada,2021-06-08,Standard,4431.11
6576,Jessica Wang,jessica.wang6576@example.com,Germany,2025-02-10,Standard,1298.66
6577,Joseph Sharma,joseph.sharma6577@gmail.com,Germany,2021-03-12,Premium,4032.4
6578,Thomas Verma,thomas.verma6578@yahoo.com,India,2021-02-12,Standard,2655.34
6579,Susan Johnson,susan.johnson6579@yahoo.com,France,2022-02-15,Premium,1189.95
6580,Wei Patel,wei.patel6580@techcorp.io,Brazil,2025-06-26,Premium,4169.32
6581,Mei Martinez,mei.martinez6581@yahoo.com,United States,2023-03-14,Standard,1689.57
6582,Amit Gonzalez,,Brazil,2022-10-07,Standard,3333.77
6583,Ananya Lopez,ananya.lopez6583@outlook.com,Japan,2025-04-28,Basic,4408.28
6584,Charles Davis,charles.davis6584@techcorp.io,Germany,2023-10-26,Basic,697.47
6585,Rahul Johnson,rahul.johnson6585@yahoo.com,Australia,2023-06-25,Standard,452.01
6586,Susan Gonzalez,susan.gonzalez6586@example.com,Canada,2024-08-12,Premium,4936.43
6587,Rahul Chen,rahul.chen6587@company.org,India,2024-11-14,Basic,3602.02
6588,Neha Williams,neha.williams6588@yahoo.com,Australia,2023-04-05,Premium,1673.75
6589,Ananya Lee,ananya.lee6589@yahoo.com,India,2021-04-15,Premium,2823.36
6590,Neha Chen,neha.chen6590@yahoo.com,United Kingdom,2023-09-22,Premium,305.71
6591,Karen Rodriguez,karen.rodriguez6591@example.com,United Kingdom,2025-07-17,Standard,2876.19
6592,Robert Patel,robert.patel6592@techcorp.io,United Kingdom,2024-04-01,Standard,1495.7
6593,Charles Lopez,charles.lopez6593@example.com,Japan,2020-12-17,Premium,2419.52
6594,Rahul Gonzalez,rahul.gonzalez6594@yahoo.com,Germany,2020-03-24,Basic,2773.2
6595,Rahul Brown,rahul.brown6595@gmail.com,United States,2021-02-03,Premium,1314.84
6596,Thomas Singh,thomas.singh6596@techcorp.io,France,2020-08-24,Standard,951.91
6597,John Sharma,john.sharma6597@example.com,Australia,2023-10-25,Basic,1304.12
6598,Charles Johnson,charles.johnson6598@company.org,France,2024-12-28,Basic,3180.71
6599,Ananya Smith,ananya.smith6599@techcorp.io,Brazil,2020-02-02,Basic,3580.2
6600,Rahul Verma,rahul.verma6600@company.org,Japan,2022-01-21,Standard,825.3
6601,Jennifer Wang,jennifer.wang6601@techcorp.io,Canada,2024-06-02,Standard,1780.38
6602,Priya Jones,priya.jones6602@company.org,Canada,2022-03-23,Basic,4751.76
6603,Barbara Brown,barbara.brown6603@example.com,India,2025-03-18,Basic,3727.56
6604,John Garcia,john.garcia6604@techcorp.io,United Kingdom,2022-11-14,Basic,3806.4
6605,Linda Sharma,linda.sharma6605@yahoo.com,France,2025-03-12,Standard,3393.79
6606,Priya Wang,priya.wang6606@example.com,Japan,2022-05-21,Standard,4520.84
6607,Ananya Jones,ananya.jones6607@example.com,Australia,2025-05-28,Standard,288.04
6608,Priya Williams,priya.williams6608@gmail.com,Canada,2024-11-27,Premium,506.14
6609,James Wang,james.wang6609@example.com,India,2022-01-16,Premium,197.74
6610,Ananya Singh,ananya.singh6610@gmail.com,United States,2025-05-25,Standard,4982.42
6611,Richard Singh,richard.singh6611@company.org,Japan,2023-01-23,Standard,800.23
6612,Mei Williams,mei.williams6612@example.com,India,2021-11-28,Standard,3851.83
6613,Barbara Patel,barbara.patel6613@example.com,Brazil,2022-09-30,Premium,299.57
6614,Robert Verma,robert.verma6614@yahoo.com,France,2024-03-02,Premium,764.82
6615,Barbara Sharma,barbara.sharma6615@company.org,Japan,2024-04-04,Standard,1074.06
6616,Neha Smith,neha.smith6616@example.com,Brazil,2021-01-18,Premium,324.17
6617,Jessica Garcia,jessica.garcia6617@company.org,United Kingdom,2023-05-03,Standard,4213.63
6618,William Singh,william.singh6618@techcorp.io,India,2022-01-21,Premium,1925.44
6619,William Lopez,william.lopez6619@techcorp.io,United Kingdom,2024-07-16,Premium,4663.58
6620,Patricia Lee,patricia.lee6620@example.com,Germany,2024-12-12,Standard,2002.59
6621,Elizabeth Rodriguez,elizabeth.rodriguez6621@yahoo.com,United States,2023-07-28,Basic,3166.26
6622,Wei Sharma,wei.sharma6622@example.com,France,2022-06-10,Basic,355.24
6623,Richard Miller,richard.miller6623@example.com,Germany,2021-04-28,Basic,1825.58
6624,John Patel,john.patel6624@outlook.com,United States,2024-12-29,Premium,2338.49
6625,Neha Gonzalez,neha.gonzalez6625@gmail.com,Canada,2025-08-15,Basic,497.51
6626,Neha Gonzalez,neha.gonzalez6626@outlook.com,United Kingdom,2025-05-05,Premium,3177.37
6627,Priya Gonzalez,priya.gonzalez6627@yahoo.com,France,2024-02-03,Basic,2439.52
6628,Rahul Garcia,rahul.garcia6628@company.org,Australia,2024-05-26,Standard,2331.01
6629,Amit Johnson,amit.johnson6629@outlook.com,Australia,2023-05-06,Premium,2983.99
6630,Amit Johnson,amit.johnson6630@example.com,India,2022-01-16,Premium,2959.69
6631,Karen Patel,karen.patel6631@company.org,India,2023-08-26,Standard,3533.83
6632,Jennifer Wang,jennifer.wang6632@gmail.com,United States,2021-06-05,Premium,1274.07
6633,Arjun Brown,arjun.brown6633@yahoo.com,Germany,2024-05-20,Premium,2881.05
6634,Jessica Rodriguez,jessica.rodriguez6634@example.com,United States,2021-10-03,Basic,1286.08
6635,Arjun Kim,arjun.kim6635@company.org,Canada,2020-11-06,Standard,2523.62
6636,John Jones,john.jones6636@techcorp.io,India,2022-12-25,Basic,3516.9
6637,Rahul Verma,rahul.verma6637@gmail.com,Australia,2024-08-21,Basic,2390.96
6638,Priya Verma,priya.verma6638@outlook.com,Brazil,2021-10-03,Basic,1139.57
6639,Barbara Verma,barbara.verma6639@yahoo.com,Brazil,2023-08-16,Premium,2476.72
6640,James Singh,james.singh6640@yahoo.com,United States,2021-09-11,Basic,2757.34
6641,Mei Garcia,mei.garcia6641@company.org,United Kingdom,2022-08-22,Standard,4755.1
6642,Sarah Chen,sarah.chen6642@company.org,Japan,2021-03-01,Standard,3644.69
6643,Michael Verma,michael.verma6643@company.org,France,2023-05-15,Standard,4718.94
6644,Susan Zhang,susan.zhang6644@techcorp.io,Canada,2025-08-05,Standard,2091.18
6645,Priya Verma,priya.verma6645@outlook.com,United States,2025-02-06,Premium,796.91
6646,Thomas Davis,thomas.davis6646@gmail.com,United States,2021-05-18,Premium,4748.49
6647,Neha Johnson,neha.johnson6647@company.org,Brazil,2020-07-20,Premium,2426.91
6648,Richard Martinez,richard.martinez6648@outlook.com,United States,2023-10-18,Premium,600.02
6649,James Sharma,james.sharma6649@company.org,United States,2021-03-21,Basic,2831.96
6650,Rahul Kim,rahul.kim6650@techcorp.io,France,2025-06-15,Premium,2484.52
6651,William Rodriguez,william.rodriguez6651@example.com,France,2020-11-21,Premium,1100.12
6652,Sarah Kim,sarah.kim6652@example.com,France,2022-03-05,Standard,3939.74
6653,Elizabeth Patel,elizabeth.patel6653@outlook.com,United Kingdom,2022-06-17,Basic,1536.73
6654,Joseph Chen,joseph.chen6654@outlook.com,France,2022-07-26,Basic,4765.73
6655,Charles Jones,charles.jones6655@yahoo.com,France,2021-11-28,Premium,616.49
6656,Sofia Williams,sofia.williams6656@outlook.com,United States,2022-01-12,Basic,2450.37
6657,Michael Kim,michael.kim6657@techcorp.io,Japan,2022-09-30,Standard,4935.37
6658,Mary Sharma,mary.sharma6658@yahoo.com,India,2023-04-01,Basic,1631.48
6659,Rahul Smith,rahul.smith6659@outlook.com,Japan,2021-06-18,Standard,180.78
6660,Jessica Gonzalez,jessica.gonzalez6660@company.org,France,2021-11-02,Premium,426.37
6661,Barbara Lee,barbara.lee6661@example.com,Japan,2022-08-25,Standard,1919.36
6662,Charles Kim,charles.kim6662@techcorp.io,Australia,2021-04-15,Premium,2805.42
6663,Joseph Martinez,joseph.martinez6663@example.com,United Kingdom,2024-05-11,Standard,1855.95
6664,Karen Chen,karen.chen6664@techcorp.io,Brazil,2023-12-04,Premium,2279.48
6665,Elizabeth Zhang,elizabeth.zhang6665@techcorp.io,Australia,2024-01-23,Standard,626.52
6666,Patricia Gonzalez,patricia.gonzalez6666@company.org,Brazil,2022-11-02,Standard,1356.53
6667,Ananya Lopez,ananya.lopez6667@example.com,India,2024-11-17,Basic,4229.06
6668,David Garcia,david.garcia6668@outlook.com,Japan,2022-10-24,Standard,2409.82
6669,William Davis,william.davis6669@example.com,Germany,2020-11-21,Basic,1150.19
6670,William Zhang,william.zhang6670@example.com,Japan,2024-02-21,Standard,4517.2
6671,John Lopez,john.lopez6671@gmail.com,Brazil,2025-04-05,Standard,1897.9
6672,Charles Kim,charles.kim6672@yahoo.com,Germany,2022-02-06,Premium,250.43
6673,Arjun Smith,arjun.smith6673@gmail.com,Australia,2020-02-20,Standard,1468.93
6674,Neha Brown,neha.brown6674@example.com,United Kingdom,2024-04-04,Standard,2775.12
6675,Elizabeth Johnson,elizabeth.johnson6675@outlook.com,India,2022-07-06,Standard,1549.44
6676,Jennifer Martinez,jennifer.martinez6676@example.com,Germany,2025-04-06,Basic,4904.34
6677,Michael Lopez,michael.lopez6677@yahoo.com,United Kingdom,2020-08-14,Standard,1714.36
6678,Michael Verma,michael.verma6678@yahoo.com,Australia,2025-04-18,Standard,4666.88
6679,Wei Lee,wei.lee6679@techcorp.io,Brazil,2020-03-23,Premium,2009.96
6680,Ananya Garcia,ananya.garcia6680@company.org,Germany,2021-05-06,Premium,2046.53
6681,James Zhang,james.zhang6681@example.com,Brazil,2025-06-25,Premium,1659.82
6682,Jessica Zhang,jessica.zhang6682@techcorp.io,Brazil,2021-08-22,Premium,3944.51
6683,Michael Chen,michael.chen6683@example.com,United Kingdom,2020-07-13,Premium,4663.24
6684,Joseph Davis,joseph.davis6684@company.org,Brazil,2022-10-09,Standard,4235.44
6685,Susan Smith,susan.smith6685@company.org,Japan,2025-08-04,Premium,4061.55
6686,Sofia Sharma,sofia.sharma6686@gmail.com,United States,2023-04-12,Standard,4979.97
6687,Priya Johnson,priya.johnson6687@example.com,Germany,2024-06-25,Basic,4728.51
6688,Carlos Smith,carlos.smith6688@techcorp.io,India,2020-03-11,Standard,3080.16
6689,Amit Garcia,amit.garcia6689@techcorp.io,Germany,2024-07-15,Standard,781.2
6690,Thomas Garcia,thomas.garcia6690@outlook.com,Canada,2024-04-29,Basic,127.71
6691,Karen Martinez,karen.martinez6691@techcorp.io,India,2023-12-09,Standard,2524.38
6692,John Chen,john.chen6692@example.com,Australia,2022-04-12,Premium,2778.17
6693,Arjun Chen,arjun.chen6693@yahoo.com,Canada,2023-07-17,Premium,498.28
6694,Carlos Lee,carlos.lee6694@company.org,Japan,2020-05-20,Premium,3372.72
6695,Elizabeth Smith,elizabeth.smith6695@example.com,Australia,2023-07-15,Basic,3468.88
6696,Ananya Smith,ananya.smith6696@outlook.com,United Kingdom,2024-05-24,Standard,3112.01
6697,Jessica Jones,jessica.jones6697@example.com,Brazil,2022-06-07,Premium,4730.5
6698,Mary Chen,mary.chen6698@techcorp.io,United States,2023-12-01,Basic,3997.65
6699,Mei Johnson,mei.johnson6699@example.com,France,2025-01-10,Basic,370.89
6700,Robert Kim,robert.kim6700@gmail.com,Australia,2024-05-08,Premium,1249.54
6701,Joseph Smith,joseph.smith6701@yahoo.com,Japan,2023-09-28,Basic,2276.49
6702,Carlos Kim,carlos.kim6702@yahoo.com,India,2023-03-28,Premium,2888.85
6703,Elizabeth Williams,elizabeth.williams6703@yahoo.com,Japan,2021-02-27,Standard,1244.6
6704,Mei Singh,mei.singh6704@techcorp.io,United Kingdom,2020-05-24,Premium,1891.3
6705,Michael Johnson,michael.johnson6705@example.com,Brazil,2022-12-04,Premium,4610.58
6706,Michael Singh,michael.singh6706@company.org,India,2024-09-30,Standard,851.32
6707,Sarah Patel,sarah.patel6707@example.com,Australia,2024-08-21,Basic,4674.82
6708,Jessica Wang,jessica.wang6708@outlook.com,Australia,2023-12-28,Standard,3934.08
6709,Neha Sharma,neha.sharma6709@outlook.com,India,2020-01-13,Standard,4720.04
6710,Arjun Gonzalez,arjun.gonzalez6710@techcorp.io,Japan,2025-05-25,Premium,697.65
6711,James Martinez,james.martinez6711@gmail.com,Germany,2023-09-06,Premium,4134.15
6712,Neha Kim,neha.kim6712@techcorp.io,Brazil,2020-09-21,Basic,3159.5
6713,Sofia Sharma,sofia.sharma6713@outlook.com,Brazil,2025-01-07,Basic,1095.59
6714,Jessica Zhang,,Australia,2025-04-19,Premium,787.45
6715,Thomas Smith,thomas.smith6715@yahoo.com,Canada,2021-04-12,Basic,3975.21
6716,John Verma,john.verma6716@gmail.com,Japan,2023-05-25,Premium,1261.24
6717,Richard Patel,richard.patel6717@gmail.com,Brazil,2021-05-01,Standard,3844.31
6718,Wei Brown,wei.brown6718@gmail.com,Australia,2024-02-11,Premium,1942.91
6719,Susan Williams,susan.williams6719@yahoo.com,Canada,2020-03-09,Premium,1413.69
6720,Priya Gonzalez,priya.gonzalez6720@outlook.com,United States,2020-06-21,Basic,4364.82
6721,Elizabeth Sharma,elizabeth.sharma6721@company.org,Canada,2020-05-18,Premium,2790.97
6722,Robert Jones,robert.jones6722@techcorp.io,Japan,2020-04-04,Standard,4376.99
6723,Charles Lopez,charles.lopez6723@techcorp.io,United States,2024-04-23,Standard,3054.56
6724,Elizabeth Lopez,elizabeth.lopez6724@yahoo.com,Australia,2024-11-25,Premium,1774.01
6725,Amit Gonzalez,amit.gonzalez6725@company.org,United States,2022-07-11,Premium,1999.02
6726,Sarah Miller,sarah.miller6726@example.com,Canada,2025-06-18,Basic,4360.6
6727,Elizabeth Verma,elizabeth.verma6727@outlook.com,Brazil,2021-02-02,Standard,239.99
6728,Neha Davis,neha.davis6728@yahoo.com,Australia,2020-09-21,Standard,4362.33
6729,Priya Garcia,priya.garcia6729@outlook.com,Canada,2024-07-24,Standard,3526.62
6730,Priya Lopez,priya.lopez6730@gmail.com,United States,2020-05-22,Standard,1816.98
6731,Charles Kim,charles.kim6731@gmail.com,Canada,2024-09-04,Standard,3178.23
6732,Wei Sharma,wei.sharma6732@gmail.com,Canada,2020-02-11,Premium,2898.0
6733,Patricia Chen,patricia.chen6733@gmail.com,Brazil,2025-01-08,Basic,413.91
6734,Wei Smith,wei.smith6734@company.org,Brazil,2021-04-18,Standard,4849.68
6735,Sarah Kim,sarah.kim6735@gmail.com,United Kingdom,2020-03-13,Basic,4296.76
6736,Sarah Martinez,sarah.martinez6736@example.com,India,2022-01-09,Premium,524.85
6737,Mary Brown,mary.brown6737@example.com,Canada,2023-08-26,Standard,4641.03
6738,Richard Jones,richard.jones6738@outlook.com,Japan,2022-08-06,Basic,816.2
6739,Barbara Davis,barbara.davis6739@example.com,India,2021-06-05,Standard,2042.05
6740,Thomas Chen,thomas.chen6740@example.com,Germany,2021-10-24,Premium,1805.54
6741,Jessica Gonzalez,jessica.gonzalez6741@company.org,Canada,2025-06-23,Standard,1851.11
6742,Sarah Johnson,sarah.johnson6742@techcorp.io,Brazil,2025-01-22,Basic,2357.92
6743,Linda Gonzalez,linda.gonzalez6743@yahoo.com,India,2023-10-11,Standard,515.54
6744,Susan Johnson,susan.johnson6744@outlook.com,Germany,2024-04-16,Basic,1362.03
6745,Sofia Rodriguez,sofia.rodriguez6745@example.com,India,2024-09-05,Standard,232.61
6746,William Rodriguez,william.rodriguez6746@gmail.com,Australia,2022-01-29,Standard,1343.12
6747,Barbara Zhang,barbara.zhang6747@techcorp.io,Germany,2024-08-23,Premium,3000.54
6748,Neha Verma,neha.verma6748@outlook.com,India,2021-04-14,Basic,4663.53
6749,Wei Chen,wei.chen6749@company.org,United States,2022-11-07,Premium,2554.61
6750,Wei Singh,wei.singh6750@yahoo.com,United States,2022-02-14,Premium,4049.47
6751,Joseph Davis,joseph.davis6751@company.org,France,2023-08-25,Premium,865.67
6752,Carlos Garcia,carlos.garcia6752@example.com,France,2020-01-10,Premium,4018.16
6753,Elizabeth Brown,elizabeth.brown6753@outlook.com,France,2022-12-07,Standard,66.84
6754,Jennifer Singh,jennifer.singh6754@techcorp.io,India,2022-02-18,Standard,996.84
6755,Robert Sharma,robert.sharma6755@outlook.com,Australia,2024-04-27,Basic,2807.08
6756,Robert Singh,robert.singh6756@techcorp.io,Germany,2020-12-27,Basic,2690.14
6757,Patricia Verma,patricia.verma6757@outlook.com,India,2020-02-06,Premium,3351.72
6758,William Jones,william.jones6758@techcorp.io,Australia,2021-08-02,Standard,1729.38
6759,Barbara Patel,barbara.patel6759@company.org,Brazil,2020-09-09,Premium,4528.45
6760,Rahul Zhang,rahul.zhang6760@yahoo.com,United States,2024-12-01,Basic,2380.52
6761,Robert Patel,robert.patel6761@yahoo.com,United Kingdom,2023-06-10,Basic,3476.72
6762,Jennifer Lopez,jennifer.lopez6762@yahoo.com,Japan,2021-03-07,Premium,3925.93
6763,Robert Singh,robert.singh6763@example.com,Germany,2025-01-22,Basic,1257.02
6764,Carlos Singh,carlos.singh6764@yahoo.com,Japan,2025-01-05,Premium,2176.25
6765,Elizabeth Singh,,Australia,2021-05-21,Premium,3191.07
6766,Elizabeth Patel,elizabeth.patel6766@company.org,Japan,2025-02-18,Standard,2938.67
6767,Robert Lee,robert.lee6767@outlook.com,Canada,2022-03-05,Basic,1046.21
6768,Jessica Verma,jessica.verma6768@techcorp.io,Japan,2021-10-05,Premium,3763.81
6769,Richard Singh,richard.singh6769@company.org,Canada,2020-01-19,Premium,1685.15
6770,Richard Gonzalez,richard.gonzalez6770@example.com,Japan,2025-08-15,Basic,3828.12
6771,Mary Miller,mary.miller6771@gmail.com,France,2021-05-20,Premium,3570.64
6772,Michael Brown,michael.brown6772@example.com,Japan,2020-03-01,Standard,1254.46
6773,Mary Miller,mary.miller6773@company.org,Brazil,2022-06-26,Basic,1038.54
6774,Rahul Sharma,rahul.sharma6774@techcorp.io,India,2020-03-05,Basic,2020.16
6775,William Kim,william.kim6775@gmail.com,Germany,2022-10-19,Standard,719.1
6776,Mary Brown,mary.brown6776@company.org,United Kingdom,2025-08-13,Premium,4190.92
6777,Neha Lopez,neha.lopez6777@techcorp.io,Australia,2022-03-05,Basic,596.23
6778,William Davis,william.davis6778@company.org,Japan,2021-01-21,Standard,2449.2
6779,William Williams,william.williams6779@outlook.com,India,2020-03-29,Premium,1919.02
6780,Susan Smith,susan.smith6780@company.org,France,2022-01-21,Basic,3592.84
6781,Barbara Johnson,barbara.johnson6781@outlook.com,France,2020-06-04,Basic,2081.47
6782,Rahul Garcia,rahul.garcia6782@yahoo.com,Canada,2025-07-18,Premium,3213.53
6783,Robert Jones,robert.jones6783@outlook.com,India,2021-08-22,Standard,4810.25
6784,Patricia Davis,patricia.davis6784@outlook.com,United States,2024-08-30,Basic,372.05
6785,Thomas Martinez,thomas.martinez6785@gmail.com,India,2023-08-16,Standard,4229.54
6786,Carlos Lee,carlos.lee6786@example.com,United States,2024-06-04,Basic,3560.03
6787,Carlos Zhang,carlos.zhang6787@gmail.com,United States,2025-05-10,Premium,1801.4
6788,Mei Singh,mei.singh6788@company.org,France,2024-09-09,Standard,295.61
6789,Sarah Miller,sarah.miller6789@example.com,Brazil,2021-01-15,Standard,2807.91
6790,Ananya Garcia,ananya.garcia6790@gmail.com,Canada,2020-06-20,Standard,4771.4
6791,Jessica Miller,jessica.miller6791@gmail.com,Brazil,2025-01-31,Basic,4621.47
6792,Arjun Miller,arjun.miller6792@company.org,United States,2022-03-09,Premium,99.56
6793,Carlos Jones,carlos.jones6793@gmail.com,United States,2023-10-29,Premium,3341.56
6794,Jennifer Patel,jennifer.patel6794@gmail.com,Japan,2020-01-30,Premium,927.49
6795,Rahul Martinez,rahul.martinez6795@example.com,Canada,2023-08-29,Premium,2271.98
6796,Thomas Kim,thomas.kim6796@company.org,Germany,2020-09-15,Basic,882.78
6797,Linda Kim,linda.kim6797@gmail.com,Australia,2021-12-14,Basic,3000.47
6798,Wei Miller,wei.miller6798@yahoo.com,Germany,2025-01-31,Premium,3411.06
6799,Arjun Sharma,arjun.sharma6799@outlook.com,United States,2021-04-04,Standard,2983.66
6800,Mei Davis,mei.davis6800@company.org,Canada,2025-06-27,Standard,1493.62
6801,Rahul Williams,rahul.williams6801@company.org,Brazil,2024-07-03,Standard,1836.99
6802,William Chen,william.chen6802@company.org,United States,2020-08-23,Standard,4079.25
6803,Wei Lee,wei.lee6803@yahoo.com,Canada,2024-10-21,Basic,2028.93
6804,Karen Zhang,karen.zhang6804@yahoo.com,Japan,2023-12-06,Standard,4891.45
6805,Rahul Verma,rahul.verma6805@techcorp.io,United States,2023-02-21,Standard,2743.57
6806,Sarah Wang,sarah.wang6806@outlook.com,United States,2020-02-25,Premium,2524.02
6807,Joseph Johnson,joseph.johnson6807@company.org,United States,2022-02-10,Basic,2246.81
6808,Robert Brown,robert.brown6808@techcorp.io,India,2022-07-18,Standard,4957.32
6809,Amit Zhang,amit.zhang6809@gmail.com,Canada,2022-03-01,Basic,1220.56
6810,Ananya Verma,ananya.verma6810@techcorp.io,France,2024-09-18,Standard,141.01
6811,Mary Williams,mary.williams6811@outlook.com,France,2020-05-06,Basic,4438.95
6812,Priya Miller,priya.miller6812@yahoo.com,Australia,2022-01-30,Basic,4253.58
6813,Susan Garcia,susan.garcia6813@yahoo.com,France,2020-08-11,Premium,2856.88
6814,John Patel,john.patel6814@techcorp.io,Canada,2021-06-18,Standard,2023.11
6815,Sofia Davis,sofia.davis6815@yahoo.com,India,2024-04-01,Basic,1499.53
6816,Carlos Kim,carlos.kim6816@yahoo.com,United Kingdom,2021-03-07,Basic,365.84
6817,John Chen,john.chen6817@gmail.com,Canada,2023-07-20,Standard,4610.14
6818,William Johnson,william.johnson6818@outlook.com,India,2024-01-22,Basic,2792.69
6819,Karen Smith,karen.smith6819@gmail.com,Australia,2024-08-18,Standard,3999.73
6820,Linda Gonzalez,linda.gonzalez6820@outlook.com,Germany,2024-09-04,Basic,1855.77
6821,Barbara Williams,barbara.williams6821@example.com,France,2022-09-04,Standard,951.49
6822,Patricia Davis,patricia.davis6822@techcorp.io,United States,2021-09-06,Premium,969.31
6823,Sofia Zhang,sofia.zhang6823@example.com,Japan,2021-02-04,Basic,2014.42
6824,David Singh,david.singh6824@gmail.com,Germany,2023-04-22,Premium,879.67
6825,Michael Verma,michael.verma6825@example.com,Japan,2024-12-22,Standard,451.71
6826,Elizabeth Lee,elizabeth.lee6826@gmail.com,Australia,2025-04-12,Basic,2516.96
6827,Michael Jones,michael.jones6827@yahoo.com,Japan,2025-07-13,Premium,3972.28
6828,Arjun Verma,arjun.verma6828@yahoo.com,France,2021-05-14,Standard,2658.27
6829,Sofia Zhang,sofia.zhang6829@company.org,Brazil,2021-04-17,Standard,4087.58
6830,Sarah Davis,sarah.davis6830@gmail.com,Japan,2021-03-09,Standard,4335.56
6831,Patricia Williams,patricia.williams6831@gmail.com,Canada,2021-10-27,Premium,1352.32
6832,Jennifer Martinez,jennifer.martinez6832@techcorp.io,Brazil,2023-06-30,Standard,4439.84
6833,Susan Chen,susan.chen6833@yahoo.com,India,2022-04-15,Standard,418.06
6834,Neha Wang,neha.wang6834@techcorp.io,Canada,2021-01-13,Premium,4462.21
6835,James Singh,james.singh6835@example.com,Australia,2023-06-24,Standard,3290.54
6836,Sarah Verma,sarah.verma6836@example.com,United States,2022-02-25,Standard,86.83
6837,Patricia Gonzalez,patricia.gonzalez6837@gmail.com,Japan,2024-07-09,Basic,2334.46
6838,Richard Brown,richard.brown6838@yahoo.com,United States,2021-04-09,Basic,3376.91
6839,Joseph Miller,joseph.miller6839@company.org,United Kingdom,2021-01-05,Premium,4764.21
6840,Rahul Gonzalez,rahul.gonzalez6840@gmail.com,Japan,2021-10-26,Basic,4690.74
6841,David Wang,david.wang6841@company.org,France,2024-01-04,Standard,1334.66
6842,James Williams,james.williams6842@company.org,India,2023-07-23,Standard,4286.15
6843,Arjun Patel,arjun.patel6843@techcorp.io,United States,2024-11-27,Premium,4108.53
6844,Robert Martinez,robert.martinez6844@gmail.com,India,2024-09-21,Standard,1068.59
6845,Arjun Garcia,arjun.garcia6845@outlook.com,India,2021-05-15,Standard,4398.75
6846,Jessica Sharma,jessica.sharma6846@outlook.com,France,2024-11-22,Basic,1410.02
6847,Arjun Zhang,arjun.zhang6847@yahoo.com,Germany,2022-07-26,Basic,3238.89
6848,Carlos Martinez,carlos.martinez6848@yahoo.com,India,2020-11-20,Standard,4606.8
6849,William Patel,william.patel6849@gmail.com,United Kingdom,2023-11-25,Basic,3158.17
6850,David Lopez,david.lopez6850@yahoo.com,United Kingdom,2023-02-17,Premium,2141.72
6851,David Jones,david.jones6851@gmail.com,Japan,2023-03-20,Standard,1322.75
6852,Michael Davis,michael.davis6852@gmail.com,France,2023-01-12,Premium,3972.93
6853,James Singh,james.singh6853@gmail.com,Australia,2023-03-25,Basic,525.84
6854,Carlos Miller,carlos.miller6854@example.com,India,2022-07-05,Premium,3387.77
6855,Rahul Singh,rahul.singh6855@techcorp.io,United Kingdom,2021-03-06,Premium,108.81
6856,Jessica Kim,jessica.kim6856@company.org,United States,2025-06-03,Premium,2169.77
6857,Wei Sharma,wei.sharma6857@example.com,France,2020-08-07,Basic,2809.27
6858,Arjun Zhang,arjun.zhang6858@yahoo.com,United States,2023-01-28,Basic,3492.72
6859,David Gonzalez,david.gonzalez6859@outlook.com,Canada,2025-06-23,Standard,4197.18
6860,Linda Davis,linda.davis6860@outlook.com,United Kingdom,2024-02-29,Premium,4157.41
6861,Mei Lopez,mei.lopez6861@example.com,United Kingdom,2024-11-04,Premium,2415.19
6862,Patricia Singh,patricia.singh6862@company.org,Australia,2021-10-01,Standard,4191.58
6863,John Wang,john.wang6863@outlook.com,United States,2022-11-06,Basic,3986.06
6864,Michael Wang,michael.wang6864@gmail.com,India,2021-04-18,Premium,1671.0
6865,Richard Kim,richard.kim6865@company.org,Japan,2023-01-05,Premium,138.36
6866,Karen Verma,karen.verma6866@yahoo.com,United States,2023-09-03,Premium,3949.82
6867,Barbara Johnson,barbara.johnson6867@company.org,Australia,2025-06-01,Premium,808.15
6868,John Zhang,john.zhang6868@outlook.com,Japan,2021-09-19,Standard,2021.19
6869,Mary Patel,mary.patel6869@yahoo.com,Germany,2023-03-25,Basic,2158.8
6870,Rahul Brown,rahul.brown6870@gmail.com,Australia,2023-01-08,Basic,4071.86
6871,Neha Gonzalez,neha.gonzalez6871@example.com,Germany,2025-06-21,Premium,3248.1
6872,Carlos Lopez,carlos.lopez6872@gmail.com,Brazil,2020-08-08,Standard,2536.4
6873,Michael Williams,michael.williams6873@gmail.com,Germany,2021-04-27,Standard,4685.93
6874,David Lopez,david.lopez6874@yahoo.com,Brazil,2021-08-31,Basic,1087.85
6875,John Garcia,john.garcia6875@outlook.com,France,2025-06-13,Standard,728.17
6876,James Miller,james.miller6876@company.org,Australia,2024-10-22,Basic,2151.86
6877,Amit Chen,amit.chen6877@techcorp.io,India,2022-12-05,Basic,987.92
6878,Ananya Garcia,ananya.garcia6878@example.com,Japan,2022-02-11,Basic,1047.67
6879,Rahul Wang,rahul.wang6879@yahoo.com,Japan,2022-11-07,Basic,4545.6
6880,Patricia Martinez,patricia.martinez6880@techcorp.io,Germany,2020-02-18,Premium,1300.52
6881,Mary Chen,mary.chen6881@company.org,United Kingdom,2025-05-24,Standard,604.07
6882,Rahul Zhang,rahul.zhang6882@example.com,India,2023-03-23,Basic,1744.78
6883,Mei Sharma,mei.sharma6883@company.org,Germany,2023-09-13,Basic,4764.0
6884,Carlos Gonzalez,carlos.gonzalez6884@gmail.com,Australia,2024-01-10,Premium,4249.51
6885,Priya Kim,priya.kim6885@example.com,Japan,2022-07-05,Standard,1512.15
6886,Ananya Garcia,ananya.garcia6886@example.com,United Kingdom,2025-02-28,Premium,1773.77
6887,Robert Davis,robert.davis6887@company.org,India,2024-09-25,Premium,3935.13
6888,John Jones,john.jones6888@company.org,Germany,2020-12-14,Basic,1637.07
6889,Patricia Gonzalez,patricia.gonzalez6889@gmail.com,United Kingdom,2022-04-29,Basic,579.18
6890,Jessica Sharma,jessica.sharma6890@yahoo.com,Australia,2020-06-30,Basic,4348.86
6891,Richard Lee,richard.lee6891@outlook.com,Brazil,2023-03-27,Premium,3671.92
6892,Patricia Garcia,patricia.garcia6892@yahoo.com,Germany,2021-05-31,Basic,1179.33
6893,Jennifer Johnson,jennifer.johnson6893@company.org,Japan,2022-10-18,Premium,3775.41
6894,Carlos Wang,carlos.wang6894@gmail.com,Canada,2022-04-28,Premium,4163.28
6895,Patricia Davis,patricia.davis6895@example.com,United States,2023-12-17,Premium,4395.98
6896,Thomas Miller,thomas.miller6896@example.com,Germany,2021-05-22,Basic,4751.82
6897,Patricia Singh,patricia.singh6897@techcorp.io,Brazil,2022-01-31,Basic,1910.13
6898,Mary Zhang,mary.zhang6898@gmail.com,United Kingdom,2025-01-02,Basic,1893.26
6899,Karen Davis,karen.davis6899@gmail.com,Japan,2023-05-20,Standard,3586.13
6900,Sarah Kim,sarah.kim6900@yahoo.com,Brazil,2020-01-13,Basic,2249.1
6901,William Gonzalez,william.gonzalez6901@example.com,United Kingdom,2021-05-20,Basic,1155.49
6902,Michael Chen,michael.chen6902@gmail.com,Canada,2022-12-27,Standard,886.8
6903,Wei Verma,wei.verma6903@outlook.com,Canada,2020-05-07,Standard,4288.79
6904,Carlos Smith,carlos.smith6904@gmail.com,Australia,2022-08-10,Standard,1643.45
6905,Thomas Zhang,thomas.zhang6905@yahoo.com,United Kingdom,2022-12-16,Premium,3631.54
6906,Priya Brown,priya.brown6906@company.org,United States,2022-01-03,Premium,3276.95
6907,Linda Zhang,linda.zhang6907@outlook.com,United States,2021-07-12,Premium,4557.95
6908,William Wang,william.wang6908@example.com,Brazil,2021-11-10,Standard,2601.45
6909,Neha Verma,neha.verma6909@yahoo.com,Japan,2020-10-14,Standard,2159.53
6910,Elizabeth Brown,elizabeth.brown6910@outlook.com,United Kingdom,2022-06-05,Premium,214.94
6911,Arjun Smith,arjun.smith6911@example.com,France,2024-08-31,Premium,4463.92
6912,Mary Gonzalez,mary.gonzalez6912@techcorp.io,France,2022-05-23,Basic,498.52
6913,Charles Williams,charles.williams6913@techcorp.io,France,2021-01-17,Basic,4946.58
6914,Charles Sharma,charles.sharma6914@outlook.com,United Kingdom,2020-04-14,Premium,1262.27
6915,Michael Brown,michael.brown6915@yahoo.com,Canada,2020-08-21,Basic,2463.95
6916,Karen Williams,karen.williams6916@example.com,United States,2022-05-30,Standard,2882.57
6917,Rahul Miller,rahul.miller6917@gmail.com,France,2021-02-03,Premium,2924.51
6918,Carlos Johnson,carlos.johnson6918@gmail.com,Canada,2024-02-28,Premium,691.47
6919,Jessica Jones,jessica.jones6919@gmail.com,France,2022-01-17,Standard,2271.39
6920,Amit Martinez,amit.martinez6920@yahoo.com,Canada,2024-11-02,Premium,1386.58
6921,Jessica Davis,jessica.davis6921@yahoo.com,Australia,2023-08-08,Basic,3850.47
6922,David Jones,david.jones6922@company.org,United States,2023-10-05,Premium,4460.98
6923,Richard Chen,richard.chen6923@company.org,India,2021-06-13,Basic,4081.5
6924,Jennifer Johnson,jennifer.johnson6924@company.org,Australia,2025-05-06,Premium,4072.88
6925,Karen Smith,karen.smith6925@yahoo.com,Australia,2023-08-07,Basic,4605.95
6926,Sarah Brown,sarah.brown6926@company.org,France,2022-12-13,Standard,1643.08
6927,David Chen,david.chen6927@techcorp.io,Brazil,2020-11-21,Premium,2263.95
6928,Elizabeth Garcia,elizabeth.garcia6928@gmail.com,Australia,2022-12-02,Basic,4636.41
6929,Rahul Verma,rahul.verma6929@gmail.com,Australia,2023-08-27,Standard,2447.51
6930,William Smith,william.smith6930@company.org,Germany,2020-07-17,Basic,3660.26
6931,Rahul Wang,rahul.wang6931@outlook.com,United Kingdom,2020-05-25,Basic,404.19
6932,Carlos Rodriguez,carlos.rodriguez6932@techcorp.io,India,2023-05-26,Basic,1778.12
6933,Rahul Kim,rahul.kim6933@gmail.com,France,2025-05-14,Basic,2876.01
6934,Wei Rodriguez,wei.rodriguez6934@outlook.com,France,2024-01-11,Standard,2619.78
6935,James Johnson,james.johnson6935@gmail.com,United States,2023-04-18,Basic,161.37
6936,Amit Singh,amit.singh6936@outlook.com,Australia,2022-10-28,Premium,2336.71
6937,Thomas Miller,thomas.miller6937@outlook.com,Brazil,2024-12-10,Standard,893.46
6938,Susan Smith,susan.smith6938@outlook.com,Brazil,2021-08-04,Standard,2011.76
6939,Robert Sharma,robert.sharma6939@example.com,France,2020-09-04,Basic,4832.64
6940,Thomas Johnson,thomas.johnson6940@techcorp.io,Japan,2023-09-19,Premium,441.64
6941,Thomas Brown,thomas.brown6941@yahoo.com,India,2024-04-22,Standard,925.57
6942,Priya Verma,priya.verma6942@gmail.com,Brazil,2021-04-26,Standard,2852.41
6943,Karen Smith,karen.smith6943@outlook.com,United Kingdom,2021-03-21,Standard,4703.41
6944,Joseph Williams,joseph.williams6944@example.com,Canada,2020-10-18,Premium,2192.55
6945,William Wang,william.wang6945@example.com,France,2022-02-11,Basic,3147.93
6946,Amit Davis,amit.davis6946@yahoo.com,United Kingdom,2021-05-13,Premium,2319.9
6947,Jessica Johnson,jessica.johnson6947@yahoo.com,Australia,2023-06-12,Standard,543.22
6948,Thomas Rodriguez,thomas.rodriguez6948@outlook.com,Canada,2024-04-04,Premium,2126.13
6949,Barbara Gonzalez,barbara.gonzalez6949@company.org,Germany,2022-10-26,Premium,1576.14
6950,Priya Kim,priya.kim6950@yahoo.com,Germany,2020-10-02,Basic,4288.07
6951,Ananya Davis,ananya.davis6951@example.com,Germany,2023-01-18,Premium,3430.1
6952,William Wang,william.wang6952@techcorp.io,Germany,2025-02-17,Premium,3599.35
6953,Charles Williams,charles.williams6953@techcorp.io,Canada,2023-05-11,Premium,4551.97
6954,Charles Martinez,charles.martinez6954@gmail.com,United States,2023-06-21,Standard,1731.8
6955,Arjun Kim,arjun.kim6955@outlook.com,France,2022-08-19,Premium,815.6
6956,Neha Martinez,neha.martinez6956@company.org,Brazil,2025-07-17,Premium,140.51
6957,Jessica Davis,jessica.davis6957@example.com,France,2025-05-09,Standard,4023.89
6958,Mei Lee,mei.lee6958@example.com,United Kingdom,2025-01-28,Premium,274.17
6959,Linda Rodriguez,linda.rodriguez6959@yahoo.com,Australia,2021-04-01,Premium,543.1
6960,Sarah Chen,sarah.chen6960@gmail.com,France,2021-06-03,Premium,2879.67
6961,Elizabeth Chen,elizabeth.chen6961@example.com,Japan,2024-11-06,Standard,3486.29
6962,Richard Johnson,richard.johnson6962@techcorp.io,India,2021-05-08,Premium,989.15
6963,Barbara Garcia,barbara.garcia6963@example.com,Canada,2021-05-31,Standard,2905.49
6964,Rahul Lopez,rahul.lopez6964@yahoo.com,India,2025-01-10,Standard,4330.12
6965,Jessica Smith,jessica.smith6965@company.org,Australia,2024-09-18,Standard,1626.87
6966,Patricia Smith,patricia.smith6966@techcorp.io,Australia,2024-11-21,Premium,3941.86
6967,Ananya Lee,ananya.lee6967@techcorp.io,France,2025-06-09,Basic,3324.79
6968,Mei Rodriguez,mei.rodriguez6968@example.com,Japan,2025-05-25,Basic,1394.87
6969,Barbara Chen,barbara.chen6969@example.com,United States,2021-07-06,Standard,4980.31
6970,Neha Smith,neha.smith6970@techcorp.io,India,2024-01-14,Standard,4815.42
6971,William Lopez,william.lopez6971@outlook.com,United States,2023-08-06,Standard,4070.6
6972,Robert Verma,robert.verma6972@example.com,United Kingdom,2025-07-02,Standard,4751.4
6973,William Kim,william.kim6973@outlook.com,Australia,2023-10-10,Premium,1717.3
6974,Priya Gonzalez,priya.gonzalez6974@example.com,France,2024-08-06,Basic,1248.03
6975,David Rodriguez,david.rodriguez6975@yahoo.com,United States,2023-09-29,Basic,4998.45
6976,Carlos Sharma,carlos.sharma6976@yahoo.com,United States,2025-01-14,Basic,2378.58
6977,Neha Wang,neha.wang6977@yahoo.com,Brazil,2021-08-08,Standard,1975.91
6978,David Zhang,david.zhang6978@company.org,Japan,2020-09-03,Premium,2798.85
6979,William Garcia,william.garcia6979@techcorp.io,France,2024-07-09,Basic,1212.04
6980,Sofia Singh,sofia.singh6980@company.org,Brazil,2020-05-07,Premium,977.63
6981,Joseph Singh,joseph.singh6981@techcorp.io,Canada,2022-12-18,Premium,903.77
6982,Carlos Lopez,carlos.lopez6982@outlook.com,United Kingdom,2024-01-16,Basic,330.33
6983,Jessica Lopez,jessica.lopez6983@example.com,India,2024-11-05,Standard,1158.47
6984,Jessica Chen,jessica.chen6984@techcorp.io,Brazil,2022-11-14,Basic,1427.06
6985,Patricia Singh,patricia.singh6985@outlook.com,India,2021-04-02,Standard,1005.57
6986,Priya Singh,priya.singh6986@company.org,Australia,2020-03-29,Premium,2380.14
6987,Jennifer Sharma,jennifer.sharma6987@company.org,Germany,2023-11-11,Basic,540.59
6988,Karen Williams,karen.williams6988@outlook.com,France,2025-05-05,Premium,356.79
6989,Karen Zhang,karen.zhang6989@yahoo.com,United Kingdom,2020-08-07,Standard,3365.96
6990,James Zhang,james.zhang6990@gmail.com,United Kingdom,2022-06-02,Premium,1573.98
6991,Neha Lee,neha.lee6991@gmail.com,Germany,2022-05-04,Standard,1533.28
6992,Jennifer Singh,jennifer.singh6992@company.org,Germany,2023-02-15,Premium,1442.96
6993,Sarah Smith,sarah.smith6993@gmail.com,France,2023-12-14,Premium,3085.2
6994,Patricia Gonzalez,patricia.gonzalez6994@techcorp.io,Germany,2023-05-15,Standard,4510.5
6995,Mary Davis,mary.davis6995@gmail.com,India,2021-09-29,Premium,2337.63
6996,Karen Brown,karen.brown6996@outlook.com,France,2024-01-03,Premium,1776.95
6997,John Gonzalez,john.gonzalez6997@yahoo.com,United States,2022-02-11,Basic,2836.27
6998,Carlos Johnson,carlos.johnson6998@outlook.com,France,2024-11-05,Premium,2191.93
6999,Charles Rodriguez,charles.rodriguez6999@yahoo.com,United Kingdom,2023-04-03,Basic,2810.24
7000,Michael Wang,michael.wang7000@outlook.com,Canada,2021-10-13,Premium,2529.5
7001,Richard Davis,richard.davis7001@example.com,Japan,2022-09-15,Standard,3157.65
7002,Rahul Sharma,rahul.sharma7002@gmail.com,United Kingdom,2020-02-09,Premium,937.59
7003,Joseph Wang,joseph.wang7003@yahoo.com,India,2025-02-02,Premium,1061.53
7004,John Patel,john.patel7004@yahoo.com,Australia,2020-07-09,Standard,1794.88
7005,Jennifer Singh,jennifer.singh7005@example.com,Germany,2023-02-12,Premium,3186.75
7006,Priya Zhang,priya.zhang7006@yahoo.com,Japan,2021-08-11,Standard,4773.14
7007,Amit Chen,amit.chen7007@techcorp.io,Japan,2022-09-12,Premium,2575.49
7008,Priya Zhang,priya.zhang7008@company.org,Canada,2020-11-20,Basic,4282.4
7009,Susan Chen,susan.chen7009@yahoo.com,Brazil,2025-06-20,Standard,1322.7
7010,Ananya Kim,ananya.kim7010@example.com,India,2020-08-01,Standard,139.16
7011,Richard Garcia,richard.garcia7011@company.org,France,2024-04-09,Standard,954.07
7012,Neha Martinez,neha.martinez7012@gmail.com,Australia,2025-06-13,Basic,417.83
7013,Thomas Johnson,thomas.johnson7013@yahoo.com,United States,2023-03-16,Basic,1356.17
7014,Amit Smith,amit.smith7014@example.com,India,2020-10-09,Basic,2995.95
7015,Ananya Rodriguez,ananya.rodriguez7015@yahoo.com,United Kingdom,2025-02-12,Basic,4942.47
7016,Jennifer Singh,jennifer.singh7016@outlook.com,Japan,2021-02-12,Standard,3120.6
7017,Linda Verma,linda.verma7017@outlook.com,United States,2020-11-19,Premium,1087.09
7018,Michael Williams,michael.williams7018@techcorp.io,India,2020-05-04,Basic,3610.42
7019,Thomas Martinez,thomas.martinez7019@outlook.com,France,2024-12-19,Basic,4774.24
7020,John Davis,john.davis7020@example.com,United States,2020-07-08,Premium,3501.9
7021,John Chen,john.chen7021@outlook.com,United Kingdom,2021-01-12,Standard,1829.33
7022,James Wang,james.wang7022@yahoo.com,United States,2022-01-27,Basic,3542.93
7023,Amit Chen,amit.chen7023@yahoo.com,Japan,2022-05-22,Basic,4177.4
7024,Jessica Gonzalez,jessica.gonzalez7024@techcorp.io,United States,2020-12-07,Basic,533.65
7025,Carlos Martinez,carlos.martinez7025@company.org,Germany,2024-08-21,Basic,429.91
7026,Ananya Kim,ananya.kim7026@company.org,Germany,2021-10-14,Premium,3402.47
7027,William Smith,william.smith7027@gmail.com,France,2020-11-12,Basic,2644.88
7028,David Rodriguez,david.rodriguez7028@techcorp.io,France,2024-07-08,Basic,896.8
7029,Rahul Sharma,rahul.sharma7029@gmail.com,Canada,2022-10-19,Standard,2735.3
7030,Mary Rodriguez,mary.rodriguez7030@example.com,India,2020-09-19,Premium,3570.54
7031,James Johnson,james.johnson7031@outlook.com,Australia,2020-08-03,Basic,4476.22
7032,Neha Davis,neha.davis7032@gmail.com,India,2023-09-05,Premium,4836.68
7033,Carlos Gonzalez,carlos.gonzalez7033@example.com,United States,2021-09-10,Standard,2060.86
7034,Arjun Miller,arjun.miller7034@techcorp.io,Canada,2025-07-18,Standard,3054.41
7035,Susan Johnson,susan.johnson7035@outlook.com,Canada,2025-08-19,Standard,1911.32
7036,David Wang,,United States,2023-01-24,Basic,938.34
7037,Richard Rodriguez,richard.rodriguez7037@gmail.com,France,2022-12-15,Premium,3743.5
7038,Thomas Singh,thomas.singh7038@gmail.com,Japan,2023-10-14,Standard,4405.06
7039,Neha Zhang,neha.zhang7039@yahoo.com,Japan,2025-08-05,Basic,3977.01
7040,Elizabeth Kim,elizabeth.kim7040@company.org,India,2024-04-16,Basic,1877.02
7041,Sarah Smith,sarah.smith7041@gmail.com,Japan,2023-09-14,Standard,4556.92
7042,Mary Kim,mary.kim7042@yahoo.com,France,2025-07-07,Premium,2764.59
7043,Mei Sharma,mei.sharma7043@gmail.com,Canada,2023-01-14,Premium,1483.98
7044,Carlos Martinez,carlos.martinez7044@outlook.com,Germany,2022-12-03,Basic,3756.16
7045,Jessica Gonzalez,jessica.gonzalez7045@gmail.com,Brazil,2020-09-05,Premium,1765.42
7046,Mary Williams,mary.williams7046@outlook.com,India,2022-07-20,Standard,3361.95
7047,Priya Singh,priya.singh7047@yahoo.com,France,2022-10-29,Premium,4739.46
7048,Joseph Johnson,joseph.johnson7048@outlook.com,Germany,2022-11-09,Basic,2084.35
7049,Charles Zhang,charles.zhang7049@gmail.com,Canada,2021-09-05,Basic,2254.16
7050,Richard Kim,richard.kim7050@gmail.com,Japan,2020-02-13,Basic,2174.41
7051,John Rodriguez,john.rodriguez7051@yahoo.com,France,2024-01-14,Premium,2388.42
7052,Priya Davis,priya.davis7052@company.org,Japan,2024-05-22,Standard,3699.13
7053,Priya Johnson,priya.johnson7053@outlook.com,Canada,2021-05-12,Standard,3927.97
7054,David Johnson,david.johnson7054@gmail.com,Japan,2024-11-06,Basic,447.62
7055,Wei Chen,wei.chen7055@outlook.com,India,2020-01-25,Basic,4500.66
7056,Sofia Wang,sofia.wang7056@company.org,Canada,2022-01-03,Premium,1455.54
7057,Barbara Verma,barbara.verma7057@example.com,France,2021-02-24,Premium,3144.4
7058,Sofia Wang,sofia.wang7058@example.com,United States,2024-11-10,Standard,2466.11
7059,Amit Williams,amit.williams7059@company.org,Germany,2021-12-25,Premium,3810.63
7060,Elizabeth Lee,elizabeth.lee7060@gmail.com,Canada,2022-04-20,Basic,4755.87
7061,Charles Jones,charles.jones7061@gmail.com,Australia,2021-10-10,Standard,4762.67
7062,Neha Verma,neha.verma7062@company.org,Japan,2022-06-28,Basic,2142.98
7063,Wei Chen,wei.chen7063@outlook.com,United States,2021-02-22,Basic,3450.52
7064,Mary Verma,mary.verma7064@company.org,Canada,2023-03-19,Premium,2353.35
7065,Carlos Patel,carlos.patel7065@company.org,Brazil,2020-04-29,Basic,923.01
7066,Arjun Garcia,arjun.garcia7066@outlook.com,France,2021-06-12,Basic,2683.98
7067,Susan Brown,susan.brown7067@techcorp.io,United States,2020-06-05,Basic,1820.5
7068,Wei Johnson,wei.johnson7068@gmail.com,France,2021-11-20,Premium,283.96
7069,Rahul Patel,rahul.patel7069@techcorp.io,United Kingdom,2025-02-17,Basic,1171.1
7070,Barbara Sharma,barbara.sharma7070@company.org,Australia,2021-03-08,Standard,660.09
7071,Joseph Patel,joseph.patel7071@gmail.com,France,2024-08-20,Basic,4913.69
7072,Richard Verma,richard.verma7072@company.org,France,2022-02-28,Standard,4286.61
7073,Mary Jones,mary.jones7073@outlook.com,United Kingdom,2024-03-18,Premium,2466.47
7074,Sofia Jones,sofia.jones7074@gmail.com,Germany,2021-12-29,Standard,4371.8
7075,Barbara Johnson,barbara.johnson7075@company.org,United States,2024-05-05,Premium,1377.75
7076,Karen Chen,karen.chen7076@company.org,Japan,2022-04-16,Premium,4317.36
7077,Jessica Brown,jessica.brown7077@company.org,United Kingdom,2023-03-23,Basic,3785.61
7078,Mary Gonzalez,mary.gonzalez7078@gmail.com,France,2024-05-14,Standard,2722.57
7079,Thomas Martinez,thomas.martinez7079@yahoo.com,United Kingdom,2020-04-21,Basic,1419.43
7080,Mary Davis,mary.davis7080@techcorp.io,Australia,2024-08-23,Basic,3559.16
7081,Karen Gonzalez,karen.gonzalez7081@example.com,United States,2024-04-21,Standard,2847.9
7082,Mei Davis,mei.davis7082@example.com,Australia,2020-01-22,Standard,1449.13
7083,Carlos Lopez,carlos.lopez7083@gmail.com,Australia,2022-09-20,Basic,1350.88
7084,James Jones,james.jones7084@example.com,Brazil,2020-04-06,Basic,4251.37
7085,Susan Rodriguez,susan.rodriguez7085@outlook.com,India,2022-02-09,Basic,3443.86
7086,Arjun Johnson,arjun.johnson7086@outlook.com,United States,2021-04-29,Premium,2749.82
7087,David Wang,david.wang7087@outlook.com,Canada,2025-05-29,Basic,4519.37
7088,Thomas Smith,thomas.smith7088@company.org,Canada,2022-01-07,Standard,1571.91
7089,Richard Garcia,richard.garcia7089@company.org,Germany,2025-08-15,Standard,3931.08
7090,Joseph Garcia,joseph.garcia7090@outlook.com,Australia,2022-07-05,Basic,115.08
7091,Amit Jones,amit.jones7091@company.org,Australia,2020-10-25,Standard,4218.95
7092,Carlos Johnson,carlos.johnson7092@gmail.com,United Kingdom,2023-09-11,Basic,1301.82
7093,John Williams,john.williams7093@example.com,Brazil,2025-04-25,Premium,3815.81
7094,Arjun Verma,arjun.verma7094@gmail.com,Australia,2021-05-15,Basic,4917.76
7095,Karen Brown,karen.brown7095@company.org,Canada,2020-12-25,Premium,171.34
7096,Neha Williams,neha.williams7096@outlook.com,India,2021-06-04,Basic,4840.48
7097,Sofia Smith,sofia.smith7097@example.com,Canada,2020-06-19,Standard,3688.13
7098,Barbara Williams,barbara.williams7098@outlook.com,France,2022-05-21,Basic,4020.98
7099,Robert Wang,robert.wang7099@example.com,Germany,2024-04-16,Premium,2880.14
7100,Sofia Lee,,Japan,2022-07-15,Premium,2354.07
7101,Karen Miller,karen.miller7101@gmail.com,Germany,2024-02-23,Basic,4261.32
7102,Karen Johnson,karen.johnson7102@example.com,United States,2024-02-12,Standard,1033.54
7103,Ananya Johnson,ananya.johnson7103@example.com,India,2021-09-01,Standard,4155.72
7104,Mei Brown,mei.brown7104@yahoo.com,Japan,2022-04-20,Premium,4234.32
7105,Karen Williams,karen.williams7105@yahoo.com,Australia,2020-10-11,Premium,1148.05
7106,Susan Patel,susan.patel7106@company.org,Canada,2022-02-15,Standard,1522.53
7107,Susan Verma,susan.verma7107@techcorp.io,United Kingdom,2020-12-10,Premium,1565.86
7108,Neha Sharma,neha.sharma7108@techcorp.io,Canada,2024-03-07,Standard,2782.02
7109,Patricia Verma,patricia.verma7109@gmail.com,Brazil,2023-08-02,Basic,4584.93
7110,Richard Davis,richard.davis7110@techcorp.io,India,2025-01-07,Premium,2775.43
7111,Jessica Singh,jessica.singh7111@yahoo.com,United Kingdom,2020-07-08,Basic,1032.45
7112,William Jones,william.jones7112@yahoo.com,United Kingdom,2022-06-28,Premium,2614.82
7113,Rahul Davis,rahul.davis7113@gmail.com,France,2020-01-17,Basic,1655.76
7114,Karen Jones,karen.jones7114@example.com,United States,2022-11-24,Basic,170.04
7115,Elizabeth Davis,elizabeth.davis7115@company.org,France,2024-04-03,Standard,2599.73
7116,Joseph Johnson,joseph.johnson7116@example.com,Germany,2024-05-11,Basic,3704.2
7117,Joseph Sharma,joseph.sharma7117@example.com,Brazil,2024-09-10,Standard,1052.56
7118,Thomas Smith,thomas.smith7118@outlook.com,United Kingdom,2025-06-11,Basic,2673.08
7119,Wei Kim,wei.kim7119@company.org,Germany,2022-04-04,Basic,4420.49
7120,Mary Lee,mary.lee7120@example.com,United States,2021-01-17,Premium,3995.85
7121,Charles Kim,charles.kim7121@yahoo.com,Canada,2025-03-16,Standard,299.36
7122,Priya Chen,priya.chen7122@outlook.com,India,2024-06-10,Basic,566.35
7123,Charles Zhang,charles.zhang7123@techcorp.io,France,2022-02-09,Standard,2328.95
7124,Sofia Garcia,sofia.garcia7124@company.org,India,2024-10-01,Premium,4739.8
7125,Richard Smith,richard.smith7125@gmail.com,France,2024-06-22,Premium,3420.62
7126,Thomas Williams,thomas.williams7126@yahoo.com,Japan,2020-07-11,Standard,3648.22
7127,Jennifer Verma,jennifer.verma7127@yahoo.com,Brazil,2022-12-26,Standard,1646.5
7128,Sofia Smith,sofia.smith7128@example.com,Brazil,2020-11-03,Premium,2275.45
7129,Robert Garcia,robert.garcia7129@techcorp.io,Canada,2021-02-17,Premium,3075.17
7130,Ananya Chen,ananya.chen7130@company.org,Japan,2020-02-04,Basic,660.39
7131,Sarah Johnson,sarah.johnson7131@company.org,United Kingdom,2022-12-18,Premium,3638.16
7132,Karen Kim,karen.kim7132@outlook.com,Canada,2022-11-20,Premium,4931.09
7133,Sarah Lee,sarah.lee7133@gmail.com,Canada,2022-10-07,Basic,1312.14
7134,Carlos Sharma,carlos.sharma7134@company.org,France,2025-02-18,Premium,3190.29
7135,Richard Johnson,richard.johnson7135@yahoo.com,India,2022-06-05,Basic,3366.33
7136,Thomas Smith,thomas.smith7136@example.com,France,2024-08-26,Standard,327.76
7137,Sofia Gonzalez,sofia.gonzalez7137@company.org,Japan,2023-05-28,Basic,3219.71
7138,Thomas Wang,thomas.wang7138@techcorp.io,Brazil,2020-02-05,Premium,1097.65
7139,Thomas Garcia,thomas.garcia7139@techcorp.io,Australia,2022-09-14,Standard,579.23
7140,Susan Zhang,susan.zhang7140@company.org,Japan,2020-04-04,Standard,4965.12
7141,John Sharma,john.sharma7141@outlook.com,Japan,2021-02-07,Basic,3177.11
7142,Joseph Miller,joseph.miller7142@techcorp.io,India,2023-03-08,Basic,4866.71
7143,Patricia Wang,patricia.wang7143@techcorp.io,Australia,2024-05-07,Basic,1387.0
7144,Karen Lopez,karen.lopez7144@outlook.com,Canada,2022-10-05,Basic,4183.58
7145,Jessica Kim,jessica.kim7145@yahoo.com,Japan,2022-07-14,Premium,4045.64
7146,Barbara Gonzalez,barbara.gonzalez7146@company.org,Japan,2024-07-31,Standard,717.57
7147,Thomas Martinez,thomas.martinez7147@gmail.com,Japan,2023-01-28,Premium,4581.71
7148,William Smith,william.smith7148@gmail.com,Australia,2024-12-16,Standard,1506.8
7149,Richard Jones,richard.jones7149@gmail.com,Japan,2023-07-20,Standard,1747.58
7150,Robert Sharma,robert.sharma7150@outlook.com,Canada,2021-09-05,Standard,1703.8
7151,Ananya Singh,ananya.singh7151@example.com,Japan,2021-12-15,Premium,934.35
7152,Karen Johnson,karen.johnson7152@example.com,Germany,2021-07-08,Premium,2129.12
7153,Karen Rodriguez,karen.rodriguez7153@gmail.com,France,2020-04-06,Basic,1606.45
7154,Arjun Rodriguez,arjun.rodriguez7154@gmail.com,United Kingdom,2021-11-01,Standard,3600.49
7155,Sofia Davis,sofia.davis7155@company.org,France,2022-06-14,Basic,3099.93
7156,Ananya Miller,ananya.miller7156@company.org,Brazil,2024-05-17,Basic,817.92
7157,Rahul Rodriguez,rahul.rodriguez7157@example.com,Brazil,2024-09-21,Basic,2836.83
7158,Carlos Singh,carlos.singh7158@gmail.com,United States,2022-07-17,Standard,2037.15
7159,Jessica Rodriguez,jessica.rodriguez7159@techcorp.io,Brazil,2020-07-31,Premium,4573.88
7160,Michael Wang,michael.wang7160@techcorp.io,India,2023-06-04,Premium,846.61
7161,Robert Wang,robert.wang7161@yahoo.com,Australia,2020-01-17,Premium,2024.0
7162,Mary Williams,mary.williams7162@yahoo.com,France,2024-08-16,Standard,4283.99
7163,Rahul Johnson,rahul.johnson7163@company.org,France,2020-11-05,Standard,3044.1
7164,Mary Lee,mary.lee7164@gmail.com,United States,2020-07-11,Premium,576.58
7165,Richard Verma,richard.verma7165@techcorp.io,Australia,2023-06-19,Standard,4716.7
7166,Sofia Davis,sofia.davis7166@gmail.com,United States,2021-01-28,Standard,4431.17
7167,Mei Rodriguez,mei.rodriguez7167@example.com,Germany,2025-07-03,Premium,1525.67
7168,Arjun Gonzalez,arjun.gonzalez7168@techcorp.io,Germany,2020-01-18,Premium,1608.22
7169,Wei Jones,wei.jones7169@outlook.com,Brazil,2025-02-17,Premium,4656.72
7170,Michael Johnson,michael.johnson7170@example.com,United Kingdom,2021-10-08,Basic,2087.75
7171,Richard Verma,richard.verma7171@example.com,India,2020-07-06,Premium,2264.8
7172,Rahul Kim,rahul.kim7172@techcorp.io,France,2020-09-26,Basic,4078.13
7173,John Miller,john.miller7173@techcorp.io,Canada,2020-01-04,Premium,776.78
7174,Mary Smith,mary.smith7174@example.com,Canada,2021-12-22,Basic,4894.79
7175,Susan Rodriguez,susan.rodriguez7175@yahoo.com,Canada,2023-06-09,Premium,2098.79
7176,Robert Singh,robert.singh7176@techcorp.io,Australia,2020-09-06,Standard,4867.12
7177,Elizabeth Wang,elizabeth.wang7177@example.com,Canada,2020-11-21,Basic,4980.04
7178,James Garcia,james.garcia7178@company.org,Australia,2023-12-14,Basic,3599.39
7179,Carlos Kim,carlos.kim7179@company.org,Japan,2023-11-07,Standard,3017.55
7180,Carlos Kim,carlos.kim7180@example.com,Australia,2022-02-06,Basic,1338.63
7181,John Verma,john.verma7181@outlook.com,Germany,2021-11-05,Basic,296.18
7182,Mei Brown,mei.brown7182@example.com,Canada,2022-08-04,Basic,4555.93
7183,Linda Gonzalez,linda.gonzalez7183@yahoo.com,Japan,2025-02-18,Premium,1432.29
7184,Rahul Martinez,rahul.martinez7184@yahoo.com,United Kingdom,2021-08-18,Premium,3526.01
7185,Barbara Chen,barbara.chen7185@company.org,France,2025-08-05,Premium,3235.59
7186,Elizabeth Johnson,elizabeth.johnson7186@outlook.com,Japan,2025-02-04,Basic,1346.05
7187,Rahul Patel,rahul.patel7187@techcorp.io,Canada,2025-05-23,Basic,3946.13
7188,Ananya Zhang,ananya.zhang7188@yahoo.com,Canada,2021-02-24,Premium,3985.68
7189,Susan Chen,susan.chen7189@techcorp.io,India,2020-03-30,Basic,3002.36
7190,Joseph Kim,joseph.kim7190@outlook.com,Canada,2021-12-12,Premium,2563.92
7191,Charles Lee,charles.lee7191@yahoo.com,India,2024-04-02,Premium,1335.38
7192,Patricia Jones,patricia.jones7192@company.org,Germany,2024-10-01,Standard,2554.31
7193,Karen Wang,karen.wang7193@gmail.com,Germany,2023-03-10,Premium,2981.09
7194,James Sharma,james.sharma7194@techcorp.io,Australia,2025-04-07,Premium,2886.23
7195,John Verma,john.verma7195@company.org,Canada,2022-07-25,Standard,3408.81
7196,Barbara Patel,barbara.patel7196@outlook.com,India,2021-08-26,Basic,1469.77
7197,Sofia Rodriguez,sofia.rodriguez7197@outlook.com,United States,2025-03-29,Premium,182.79
7198,Arjun Smith,arjun.smith7198@example.com,United Kingdom,2020-10-18,Premium,1234.73
7199,David Lopez,david.lopez7199@techcorp.io,Canada,2022-09-04,Standard,4668.14
7200,Sarah Gonzalez,sarah.gonzalez7200@outlook.com,Australia,2020-03-25,Premium,2389.29
7201,Amit Brown,amit.brown7201@yahoo.com,Brazil,2021-10-31,Basic,3204.02
7202,Ananya Williams,ananya.williams7202@yahoo.com,France,2023-06-17,Premium,803.33
7203,Priya Zhang,priya.zhang7203@gmail.com,Australia,2022-11-14,Standard,3852.43
7204,Sarah Zhang,sarah.zhang7204@company.org,United Kingdom,2025-03-17,Premium,4859.36
7205,Mary Wang,mary.wang7205@gmail.com,Australia,2020-04-25,Standard,174.43
7206,Barbara Gonzalez,barbara.gonzalez7206@techcorp.io,United States,2024-07-05,Basic,1954.91
7207,Michael Garcia,michael.garcia7207@example.com,France,2022-01-04,Standard,3583.28
7208,Mei Miller,mei.miller7208@yahoo.com,France,2023-10-02,Standard,806.97
7209,Arjun Wang,arjun.wang7209@company.org,Brazil,2020-08-03,Standard,3706.62
7210,Mary Wang,mary.wang7210@company.org,United Kingdom,2024-12-11,Premium,4626.82
7211,Jessica Wang,jessica.wang7211@techcorp.io,Australia,2021-10-29,Premium,4854.09
7212,Michael Lopez,michael.lopez7212@company.org,France,2022-03-10,Standard,2850.28
7213,Patricia Zhang,patricia.zhang7213@outlook.com,Australia,2023-02-09,Standard,582.77
7214,Priya Lee,priya.lee7214@company.org,United Kingdom,2024-01-24,Standard,4866.82
7215,Carlos Lee,carlos.lee7215@yahoo.com,Brazil,2021-11-09,Standard,4052.44
7216,Neha Lopez,neha.lopez7216@gmail.com,India,2024-09-13,Standard,568.07
7217,Karen Lee,karen.lee7217@outlook.com,Germany,2025-05-26,Standard,2259.35
7218,Ananya Kim,ananya.kim7218@techcorp.io,Japan,2021-02-08,Standard,3231.76
7219,Neha Davis,neha.davis7219@yahoo.com,United Kingdom,2020-10-16,Premium,2257.55
7220,Arjun Davis,arjun.davis7220@gmail.com,United Kingdom,2023-05-08,Standard,1680.87
7221,Richard Williams,richard.williams7221@company.org,France,2021-01-23,Standard,1928.33
7222,Rahul Johnson,rahul.johnson7222@yahoo.com,India,2020-03-24,Basic,3940.18
7223,Jennifer Wang,jennifer.wang7223@company.org,France,2023-06-14,Premium,3073.49
7224,Charles Verma,charles.verma7224@company.org,Japan,2020-08-19,Basic,1787.62
7225,Rahul Jones,rahul.jones7225@outlook.com,United Kingdom,2020-08-06,Premium,3938.6
7226,Michael Brown,michael.brown7226@company.org,United States,2023-09-17,Basic,4441.26
7227,Wei Patel,wei.patel7227@company.org,United Kingdom,2021-11-29,Premium,2803.63
7228,Rahul Lee,rahul.lee7228@techcorp.io,Germany,2025-08-01,Standard,3393.84
7229,Ananya Patel,ananya.patel7229@yahoo.com,Germany,2024-06-06,Premium,3397.8
7230,Jessica Sharma,jessica.sharma7230@yahoo.com,India,2020-11-10,Premium,4414.77
7231,Jennifer Rodriguez,jennifer.rodriguez7231@yahoo.com,Brazil,2025-07-08,Basic,4303.26
7232,James Chen,james.chen7232@outlook.com,Japan,2022-02-28,Premium,530.28
7233,Mei Gonzalez,mei.gonzalez7233@outlook.com,Canada,2023-01-01,Basic,2988.89
7234,Charles Patel,charles.patel7234@techcorp.io,Canada,2023-07-16,Premium,2894.71
7235,Arjun Gonzalez,arjun.gonzalez7235@example.com,Germany,2022-12-12,Premium,1052.41
7236,William Smith,william.smith7236@company.org,Germany,2025-07-12,Standard,4709.2
7237,John Verma,john.verma7237@example.com,United Kingdom,2024-08-22,Premium,1690.5
7238,Rahul Chen,rahul.chen7238@gmail.com,Australia,2021-03-25,Premium,822.47
7239,John Gonzalez,john.gonzalez7239@gmail.com,United States,2022-02-23,Basic,3282.5
7240,Susan Chen,susan.chen7240@yahoo.com,United States,2025-05-07,Standard,2916.31
7241,William Rodriguez,william.rodriguez7241@techcorp.io,Australia,2024-08-23,Standard,4758.76
7242,John Lopez,john.lopez7242@example.com,France,2025-02-23,Premium,1913.37
7243,James Williams,james.williams7243@techcorp.io,Australia,2020-08-11,Premium,1388.07
7244,William Smith,william.smith7244@gmail.com,United States,2022-01-29,Standard,3287.53
7245,David Chen,david.chen7245@example.com,Canada,2025-03-05,Standard,2125.3
7246,Rahul Patel,rahul.patel7246@outlook.com,Japan,2022-02-27,Premium,739.38
7247,Rahul Wang,rahul.wang7247@example.com,Canada,2020-12-08,Basic,1720.93
7248,Susan Zhang,susan.zhang7248@outlook.com,United States,2021-09-14,Basic,1256.13
7249,Karen Martinez,karen.martinez7249@example.com,Germany,2021-04-25,Standard,3529.72
7250,Rahul Smith,rahul.smith7250@example.com,India,2024-03-16,Standard,1140.49
7251,Wei Chen,wei.chen7251@yahoo.com,United States,2023-08-11,Basic,3891.35
7252,Mei Martinez,mei.martinez7252@yahoo.com,Brazil,2020-01-01,Standard,3561.24
7253,John Gonzalez,john.gonzalez7253@example.com,Germany,2022-04-09,Basic,4676.04
7254,Ananya Gonzalez,ananya.gonzalez7254@example.com,India,2023-12-11,Basic,2421.06
7255,Mei Johnson,mei.johnson7255@example.com,France,2021-05-13,Standard,3039.31
7256,Linda Singh,linda.singh7256@example.com,United States,2023-09-20,Premium,340.09
7257,Patricia Brown,patricia.brown7257@example.com,Japan,2024-12-19,Premium,2182.17
7258,Michael Brown,michael.brown7258@company.org,Canada,2024-08-16,Standard,209.78
7259,Sofia Lopez,sofia.lopez7259@example.com,United States,2025-03-04,Standard,3098.64
7260,Wei Williams,wei.williams7260@yahoo.com,Germany,2022-06-15,Basic,2589.92
7261,Arjun Wang,arjun.wang7261@company.org,Brazil,2023-06-27,Premium,2372.0
7262,Mei Lee,mei.lee7262@company.org,Brazil,2021-09-19,Standard,3899.54
7263,Joseph Verma,joseph.verma7263@company.org,France,2024-05-23,Premium,3448.47
7264,Jennifer Chen,jennifer.chen7264@outlook.com,Brazil,2022-02-06,Premium,1209.94
7265,Mei Johnson,mei.johnson7265@company.org,Japan,2020-09-22,Standard,1323.85
7266,Wei Sharma,wei.sharma7266@company.org,Australia,2020-03-06,Basic,4071.44
7267,Michael Miller,michael.miller7267@example.com,Japan,2021-09-12,Premium,3306.45
7268,John Sharma,john.sharma7268@example.com,Japan,2020-09-27,Standard,137.93
7269,Jennifer Kim,jennifer.kim7269@yahoo.com,Canada,2024-07-19,Standard,4694.1
7270,Rahul Brown,rahul.brown7270@techcorp.io,United Kingdom,2025-01-14,Basic,2129.69
7271,David Johnson,david.johnson7271@company.org,Canada,2021-11-17,Premium,4060.7
7272,Michael Brown,michael.brown7272@outlook.com,France,2022-08-23,Standard,4917.79
7273,John Davis,john.davis7273@gmail.com,India,2024-02-02,Basic,2587.65
7274,John Davis,john.davis7274@example.com,United States,2020-04-17,Standard,4518.39
7275,Karen Johnson,karen.johnson7275@outlook.com,France,2023-06-04,Standard,3012.2
7276,Mary Verma,mary.verma7276@techcorp.io,Brazil,2020-09-22,Standard,536.29
7277,Arjun Davis,arjun.davis7277@company.org,Canada,2021-09-29,Standard,2820.64
7278,Carlos Williams,carlos.williams7278@techcorp.io,India,2021-10-19,Standard,3958.55
7279,Sarah Lopez,,United States,2025-08-12,Standard,4788.21
7280,Mary Gonzalez,mary.gonzalez7280@example.com,Brazil,2020-10-24,Standard,1576.09
7281,John Singh,john.singh7281@techcorp.io,France,2024-05-11,Basic,558.99
7282,Arjun Chen,arjun.chen7282@techcorp.io,Germany,2023-02-13,Basic,4853.23
7283,Susan Wang,susan.wang7283@gmail.com,Brazil,2020-05-02,Standard,3714.88
7284,Neha Verma,neha.verma7284@company.org,Germany,2023-02-21,Premium,107.66
7285,Karen Gonzalez,karen.gonzalez7285@example.com,Japan,2023-08-13,Premium,2446.6
7286,Elizabeth Smith,elizabeth.smith7286@gmail.com,United Kingdom,2020-08-28,Basic,463.39
7287,John Zhang,john.zhang7287@example.com,India,2025-01-06,Standard,2967.92
7288,Karen Singh,karen.singh7288@yahoo.com,Germany,2023-06-24,Premium,1553.56
7289,Sofia Chen,sofia.chen7289@example.com,Canada,2021-02-15,Premium,1388.88
7290,Wei Verma,wei.verma7290@company.org,United Kingdom,2022-01-11,Standard,422.65
7291,Charles Johnson,charles.johnson7291@gmail.com,United States,2021-07-12,Standard,1200.41
7292,William Lopez,william.lopez7292@yahoo.com,Germany,2024-12-19,Standard,3501.92
7293,Jessica Johnson,jessica.johnson7293@company.org,Australia,2023-06-07,Premium,868.85
7294,Thomas Garcia,thomas.garcia7294@yahoo.com,Australia,2024-02-27,Standard,1032.61
7295,William Rodriguez,william.rodriguez7295@company.org,Germany,2021-01-09,Basic,2636.81
7296,James Brown,james.brown7296@gmail.com,Australia,2023-10-20,Standard,2056.73
7297,William Brown,william.brown7297@techcorp.io,Australia,2021-02-24,Basic,3131.69
7298,Arjun Verma,arjun.verma7298@outlook.com,United Kingdom,2021-10-05,Basic,2379.23
7299,James Zhang,james.zhang7299@yahoo.com,Japan,2022-09-19,Basic,2341.09
7300,Carlos Garcia,carlos.garcia7300@outlook.com,Germany,2022-06-21,Basic,1429.86
7301,William Jones,william.jones7301@gmail.com,United Kingdom,2023-12-02,Premium,2438.64
7302,Charles Singh,charles.singh7302@outlook.com,France,2021-11-10,Premium,82.11
7303,Michael Davis,michael.davis7303@outlook.com,United States,2020-02-20,Standard,3561.82
7304,Mei Sharma,mei.sharma7304@outlook.com,Brazil,2020-06-30,Standard,3920.53
7305,Jennifer Lopez,jennifer.lopez7305@outlook.com,United States,2025-05-03,Premium,2728.22
7306,Thomas Patel,thomas.patel7306@yahoo.com,Australia,2023-11-23,Premium,2231.39
7307,Jennifer Lee,jennifer.lee7307@yahoo.com,Japan,2020-04-05,Standard,4389.42
7308,Jennifer Gonzalez,jennifer.gonzalez7308@techcorp.io,Australia,2025-03-11,Premium,1127.05
7309,James Zhang,james.zhang7309@gmail.com,Australia,2023-12-13,Premium,708.25
7310,Priya Jones,priya.jones7310@example.com,Germany,2022-04-10,Premium,3338.75
7311,Susan Chen,susan.chen7311@outlook.com,United States,2020-09-17,Basic,1881.96
7312,Mei Jones,mei.jones7312@techcorp.io,Japan,2020-04-10,Basic,4185.95
7313,Arjun Brown,arjun.brown7313@outlook.com,Japan,2025-05-06,Standard,3797.74
7314,Mei Kim,mei.kim7314@company.org,France,2022-05-16,Premium,2463.39
7315,Linda Chen,linda.chen7315@company.org,Brazil,2025-04-19,Basic,2648.82
7316,Mei Sharma,mei.sharma7316@yahoo.com,Brazil,2022-01-24,Premium,4678.4
7317,Sarah Williams,sarah.williams7317@yahoo.com,Germany,2022-07-02,Premium,4350.97
7318,Richard Sharma,richard.sharma7318@example.com,Australia,2022-03-10,Premium,2459.27
7319,Arjun Patel,arjun.patel7319@outlook.com,Canada,2023-09-22,Basic,834.74
7320,David Patel,david.patel7320@yahoo.com,Germany,2021-09-19,Basic,2731.18
7321,Carlos Miller,carlos.miller7321@outlook.com,France,2022-11-16,Premium,1380.7
7322,Robert Lee,robert.lee7322@company.org,France,2021-05-14,Basic,2613.14
7323,Joseph Williams,joseph.williams7323@company.org,France,2020-06-30,Premium,2190.99
7324,Charles Gonzalez,charles.gonzalez7324@yahoo.com,Canada,2023-10-24,Basic,232.85
7325,Richard Zhang,richard.zhang7325@yahoo.com,Brazil,2021-09-14,Premium,747.4
7326,Richard Jones,richard.jones7326@company.org,Brazil,2024-03-27,Basic,1565.34
7327,Jennifer Wang,jennifer.wang7327@company.org,Australia,2025-07-22,Basic,3763.49
7328,Linda Singh,linda.singh7328@techcorp.io,United Kingdom,2020-02-21,Standard,1914.19
7329,David Gonzalez,david.gonzalez7329@techcorp.io,France,2021-12-22,Standard,3151.42
7330,Priya Lee,priya.lee7330@example.com,Canada,2020-10-27,Basic,1110.57
7331,Jennifer Kim,jennifer.kim7331@company.org,Brazil,2020-01-07,Premium,4832.74
7332,Sarah Zhang,sarah.zhang7332@company.org,France,2020-05-07,Premium,389.52
7333,Carlos Smith,carlos.smith7333@example.com,India,2023-03-02,Premium,3735.53
7334,Sofia Miller,sofia.miller7334@techcorp.io,France,2020-04-15,Basic,3910.79
7335,Susan Zhang,susan.zhang7335@gmail.com,Brazil,2023-09-28,Premium,3328.61
7336,Elizabeth Rodriguez,elizabeth.rodriguez7336@outlook.com,United Kingdom,2025-06-21,Basic,3908.88
7337,Wei Miller,wei.miller7337@yahoo.com,France,2025-07-17,Standard,4275.71
7338,Michael Kim,michael.kim7338@yahoo.com,India,2020-11-06,Premium,4615.06
7339,Mary Martinez,,Brazil,2023-05-01,Premium,1241.42
7340,Arjun Lee,arjun.lee7340@example.com,Japan,2023-09-11,Standard,2587.44
7341,Ananya Rodriguez,ananya.rodriguez7341@yahoo.com,India,2021-05-12,Premium,3808.25
7342,Mary Williams,mary.williams7342@company.org,Japan,2023-02-17,Standard,872.35
7343,John Davis,john.davis7343@gmail.com,India,2021-10-15,Standard,1816.19
7344,Amit Chen,amit.chen7344@outlook.com,France,2020-01-31,Basic,333.45
7345,Priya Miller,priya.miller7345@gmail.com,Germany,2020-10-22,Standard,2662.73
7346,Joseph Smith,joseph.smith7346@outlook.com,Germany,2022-09-28,Basic,2494.95
7347,David Zhang,david.zhang7347@company.org,Brazil,2021-01-11,Basic,2688.66
7348,Karen Garcia,karen.garcia7348@gmail.com,France,2022-06-14,Basic,4292.33
7349,Patricia Patel,patricia.patel7349@outlook.com,Germany,2025-01-31,Basic,4390.24
7350,John Kim,john.kim7350@company.org,India,2020-02-09,Premium,1753.42
7351,Patricia Johnson,patricia.johnson7351@gmail.com,India,2025-02-25,Premium,3311.12
7352,Jennifer Sharma,jennifer.sharma7352@gmail.com,United Kingdom,2024-06-13,Premium,890.99
7353,Michael Kim,michael.kim7353@techcorp.io,United States,2020-11-03,Basic,3329.4
7354,Mary Garcia,mary.garcia7354@gmail.com,Brazil,2021-01-07,Premium,1593.09
7355,John Rodriguez,john.rodriguez7355@example.com,France,2020-12-03,Premium,1219.29
7356,Richard Johnson,richard.johnson7356@example.com,Japan,2021-08-08,Standard,825.76
7357,Rahul Martinez,rahul.martinez7357@outlook.com,United States,2020-01-30,Standard,3692.31
7358,Carlos Miller,carlos.miller7358@techcorp.io,Australia,2022-07-25,Basic,4804.93
7359,Barbara Smith,barbara.smith7359@gmail.com,France,2022-02-06,Standard,703.63
7360,John Johnson,john.johnson7360@outlook.com,Canada,2024-03-27,Basic,2452.48
7361,Mary Verma,mary.verma7361@techcorp.io,India,2023-10-16,Basic,1074.35
7362,Priya Jones,priya.jones7362@gmail.com,France,2024-12-20,Basic,322.8
7363,Mei Lee,mei.lee7363@yahoo.com,Canada,2020-01-01,Standard,1581.53
7364,Rahul Miller,rahul.miller7364@outlook.com,France,2024-08-26,Standard,1232.36
7365,Charles Johnson,charles.johnson7365@yahoo.com,France,2022-07-11,Premium,4902.49
7366,Barbara Wang,barbara.wang7366@outlook.com,United Kingdom,2022-06-25,Premium,550.84
7367,David Zhang,david.zhang7367@gmail.com,United States,2020-04-23,Premium,1527.3
7368,Richard Jones,richard.jones7368@techcorp.io,France,2025-06-22,Standard,266.81
7369,Amit Martinez,amit.martinez7369@example.com,Brazil,2022-09-14,Premium,650.32
7370,Richard Verma,richard.verma7370@gmail.com,United States,2022-07-11,Premium,1315.59
7371,Rahul Verma,rahul.verma7371@outlook.com,Brazil,2023-04-04,Standard,4308.72
7372,Elizabeth Gonzalez,elizabeth.gonzalez7372@yahoo.com,United States,2021-02-04,Premium,572.48
7373,Rahul Lopez,rahul.lopez7373@gmail.com,Germany,2022-05-24,Basic,60.84
7374,Richard Verma,richard.verma7374@gmail.com,Brazil,2020-01-29,Standard,3733.44
7375,Wei Lopez,wei.lopez7375@gmail.com,Japan,2023-11-30,Basic,2309.37
7376,David Brown,david.brown7376@techcorp.io,Germany,2024-05-15,Standard,2392.14
7377,Barbara Smith,barbara.smith7377@outlook.com,France,2021-01-20,Standard,3255.14
7378,Priya Jones,priya.jones7378@techcorp.io,Brazil,2023-03-08,Basic,3680.17
7379,Priya Singh,priya.singh7379@outlook.com,France,2025-08-06,Basic,100.28
7380,Carlos Smith,carlos.smith7380@outlook.com,Brazil,2025-06-14,Basic,4454.34
7381,Wei Davis,wei.davis7381@example.com,Australia,2022-07-20,Standard,2465.04
7382,Arjun Martinez,arjun.martinez7382@gmail.com,Canada,2023-04-08,Basic,3626.78
7383,Amit Wang,amit.wang7383@gmail.com,Japan,2023-04-25,Standard,1128.52
7384,Mei Martinez,mei.martinez7384@outlook.com,Australia,2023-12-25,Basic,4788.1
7385,Mary Johnson,mary.johnson7385@yahoo.com,United States,2024-10-13,Premium,2934.54
7386,Elizabeth Wang,elizabeth.wang7386@yahoo.com,Australia,2024-10-05,Standard,719.39
7387,Joseph Jones,joseph.jones7387@company.org,Canada,2022-04-12,Standard,3164.48
7388,Mary Lopez,mary.lopez7388@gmail.com,Brazil,2021-10-15,Standard,1650.84
7389,Rahul Zhang,rahul.zhang7389@gmail.com,Canada,2024-10-29,Premium,1520.78
7390,Mary Jones,mary.jones7390@yahoo.com,France,2020-01-25,Standard,1513.23
7391,Jessica Johnson,jessica.johnson7391@example.com,United States,2021-11-16,Basic,1846.88
7392,David Sharma,david.sharma7392@yahoo.com,India,2022-02-09,Standard,3727.86
7393,Joseph Singh,joseph.singh7393@yahoo.com,Germany,2020-04-25,Premium,1764.82
7394,Sofia Williams,sofia.williams7394@example.com,Australia,2022-12-25,Premium,206.32
7395,Richard Davis,richard.davis7395@example.com,United States,2023-12-08,Premium,1377.4
7396,Jennifer Kim,jennifer.kim7396@gmail.com,Japan,2022-02-08,Premium,1060.62
7397,Arjun Lopez,arjun.lopez7397@techcorp.io,France,2021-02-27,Basic,3816.16
7398,Arjun Kim,arjun.kim7398@yahoo.com,France,2023-12-20,Standard,4763.51
7399,Robert Johnson,robert.johnson7399@example.com,Canada,2024-05-01,Standard,3618.22
7400,Wei Wang,wei.wang7400@example.com,Canada,2025-03-13,Premium,4092.15
7401,Richard Garcia,richard.garcia7401@outlook.com,United States,2022-12-07,Standard,336.95
7402,Priya Williams,priya.williams7402@techcorp.io,Canada,2022-10-12,Premium,2922.73
7403,Robert Verma,robert.verma7403@example.com,United States,2021-11-29,Premium,2188.05
7404,James Jones,james.jones7404@company.org,Australia,2023-10-03,Basic,1291.88
7405,Thomas Jones,thomas.jones7405@outlook.com,Australia,2021-07-31,Basic,1268.27
7406,Sofia Kim,sofia.kim7406@example.com,Australia,2021-04-27,Premium,3824.64
7407,Patricia Lee,patricia.lee7407@company.org,United States,2023-11-30,Basic,2673.91
7408,Michael Lopez,michael.lopez7408@gmail.com,Australia,2022-03-08,Basic,4855.25
7409,Jessica Davis,jessica.davis7409@gmail.com,Brazil,2022-07-10,Basic,1173.64
7410,Carlos Zhang,carlos.zhang7410@outlook.com,United States,2021-03-04,Premium,2182.29
7411,Jessica Chen,jessica.chen7411@example.com,Germany,2020-09-23,Premium,4332.08
7412,Patricia Smith,patricia.smith7412@outlook.com,United States,2025-06-28,Basic,2914.27
7413,Mary Lopez,mary.lopez7413@outlook.com,Japan,2023-04-16,Standard,1774.33
7414,Amit Rodriguez,amit.rodriguez7414@gmail.com,France,2021-04-21,Standard,1273.81
7415,Joseph Singh,joseph.singh7415@example.com,United Kingdom,2023-06-04,Basic,626.41
7416,Amit Gonzalez,amit.gonzalez7416@outlook.com,Australia,2024-08-19,Standard,2151.82
7417,David Lopez,david.lopez7417@example.com,Germany,2024-03-24,Basic,3697.47
7418,Linda Garcia,linda.garcia7418@techcorp.io,Japan,2022-06-13,Basic,4818.28
7419,Linda Wang,linda.wang7419@gmail.com,United Kingdom,2020-11-18,Premium,3350.54
7420,Mary Sharma,mary.sharma7420@example.com,France,2023-08-08,Premium,4038.49
7421,Patricia Rodriguez,patricia.rodriguez7421@gmail.com,United Kingdom,2023-06-16,Basic,154.23
7422,Joseph Patel,joseph.patel7422@company.org,United Kingdom,2021-09-07,Premium,3911.85
7423,Joseph Patel,joseph.patel7423@techcorp.io,Brazil,2020-12-17,Premium,3183.67
7424,Susan Johnson,susan.johnson7424@outlook.com,India,2021-02-27,Standard,3972.58
7425,Jennifer Rodriguez,jennifer.rodriguez7425@yahoo.com,United Kingdom,2024-10-18,Premium,1239.56
7426,William Miller,william.miller7426@example.com,United Kingdom,2020-07-04,Basic,1128.38
7427,John Zhang,john.zhang7427@outlook.com,United Kingdom,2023-03-22,Basic,982.79
7428,Mei Wang,mei.wang7428@techcorp.io,India,2024-11-26,Premium,2829.61
7429,Susan Brown,susan.brown7429@gmail.com,India,2023-03-21,Standard,1939.67
7430,Carlos Garcia,carlos.garcia7430@gmail.com,Japan,2022-04-19,Standard,2333.25
7431,Jessica Davis,jessica.davis7431@techcorp.io,Australia,2023-07-02,Basic,1438.82
7432,David Verma,david.verma7432@example.com,Canada,2025-01-25,Basic,367.84
7433,Patricia Patel,patricia.patel7433@company.org,Brazil,2023-08-31,Premium,921.81
7434,Richard Davis,richard.davis7434@example.com,United States,2020-02-26,Premium,4347.48
7435,Thomas Lopez,thomas.lopez7435@outlook.com,United Kingdom,2022-03-07,Basic,666.65
7436,Sarah Verma,sarah.verma7436@example.com,Brazil,2021-03-02,Standard,1898.94
7437,Susan Smith,susan.smith7437@company.org,Brazil,2020-07-12,Premium,3971.41
7438,William Williams,william.williams7438@company.org,United States,2021-06-15,Standard,1457.45
7439,Richard Garcia,richard.garcia7439@company.org,Brazil,2021-11-29,Standard,374.73
7440,Michael Rodriguez,michael.rodriguez7440@techcorp.io,France,2020-05-19,Premium,2314.68
7441,Arjun Singh,arjun.singh7441@yahoo.com,India,2022-12-08,Premium,1015.98
7442,John Zhang,john.zhang7442@gmail.com,United Kingdom,2025-01-23,Basic,3827.41
7443,Charles Miller,charles.miller7443@company.org,United States,2023-06-05,Standard,83.44
7444,Linda Smith,linda.smith7444@techcorp.io,Brazil,2022-07-30,Standard,2860.05
7445,Rahul Williams,rahul.williams7445@example.com,Canada,2025-06-30,Standard,1312.61
7446,Jennifer Wang,jennifer.wang7446@yahoo.com,Brazil,2024-07-25,Premium,4058.96
7447,Michael Davis,michael.davis7447@techcorp.io,Japan,2021-06-22,Premium,848.76
7448,Jessica Kim,jessica.kim7448@gmail.com,Brazil,2020-11-03,Standard,1759.51
7449,Michael Lee,michael.lee7449@yahoo.com,Australia,2022-10-17,Basic,4665.99
7450,John Miller,john.miller7450@example.com,Japan,2020-09-16,Standard,304.2
7451,Linda Davis,linda.davis7451@company.org,Canada,2020-10-24,Premium,2394.13
7452,Thomas Chen,thomas.chen7452@example.com,United States,2021-09-24,Premium,2490.93
7453,Karen Smith,karen.smith7453@example.com,Germany,2024-08-21,Premium,3444.26
7454,Thomas Zhang,thomas.zhang7454@gmail.com,United States,2023-10-18,Premium,199.9
7455,Charles Williams,charles.williams7455@example.com,Japan,2020-11-01,Basic,2678.87
7456,Priya Davis,priya.davis7456@example.com,United Kingdom,2023-09-09,Premium,2858.26
7457,Arjun Johnson,arjun.johnson7457@company.org,Germany,2022-01-22,Standard,3248.93
7458,Thomas Brown,thomas.brown7458@outlook.com,France,2023-11-27,Basic,2988.15
7459,Linda Singh,linda.singh7459@company.org,Brazil,2021-08-31,Basic,4734.79
7460,Arjun Garcia,arjun.garcia7460@gmail.com,Japan,2021-11-16,Premium,1537.53
7461,Thomas Singh,thomas.singh7461@gmail.com,India,2023-10-27,Standard,4008.86
7462,Priya Garcia,priya.garcia7462@yahoo.com,United States,2024-05-11,Standard,2785.08
7463,John Lee,john.lee7463@outlook.com,France,2025-07-05,Basic,4975.11
7464,William Williams,william.williams7464@yahoo.com,Brazil,2020-01-04,Standard,1509.53
7465,Patricia Garcia,patricia.garcia7465@gmail.com,Brazil,2022-04-05,Standard,684.39
7466,Sarah Chen,sarah.chen7466@outlook.com,Brazil,2023-09-12,Standard,969.81
7467,Wei Chen,wei.chen7467@company.org,Brazil,2024-10-09,Premium,397.61
7468,Sofia Davis,sofia.davis7468@yahoo.com,Japan,2025-02-23,Standard,175.4
7469,Susan Miller,susan.miller7469@company.org,Australia,2020-09-28,Premium,1238.89
7470,Sarah Lee,sarah.lee7470@company.org,United States,2024-10-13,Standard,3874.39
7471,Elizabeth Williams,elizabeth.williams7471@techcorp.io,France,2022-10-25,Premium,1135.56
7472,Carlos Singh,carlos.singh7472@example.com,United Kingdom,2022-10-07,Standard,3719.62
7473,Wei Verma,wei.verma7473@example.com,India,2023-01-20,Standard,1146.07
7474,Jessica Chen,jessica.chen7474@example.com,Japan,2024-01-23,Premium,733.58
7475,Karen Rodriguez,karen.rodriguez7475@outlook.com,Brazil,2022-08-15,Standard,414.87
7476,Priya Zhang,priya.zhang7476@techcorp.io,United Kingdom,2024-12-06,Standard,1594.67
7477,Carlos Lee,carlos.lee7477@yahoo.com,United Kingdom,2024-03-25,Basic,1446.14
7478,William Rodriguez,william.rodriguez7478@outlook.com,United States,2022-01-17,Standard,4171.39
7479,Richard Wang,richard.wang7479@techcorp.io,United States,2021-09-28,Basic,4931.17
7480,Ananya Zhang,ananya.zhang7480@yahoo.com,Australia,2020-10-20,Standard,3807.17
7481,Neha Smith,neha.smith7481@yahoo.com,Japan,2024-08-10,Basic,3832.08
7482,Charles Martinez,charles.martinez7482@gmail.com,United Kingdom,2020-05-06,Standard,1108.66
7483,William Williams,william.williams7483@techcorp.io,Germany,2024-11-25,Premium,4465.07
7484,Sarah Smith,sarah.smith7484@company.org,France,2023-07-29,Standard,4299.99
7485,James Zhang,james.zhang7485@example.com,India,2025-03-09,Basic,4339.8
7486,Mei Zhang,mei.zhang7486@yahoo.com,United Kingdom,2020-11-23,Basic,683.13
7487,Elizabeth Johnson,elizabeth.johnson7487@yahoo.com,Japan,2024-02-12,Premium,1490.11
7488,Barbara Johnson,,France,2024-03-09,Standard,1853.98
7489,David Wang,david.wang7489@outlook.com,Brazil,2024-03-28,Basic,3191.28
7490,Sarah Williams,sarah.williams7490@gmail.com,Japan,2020-01-14,Standard,2001.76
7491,Mei Sharma,mei.sharma7491@outlook.com,Japan,2022-05-10,Premium,3599.52
7492,Arjun Martinez,arjun.martinez7492@gmail.com,United States,2024-07-15,Basic,3905.12
7493,Neha Singh,neha.singh7493@example.com,India,2024-07-29,Premium,4314.39
7494,Priya Sharma,priya.sharma7494@yahoo.com,India,2024-12-09,Standard,2059.08
7495,Ananya Garcia,ananya.garcia7495@outlook.com,Canada,2024-03-14,Standard,3024.09
7496,Amit Lee,amit.lee7496@gmail.com,Brazil,2020-12-12,Standard,1103.96
7497,Arjun Patel,arjun.patel7497@company.org,Japan,2023-09-06,Standard,1695.38
7498,Ananya Verma,ananya.verma7498@outlook.com,France,2020-03-09,Standard,2805.14
7499,William Garcia,william.garcia7499@example.com,United States,2024-03-06,Basic,1215.56
7500,Thomas Kim,thomas.kim7500@yahoo.com,Canada,2024-11-17,Premium,2031.27
7501,Neha Johnson,neha.johnson7501@company.org,India,2025-03-24,Standard,2611.77
7502,Mary Martinez,mary.martinez7502@gmail.com,Canada,2020-03-21,Basic,2124.23
7503,Linda Martinez,linda.martinez7503@company.org,Japan,2022-12-01,Standard,571.23
7504,Ananya Patel,ananya.patel7504@gmail.com,United Kingdom,2025-01-17,Premium,329.79
7505,Jennifer Garcia,jennifer.garcia7505@techcorp.io,United Kingdom,2020-03-31,Premium,3250.49
7506,Elizabeth Martinez,elizabeth.martinez7506@yahoo.com,India,2021-10-30,Basic,3965.85
7507,William Sharma,william.sharma7507@outlook.com,Japan,2020-05-05,Basic,2403.54
7508,David Patel,david.patel7508@example.com,Brazil,2025-06-10,Basic,4695.76
7509,Mary Patel,mary.patel7509@techcorp.io,United Kingdom,2024-09-12,Standard,2261.39
7510,Thomas Miller,thomas.miller7510@example.com,India,2024-02-25,Basic,4826.32
7511,Mary Martinez,mary.martinez7511@gmail.com,United Kingdom,2024-06-22,Standard,2304.39
7512,Richard Wang,richard.wang7512@company.org,Australia,2022-04-06,Premium,686.67
7513,Robert Rodriguez,robert.rodriguez7513@company.org,France,2025-05-17,Basic,2366.18
7514,Charles Singh,charles.singh7514@example.com,Australia,2023-09-07,Standard,2933.97
7515,Patricia Jones,patricia.jones7515@gmail.com,Canada,2023-10-02,Standard,3366.58
7516,Sofia Garcia,sofia.garcia7516@company.org,Canada,2023-05-06,Basic,2821.1
7517,Neha Zhang,neha.zhang7517@yahoo.com,France,2025-01-04,Standard,2878.55
7518,Patricia Davis,patricia.davis7518@techcorp.io,France,2024-05-03,Standard,1384.2
7519,Sarah Zhang,sarah.zhang7519@example.com,Brazil,2024-05-19,Premium,4364.49
7520,Thomas Wang,thomas.wang7520@company.org,France,2022-08-08,Premium,4568.91
7521,Elizabeth Brown,elizabeth.brown7521@company.org,United Kingdom,2023-08-18,Premium,238.95
7522,Neha Lopez,neha.lopez7522@outlook.com,United States,2023-02-26,Standard,1339.04
7523,William Garcia,william.garcia7523@example.com,United States,2025-01-28,Basic,1843.39
7524,William Sharma,william.sharma7524@techcorp.io,Germany,2025-05-21,Premium,2089.23
7525,Mary Lopez,mary.lopez7525@outlook.com,Canada,2025-02-27,Premium,857.39
7526,Jessica Rodriguez,,Japan,2023-07-24,Basic,4366.82
7527,Linda Lopez,linda.lopez7527@gmail.com,Canada,2024-04-12,Basic,1234.21
7528,Sarah Garcia,sarah.garcia7528@company.org,United States,2022-07-24,Standard,2098.83
7529,Karen Lopez,karen.lopez7529@techcorp.io,India,2020-03-17,Premium,3278.26
7530,Barbara Kim,barbara.kim7530@example.com,Japan,2025-02-23,Basic,4458.7
7531,Jessica Verma,jessica.verma7531@gmail.com,India,2022-02-22,Premium,3287.54
7532,Karen Miller,karen.miller7532@company.org,Germany,2023-08-13,Standard,4843.63
7533,Joseph Lopez,joseph.lopez7533@example.com,Canada,2024-06-03,Basic,505.35
7534,Jessica Wang,jessica.wang7534@gmail.com,Brazil,2024-07-09,Basic,2061.34
7535,Neha Chen,neha.chen7535@techcorp.io,Brazil,2024-08-11,Basic,2048.58
7536,Linda Davis,linda.davis7536@company.org,France,2022-04-30,Premium,640.93
7537,James Miller,james.miller7537@yahoo.com,France,2021-06-15,Standard,3439.96
7538,Karen Zhang,karen.zhang7538@example.com,Canada,2020-04-21,Premium,1301.68
7539,Richard Verma,richard.verma7539@outlook.com,Japan,2025-01-27,Basic,3899.77
7540,Linda Patel,linda.patel7540@outlook.com,Canada,2022-10-14,Standard,4830.75
7541,Rahul Sharma,rahul.sharma7541@outlook.com,India,2021-06-24,Basic,3281.14
7542,Richard Garcia,richard.garcia7542@gmail.com,Brazil,2020-05-08,Basic,3518.12
7543,Mei Zhang,mei.zhang7543@company.org,United Kingdom,2022-11-09,Premium,859.42
7544,James Smith,james.smith7544@techcorp.io,Germany,2020-03-17,Standard,1268.17
7545,Richard Sharma,richard.sharma7545@gmail.com,Canada,2023-12-24,Standard,2646.95
7546,Karen Singh,karen.singh7546@company.org,United States,2020-06-06,Basic,3025.49
7547,Carlos Miller,carlos.miller7547@yahoo.com,India,2023-07-18,Basic,4040.43
7548,James Rodriguez,james.rodriguez7548@gmail.com,Australia,2025-02-11,Standard,2594.44
7549,William Jones,william.jones7549@example.com,France,2024-09-05,Basic,3275.69
7550,Jennifer Wang,jennifer.wang7550@example.com,United Kingdom,2022-09-16,Basic,1233.16
7551,David Singh,david.singh7551@company.org,Canada,2021-09-25,Basic,513.71
7552,William Rodriguez,william.rodriguez7552@outlook.com,Japan,2024-05-31,Standard,465.67
7553,Mei Garcia,mei.garcia7553@company.org,Australia,2020-08-05,Premium,2101.37
7554,John Smith,john.smith7554@yahoo.com,India,2023-06-11,Basic,3199.76
7555,Carlos Wang,carlos.wang7555@yahoo.com,Germany,2024-07-28,Standard,4140.6
7556,Michael Rodriguez,michael.rodriguez7556@techcorp.io,France,2024-02-22,Premium,4471.4
7557,Barbara Martinez,barbara.martinez7557@example.com,India,2021-06-06,Premium,4011.03
7558,Linda Kim,linda.kim7558@outlook.com,France,2025-02-06,Premium,908.94
7559,William Martinez,william.martinez7559@techcorp.io,United States,2020-11-07,Premium,4720.06
7560,Arjun Zhang,arjun.zhang7560@company.org,Germany,2021-04-14,Standard,3414.26
7561,Wei Sharma,wei.sharma7561@yahoo.com,Australia,2022-12-09,Basic,1747.12
7562,Amit Singh,amit.singh7562@yahoo.com,Brazil,2024-09-27,Premium,3250.27
7563,Jessica Zhang,jessica.zhang7563@gmail.com,United Kingdom,2023-03-08,Premium,2300.37
7564,David Williams,david.williams7564@yahoo.com,Canada,2020-06-26,Standard,3379.67
7565,Karen Williams,karen.williams7565@company.org,Australia,2020-03-16,Standard,3509.07
7566,Sarah Jones,sarah.jones7566@techcorp.io,Canada,2020-07-31,Standard,3374.52
7567,David Rodriguez,david.rodriguez7567@example.com,Australia,2020-11-15,Basic,344.31
7568,Karen Smith,karen.smith7568@techcorp.io,France,2021-03-21,Basic,3139.97
7569,Ananya Verma,ananya.verma7569@company.org,Japan,2022-06-14,Premium,2226.16
7570,David Davis,david.davis7570@gmail.com,United Kingdom,2021-05-01,Standard,2698.97
7571,Richard Martinez,richard.martinez7571@yahoo.com,Canada,2023-01-16,Basic,2757.9
7572,Amit Sharma,amit.sharma7572@outlook.com,United States,2020-09-07,Premium,4949.63
7573,Arjun Miller,arjun.miller7573@gmail.com,Australia,2020-07-14,Standard,2822.99
7574,Linda Smith,linda.smith7574@outlook.com,United Kingdom,2020-04-20,Basic,1237.48
7575,William Gonzalez,william.gonzalez7575@techcorp.io,United Kingdom,2022-02-01,Premium,3132.64
7576,Carlos Patel,carlos.patel7576@yahoo.com,United States,2023-09-17,Premium,1853.31
7577,Amit Verma,amit.verma7577@techcorp.io,Australia,2024-04-16,Basic,4446.16
7578,Elizabeth Lopez,elizabeth.lopez7578@example.com,Australia,2024-04-24,Standard,3679.51
7579,Joseph Kim,joseph.kim7579@techcorp.io,United Kingdom,2022-07-28,Premium,1252.59
7580,Charles Martinez,charles.martinez7580@yahoo.com,India,2020-04-30,Premium,3426.09
7581,John Kim,john.kim7581@company.org,Brazil,2023-12-18,Standard,2757.38
7582,Thomas Garcia,thomas.garcia7582@company.org,United States,2023-10-25,Standard,941.54
7583,Mei Zhang,mei.zhang7583@yahoo.com,Japan,2022-03-24,Basic,3426.49
7584,John Kim,john.kim7584@company.org,Brazil,2024-11-05,Standard,3174.25
7585,Charles Zhang,charles.zhang7585@outlook.com,France,2020-03-13,Standard,3780.74
7586,David Singh,david.singh7586@yahoo.com,Australia,2024-03-24,Premium,2365.4
7587,Carlos Miller,carlos.miller7587@yahoo.com,Japan,2021-02-11,Premium,4045.8
7588,Thomas Chen,thomas.chen7588@outlook.com,Brazil,2025-01-25,Standard,314.6
7589,Charles Kim,charles.kim7589@gmail.com,Germany,2020-05-21,Standard,1739.94
7590,Priya Jones,priya.jones7590@gmail.com,Canada,2024-06-27,Premium,4560.49
7591,Carlos Chen,carlos.chen7591@outlook.com,United Kingdom,2020-03-26,Premium,2024.56
7592,William Kim,william.kim7592@outlook.com,Japan,2025-07-20,Basic,3088.69
7593,Mary Jones,mary.jones7593@outlook.com,Canada,2023-01-06,Basic,3426.23
7594,Linda Gonzalez,linda.gonzalez7594@gmail.com,Japan,2020-11-26,Premium,3280.97
7595,Neha Smith,neha.smith7595@gmail.com,India,2022-01-10,Basic,3798.59
7596,Arjun Patel,arjun.patel7596@example.com,Germany,2020-10-21,Premium,2004.19
7597,Ananya Gonzalez,ananya.gonzalez7597@outlook.com,Germany,2024-11-10,Basic,4895.05
7598,Arjun Patel,arjun.patel7598@example.com,France,2023-01-29,Standard,378.09
7599,James Wang,james.wang7599@techcorp.io,United Kingdom,2023-11-20,Basic,2242.69
7600,Susan Verma,susan.verma7600@yahoo.com,United States,2022-10-12,Basic,4770.81
7601,Carlos Miller,carlos.miller7601@gmail.com,United States,2020-11-04,Premium,1961.97
7602,Rahul Zhang,rahul.zhang7602@yahoo.com,Germany,2021-01-06,Standard,833.77
7603,Charles Johnson,charles.johnson7603@gmail.com,Japan,2023-04-24,Basic,4046.33
7604,Richard Patel,richard.patel7604@techcorp.io,Canada,2022-05-13,Basic,2771.71
7605,James Martinez,james.martinez7605@yahoo.com,Brazil,2022-08-21,Basic,2019.22
7606,Robert Miller,robert.miller7606@yahoo.com,Canada,2024-04-13,Premium,1298.06
7607,William Wang,william.wang7607@gmail.com,United States,2024-04-08,Basic,3964.1
7608,Mary Singh,mary.singh7608@example.com,United Kingdom,2025-07-05,Standard,2665.4
7609,Carlos Lopez,carlos.lopez7609@yahoo.com,India,2022-11-13,Basic,2739.75
7610,Mary Johnson,mary.johnson7610@example.com,Germany,2020-04-14,Premium,3320.48
7611,Jessica Lopez,jessica.lopez7611@company.org,United States,2021-03-04,Premium,520.4
7612,Mary Verma,mary.verma7612@example.com,Canada,2025-03-19,Premium,4355.98
7613,Susan Sharma,susan.sharma7613@company.org,Australia,2025-02-04,Standard,2276.81
7614,James Davis,james.davis7614@techcorp.io,United Kingdom,2024-06-20,Premium,2332.78
7615,Neha Sharma,neha.sharma7615@techcorp.io,Canada,2025-06-26,Premium,4886.97
7616,Wei Smith,wei.smith7616@company.org,United Kingdom,2025-06-01,Premium,1447.66
7617,Amit Patel,amit.patel7617@outlook.com,Germany,2022-06-08,Basic,2713.33
7618,Elizabeth Sharma,elizabeth.sharma7618@yahoo.com,United Kingdom,2022-12-19,Basic,172.78
7619,Karen Kim,karen.kim7619@yahoo.com,United States,2025-03-11,Basic,60.62
7620,Robert Patel,robert.patel7620@example.com,Australia,2023-10-14,Standard,2261.02
7621,Michael Lopez,michael.lopez7621@example.com,Canada,2021-01-01,Standard,1093.55
7622,Robert Sharma,robert.sharma7622@gmail.com,India,2025-04-13,Basic,4109.97
7623,Rahul Miller,rahul.miller7623@gmail.com,United Kingdom,2023-11-30,Premium,861.08
7624,Jessica Garcia,jessica.garcia7624@example.com,United Kingdom,2022-10-13,Basic,2743.21
7625,Sofia Johnson,sofia.johnson7625@techcorp.io,Canada,2020-02-23,Premium,4450.68
7626,Thomas Singh,thomas.singh7626@techcorp.io,India,2021-03-15,Basic,3870.27
7627,Thomas Smith,thomas.smith7627@outlook.com,Canada,2022-08-06,Basic,2019.15
7628,David Chen,david.chen7628@example.com,Germany,2021-01-14,Basic,711.02
7629,Patricia Patel,patricia.patel7629@company.org,India,2020-01-04,Premium,2677.47
7630,Patricia Chen,patricia.chen7630@example.com,France,2022-08-12,Standard,687.04
7631,David Jones,david.jones7631@example.com,Japan,2022-04-07,Premium,2285.42
7632,John Smith,john.smith7632@example.com,United States,2024-06-05,Premium,2081.48
7633,Rahul Singh,rahul.singh7633@outlook.com,France,2023-06-12,Basic,1489.58
7634,Carlos Davis,carlos.davis7634@outlook.com,Canada,2024-10-17,Premium,2867.89
7635,Michael Gonzalez,michael.gonzalez7635@example.com,Canada,2022-01-30,Standard,903.35
7636,Joseph Chen,joseph.chen7636@example.com,Brazil,2025-07-05,Premium,2437.81
7637,Arjun Davis,arjun.davis7637@techcorp.io,Australia,2020-12-28,Standard,3151.12
7638,Richard Johnson,richard.johnson7638@yahoo.com,Germany,2022-10-17,Premium,2428.08
7639,Wei Smith,wei.smith7639@gmail.com,Canada,2020-03-10,Premium,1797.04
7640,Rahul Johnson,rahul.johnson7640@techcorp.io,Japan,2020-11-10,Standard,3238.46
7641,Arjun Brown,arjun.brown7641@company.org,France,2022-06-30,Basic,1156.8
7642,Rahul Martinez,rahul.martinez7642@example.com,Japan,2021-09-10,Standard,3602.77
7643,Susan Williams,susan.williams7643@techcorp.io,India,2024-01-20,Premium,4824.28
7644,Karen Verma,karen.verma7644@techcorp.io,United Kingdom,2022-07-31,Premium,3879.13
7645,John Patel,john.patel7645@yahoo.com,United States,2024-11-14,Basic,2760.33
7646,Arjun Zhang,arjun.zhang7646@gmail.com,Australia,2024-07-31,Standard,315.17
7647,Wei Miller,wei.miller7647@gmail.com,Brazil,2020-08-25,Standard,4711.15
7648,Rahul Zhang,rahul.zhang7648@yahoo.com,Canada,2022-03-30,Standard,4087.59
7649,Michael Singh,michael.singh7649@yahoo.com,Australia,2024-11-17,Premium,353.12
7650,Sofia Zhang,sofia.zhang7650@example.com,Japan,2022-10-16,Standard,2461.85
7651,Elizabeth Rodriguez,elizabeth.rodriguez7651@gmail.com,France,2025-03-14,Standard,764.02
7652,Ananya Kim,ananya.kim7652@example.com,Canada,2022-09-15,Basic,3105.31
7653,Elizabeth Wang,elizabeth.wang7653@outlook.com,Germany,2022-04-03,Basic,1984.65
7654,Linda Martinez,linda.martinez7654@company.org,Japan,2020-04-09,Premium,3610.2
7655,Rahul Garcia,rahul.garcia7655@company.org,Australia,2021-03-02,Standard,3376.49
7656,Sarah Lee,sarah.lee7656@gmail.com,Brazil,2023-07-02,Standard,1360.83
7657,Ananya Jones,ananya.jones7657@example.com,Germany,2024-11-29,Standard,4533.61
7658,Linda Brown,linda.brown7658@yahoo.com,Australia,2021-01-28,Basic,3368.5
7659,Wei Kim,wei.kim7659@example.com,France,2024-07-06,Basic,1366.47
7660,William Brown,william.brown7660@company.org,Japan,2022-10-30,Standard,4604.14
7661,Joseph Singh,joseph.singh7661@outlook.com,Germany,2021-06-12,Standard,2034.63
7662,Karen Patel,karen.patel7662@company.org,Australia,2021-04-15,Standard,2983.96
7663,John Wang,john.wang7663@outlook.com,India,2025-03-04,Basic,1275.31
7664,Amit Jones,amit.jones7664@techcorp.io,Brazil,2023-05-01,Standard,1339.73
7665,Joseph Smith,joseph.smith7665@techcorp.io,Australia,2020-01-30,Premium,163.89
7666,Ananya Chen,ananya.chen7666@outlook.com,Australia,2020-06-27,Standard,2109.14
7667,Elizabeth Kim,elizabeth.kim7667@example.com,Brazil,2023-05-06,Basic,1167.93
7668,Priya Davis,priya.davis7668@gmail.com,Germany,2025-02-11,Standard,279.99
7669,Sarah Davis,sarah.davis7669@yahoo.com,Australia,2023-03-18,Premium,923.48
7670,Sofia Jones,sofia.jones7670@outlook.com,Australia,2021-06-03,Standard,4139.24
7671,Ananya Kim,ananya.kim7671@company.org,India,2024-05-03,Basic,3333.63
7672,Carlos Verma,carlos.verma7672@yahoo.com,Canada,2021-03-17,Standard,2148.39
7673,Wei Verma,wei.verma7673@outlook.com,France,2021-03-12,Standard,538.6
7674,Rahul Lee,rahul.lee7674@techcorp.io,India,2020-05-13,Premium,544.09
7675,Priya Chen,priya.chen7675@yahoo.com,India,2021-11-24,Premium,2556.9
7676,Rahul Davis,,Brazil,2022-10-22,Standard,2822.26
7677,Carlos Smith,carlos.smith7677@techcorp.io,India,2021-07-05,Standard,2400.39
7678,Robert Chen,robert.chen7678@example.com,India,2023-08-10,Standard,3253.51
7679,David Miller,david.miller7679@company.org,United States,2021-01-28,Premium,2281.92
7680,William Wang,william.wang7680@company.org,Canada,2020-02-27,Premium,59.86
7681,Michael Smith,michael.smith7681@company.org,Germany,2021-11-13,Premium,3194.31
7682,Mei Patel,mei.patel7682@outlook.com,India,2024-05-12,Standard,2801.45
7683,Elizabeth Johnson,elizabeth.johnson7683@yahoo.com,United Kingdom,2025-03-17,Standard,1296.56
7684,Robert Singh,robert.singh7684@techcorp.io,Australia,2025-01-28,Basic,2647.16
7685,Sofia Garcia,sofia.garcia7685@yahoo.com,Brazil,2024-04-25,Standard,2127.92
7686,Susan Johnson,susan.johnson7686@gmail.com,Brazil,2020-02-03,Standard,2919.09
7687,James Brown,james.brown7687@company.org,Brazil,2020-02-25,Basic,3510.07
7688,James Smith,james.smith7688@outlook.com,United Kingdom,2025-02-11,Premium,811.19
7689,Richard Zhang,richard.zhang7689@techcorp.io,Japan,2021-10-18,Premium,3295.45
7690,Rahul Jones,rahul.jones7690@gmail.com,United Kingdom,2020-02-11,Standard,399.08
7691,Mei Kim,mei.kim7691@gmail.com,France,2021-11-27,Basic,1065.09
7692,Amit Lee,amit.lee7692@example.com,France,2024-05-22,Basic,608.6
7693,William Williams,william.williams7693@outlook.com,India,2020-08-31,Standard,62.91
7694,Arjun Jones,arjun.jones7694@example.com,Germany,2021-11-13,Premium,2992.04
7695,Mei Jones,mei.jones7695@techcorp.io,Brazil,2024-08-01,Basic,1694.06
7696,Arjun Davis,arjun.davis7696@outlook.com,Germany,2024-05-18,Basic,2819.26
7697,Arjun Gonzalez,arjun.gonzalez7697@company.org,Japan,2023-01-08,Premium,1652.83
7698,Karen Williams,karen.williams7698@gmail.com,Germany,2022-07-29,Basic,1829.31
7699,Mei Zhang,,Australia,2025-02-08,Basic,4466.53
7700,Rahul Davis,rahul.davis7700@outlook.com,France,2022-06-01,Premium,2602.42
7701,Karen Brown,karen.brown7701@example.com,India,2020-04-19,Standard,1639.84
7702,Sofia Kim,sofia.kim7702@example.com,Australia,2022-05-01,Basic,3506.09
7703,Robert Lee,robert.lee7703@example.com,India,2023-01-18,Premium,2946.67
7704,Priya Johnson,priya.johnson7704@techcorp.io,Canada,2020-09-21,Standard,2366.68
7705,David Gonzalez,david.gonzalez7705@techcorp.io,Germany,2020-06-21,Basic,2347.8
7706,Arjun Zhang,arjun.zhang7706@company.org,India,2023-01-30,Standard,4261.51
7707,Sofia Kim,sofia.kim7707@gmail.com,India,2021-05-10,Standard,3150.36
7708,Thomas Rodriguez,thomas.rodriguez7708@outlook.com,Brazil,2023-05-17,Premium,3706.45
7709,William Lee,william.lee7709@outlook.com,United States,2020-06-29,Premium,4350.31
7710,Susan Garcia,susan.garcia7710@company.org,Brazil,2024-06-17,Standard,3688.34
7711,Wei Smith,wei.smith7711@example.com,Germany,2020-03-28,Basic,2809.37
7712,Priya Smith,priya.smith7712@outlook.com,Japan,2020-03-25,Basic,2870.73
7713,Jessica Martinez,jessica.martinez7713@yahoo.com,Australia,2025-01-02,Standard,3443.78
7714,Priya Lopez,priya.lopez7714@yahoo.com,Australia,2023-11-09,Premium,3808.96
7715,Mei Gonzalez,mei.gonzalez7715@example.com,Brazil,2020-04-10,Premium,3453.48
7716,William Singh,william.singh7716@company.org,United States,2020-01-06,Basic,1730.33
7717,Rahul Kim,rahul.kim7717@gmail.com,Germany,2022-05-14,Standard,4293.09
7718,William Garcia,,Canada,2025-06-03,Premium,233.99
7719,Robert Verma,robert.verma7719@gmail.com,United States,2024-05-29,Premium,2269.94
7720,Robert Martinez,robert.martinez7720@techcorp.io,Canada,2024-10-06,Basic,3126.39
7721,Barbara Wang,barbara.wang7721@techcorp.io,Japan,2021-10-14,Standard,2686.66
7722,Jessica Martinez,jessica.martinez7722@example.com,France,2022-09-21,Basic,4722.43
7723,Sarah Miller,,Japan,2021-06-24,Premium,2706.16
7724,James Lopez,james.lopez7724@gmail.com,United States,2020-05-31,Premium,3469.43
7725,Susan Davis,susan.davis7725@outlook.com,Japan,2023-06-13,Premium,3863.09
7726,John Zhang,john.zhang7726@gmail.com,Canada,2021-07-05,Basic,3405.89
7727,Jennifer Miller,jennifer.miller7727@gmail.com,Australia,2025-05-06,Standard,2310.6
7728,Michael Singh,michael.singh7728@company.org,Germany,2025-08-15,Standard,1921.82
7729,Joseph Verma,joseph.verma7729@techcorp.io,Australia,2023-11-22,Basic,1692.72
7730,Susan Kim,susan.kim7730@outlook.com,France,2024-01-14,Basic,3637.35
7731,Susan Patel,susan.patel7731@outlook.com,Brazil,2025-05-07,Premium,880.63
7732,Richard Martinez,richard.martinez7732@company.org,Japan,2021-04-01,Basic,272.56
7733,Mary Garcia,mary.garcia7733@outlook.com,Australia,2022-12-05,Standard,3223.32
7734,David Davis,david.davis7734@yahoo.com,Canada,2024-12-26,Premium,2573.09
7735,Robert Lee,robert.lee7735@outlook.com,Brazil,2023-03-18,Standard,2302.85
7736,Elizabeth Brown,elizabeth.brown7736@techcorp.io,Canada,2024-03-03,Basic,1678.26
7737,Neha Patel,neha.patel7737@yahoo.com,United Kingdom,2025-05-29,Basic,2165.63
7738,Sofia Sharma,sofia.sharma7738@techcorp.io,India,2020-09-25,Premium,567.02
7739,Richard Gonzalez,richard.gonzalez7739@gmail.com,United Kingdom,2024-12-10,Standard,3292.03
7740,Barbara Sharma,barbara.sharma7740@company.org,Canada,2021-10-31,Basic,2895.59
7741,Patricia Miller,patricia.miller7741@yahoo.com,Germany,2023-03-28,Basic,3099.19
7742,Karen Chen,karen.chen7742@example.com,India,2020-11-27,Premium,78.75
7743,Patricia Patel,patricia.patel7743@example.com,Japan,2023-04-21,Basic,1926.14
7744,Wei Rodriguez,wei.rodriguez7744@company.org,United States,2023-09-21,Premium,818.49
7745,Patricia Rodriguez,patricia.rodriguez7745@yahoo.com,France,2023-01-16,Standard,1301.82
7746,Karen Miller,karen.miller7746@techcorp.io,Canada,2025-05-19,Standard,3501.35
7747,Thomas Kim,thomas.kim7747@company.org,United Kingdom,2024-09-07,Basic,1985.26
7748,Neha Williams,neha.williams7748@techcorp.io,Brazil,2025-05-22,Standard,1946.34
7749,Neha Sharma,neha.sharma7749@company.org,United States,2023-04-14,Basic,452.41
7750,Karen Singh,karen.singh7750@techcorp.io,Australia,2021-10-27,Premium,383.35
7751,Amit Chen,amit.chen7751@company.org,United States,2020-04-23,Standard,1008.89
7752,John Jones,john.jones7752@example.com,United States,2024-02-26,Standard,3499.72
7753,Jessica Martinez,jessica.martinez7753@gmail.com,Germany,2023-05-21,Standard,3124.8
7754,Sarah Chen,sarah.chen7754@example.com,Australia,2024-03-13,Premium,4361.29
7755,Patricia Gonzalez,patricia.gonzalez7755@yahoo.com,France,2021-01-05,Basic,221.98
7756,Thomas Davis,thomas.davis7756@example.com,United Kingdom,2021-03-23,Premium,3489.87
7757,Linda Verma,linda.verma7757@company.org,Canada,2021-03-22,Basic,3696.06
7758,Arjun Rodriguez,arjun.rodriguez7758@outlook.com,Germany,2022-04-06,Basic,4063.99
7759,Amit Zhang,amit.zhang7759@gmail.com,Germany,2023-03-29,Standard,1630.31
7760,Jessica Williams,jessica.williams7760@gmail.com,France,2022-01-03,Premium,2352.89
7761,Arjun Miller,arjun.miller7761@outlook.com,India,2023-03-05,Premium,671.52
7762,Wei Singh,wei.singh7762@yahoo.com,Germany,2025-07-23,Premium,320.82
7763,Michael Brown,michael.brown7763@example.com,Canada,2020-05-16,Basic,2647.08
7764,John Johnson,john.johnson7764@example.com,United States,2025-06-07,Standard,1200.46
7765,Elizabeth Rodriguez,elizabeth.rodriguez7765@yahoo.com,United Kingdom,2023-02-20,Premium,2104.84
7766,Jennifer Gonzalez,jennifer.gonzalez7766@techcorp.io,France,2022-05-02,Basic,3636.58
7767,Richard Rodriguez,richard.rodriguez7767@gmail.com,France,2022-01-04,Premium,4033.23
7768,Priya Wang,priya.wang7768@gmail.com,Germany,2023-09-16,Basic,518.46
7769,Neha Williams,neha.williams7769@outlook.com,United Kingdom,2023-12-08,Basic,2400.5
7770,Rahul Miller,rahul.miller7770@techcorp.io,France,2024-02-07,Basic,1353.03
7771,Neha Martinez,neha.martinez7771@company.org,Australia,2021-11-25,Standard,303.89
7772,Carlos Jones,carlos.jones7772@techcorp.io,United Kingdom,2023-09-29,Standard,3292.93
7773,Robert Garcia,robert.garcia7773@outlook.com,United States,2023-08-01,Premium,4667.38
7774,Ananya Davis,ananya.davis7774@gmail.com,France,2020-11-10,Basic,4967.39
7775,Karen Smith,karen.smith7775@gmail.com,Canada,2024-02-06,Premium,2677.59
7776,Karen Jones,karen.jones7776@example.com,Australia,2021-11-07,Basic,1376.39
7777,Thomas Wang,thomas.wang7777@gmail.com,Australia,2024-09-11,Premium,3983.81
7778,Priya Davis,priya.davis7778@yahoo.com,Australia,2024-02-08,Standard,2039.13
7779,Thomas Verma,thomas.verma7779@company.org,Brazil,2020-09-16,Premium,3862.18
7780,Sarah Rodriguez,sarah.rodriguez7780@yahoo.com,Japan,2023-05-01,Premium,3961.53
7781,Charles Kim,charles.kim7781@gmail.com,United States,2023-11-15,Premium,1829.88
7782,Amit Miller,amit.miller7782@yahoo.com,Brazil,2020-01-14,Standard,3137.55
7783,Neha Jones,neha.jones7783@example.com,France,2020-01-04,Premium,3385.29
7784,James Martinez,james.martinez7784@outlook.com,Japan,2024-02-25,Basic,557.82
7785,Ananya Sharma,ananya.sharma7785@gmail.com,Australia,2024-08-16,Premium,4201.93
7786,Barbara Sharma,barbara.sharma7786@company.org,United States,2024-06-17,Standard,2697.79
7787,Richard Lee,richard.lee7787@example.com,Germany,2021-11-01,Basic,887.74
7788,Jennifer Johnson,jennifer.johnson7788@outlook.com,United Kingdom,2020-03-15,Basic,2026.52
7789,Amit Williams,amit.williams7789@company.org,India,2020-06-01,Standard,4270.25
7790,Jessica Brown,jessica.brown7790@techcorp.io,United Kingdom,2024-04-12,Basic,1732.41
7791,John Williams,john.williams7791@outlook.com,Germany,2020-07-21,Basic,2760.56
7792,Patricia Jones,patricia.jones7792@yahoo.com,United Kingdom,2021-10-08,Premium,2085.23
7793,Mei Brown,mei.brown7793@outlook.com,United States,2021-06-23,Premium,1473.45
7794,David Martinez,david.martinez7794@yahoo.com,Germany,2022-12-06,Premium,2993.37
7795,Jennifer Martinez,jennifer.martinez7795@yahoo.com,United States,2021-08-31,Basic,3472.17
7796,Arjun Johnson,arjun.johnson7796@gmail.com,United States,2021-01-30,Basic,690.59
7797,Thomas Lopez,thomas.lopez7797@yahoo.com,Brazil,2021-10-21,Standard,3328.35
7798,David Johnson,david.johnson7798@techcorp.io,Japan,2021-01-27,Premium,4663.51
7799,David Davis,david.davis7799@yahoo.com,Australia,2024-04-08,Basic,3199.28
7800,Jessica Singh,jessica.singh7800@yahoo.com,Canada,2023-01-30,Standard,3689.5
7801,Ananya Patel,ananya.patel7801@outlook.com,United States,2025-02-03,Standard,2921.11
7802,Barbara Miller,barbara.miller7802@example.com,India,2023-01-31,Basic,2781.54
7803,James Gonzalez,james.gonzalez7803@example.com,United States,2020-08-08,Standard,1267.62
7804,Sofia Davis,sofia.davis7804@example.com,United States,2021-06-11,Standard,4744.65
7805,Sofia Brown,sofia.brown7805@techcorp.io,Australia,2024-09-28,Standard,4205.6
7806,Jennifer Singh,jennifer.singh7806@gmail.com,Japan,2022-03-21,Standard,975.74
7807,Robert Martinez,robert.martinez7807@outlook.com,Brazil,2025-04-11,Premium,2279.84
7808,Joseph Miller,joseph.miller7808@company.org,Germany,2023-05-16,Basic,4734.41
7809,Robert Williams,robert.williams7809@outlook.com,France,2021-11-11,Premium,841.9
7810,Jennifer Garcia,jennifer.garcia7810@company.org,United Kingdom,2022-03-17,Premium,3617.57
7811,John Miller,john.miller7811@company.org,Australia,2021-12-24,Premium,858.53
7812,David Lopez,david.lopez7812@gmail.com,France,2021-08-15,Standard,3424.09
7813,Arjun Lee,arjun.lee7813@techcorp.io,Canada,2020-06-22,Premium,3452.82
7814,William Martinez,william.martinez7814@gmail.com,Germany,2023-06-29,Standard,4625.99
7815,Jennifer Lee,jennifer.lee7815@yahoo.com,Canada,2024-02-23,Standard,2241.74
7816,James Zhang,james.zhang7816@techcorp.io,United Kingdom,2022-07-17,Premium,3238.36
7817,Mary Rodriguez,mary.rodriguez7817@example.com,Germany,2022-02-13,Basic,3231.48
7818,Joseph Rodriguez,joseph.rodriguez7818@gmail.com,Australia,2022-03-16,Standard,2786.44
7819,Ananya Davis,ananya.davis7819@yahoo.com,Brazil,2025-01-04,Premium,3237.47
7820,Charles Verma,charles.verma7820@company.org,India,2020-03-29,Standard,1249.43
7821,Mary Lee,mary.lee7821@techcorp.io,Canada,2023-10-25,Premium,2436.98
7822,Charles Verma,charles.verma7822@gmail.com,Brazil,2022-01-28,Standard,4052.68
7823,Jessica Jones,jessica.jones7823@yahoo.com,Germany,2022-02-21,Basic,78.1
7824,James Kim,james.kim7824@example.com,India,2024-11-19,Premium,4076.27
7825,Thomas Martinez,thomas.martinez7825@example.com,Japan,2023-03-13,Standard,3609.52
7826,Arjun Verma,arjun.verma7826@yahoo.com,India,2023-01-06,Premium,1285.58
7827,Barbara Gonzalez,barbara.gonzalez7827@example.com,Australia,2020-06-18,Premium,3208.22
7828,Richard Lee,richard.lee7828@yahoo.com,Germany,2025-02-19,Premium,53.35
7829,Jennifer Sharma,jennifer.sharma7829@yahoo.com,Australia,2022-12-18,Premium,561.35
7830,Patricia Johnson,patricia.johnson7830@outlook.com,Australia,2024-08-08,Basic,3284.05
7831,John Jones,john.jones7831@example.com,France,2024-12-30,Standard,4486.91
7832,Thomas Smith,thomas.smith7832@techcorp.io,Canada,2020-07-21,Premium,1599.72
7833,Richard Martinez,richard.martinez7833@example.com,United States,2022-10-14,Basic,2150.26
7834,William Garcia,william.garcia7834@outlook.com,Australia,2022-03-24,Premium,821.62
7835,Susan Sharma,susan.sharma7835@outlook.com,United Kingdom,2021-07-28,Standard,3187.91
7836,Elizabeth Davis,elizabeth.davis7836@outlook.com,United States,2022-04-30,Standard,402.42
7837,Robert Rodriguez,robert.rodriguez7837@yahoo.com,India,2020-06-25,Premium,371.54
7838,Priya Singh,priya.singh7838@company.org,United Kingdom,2020-05-03,Premium,4572.74
7839,Neha Verma,neha.verma7839@yahoo.com,India,2022-02-02,Basic,4957.41
7840,Jennifer Patel,jennifer.patel7840@outlook.com,Japan,2023-02-27,Standard,2767.67
7841,Mary Singh,mary.singh7841@example.com,France,2023-04-04,Standard,858.46
7842,Susan Gonzalez,susan.gonzalez7842@yahoo.com,United States,2025-03-26,Premium,3698.41
7843,Joseph Zhang,joseph.zhang7843@gmail.com,United States,2020-10-10,Premium,231.48
7844,Robert Martinez,robert.martinez7844@outlook.com,Brazil,2020-02-07,Standard,1989.06
7845,Rahul Martinez,rahul.martinez7845@yahoo.com,India,2021-04-05,Premium,2570.87
7846,Elizabeth Lee,elizabeth.lee7846@techcorp.io,United States,2020-04-14,Standard,1318.08
7847,John Johnson,john.johnson7847@techcorp.io,United States,2024-12-04,Basic,3508.23
7848,Amit Williams,amit.williams7848@techcorp.io,Canada,2021-12-09,Basic,1451.98
7849,Karen Miller,karen.miller7849@gmail.com,France,2023-03-30,Basic,4446.47
7850,John Jones,john.jones7850@gmail.com,United States,2025-02-20,Basic,3372.66
7851,William Miller,william.miller7851@gmail.com,United States,2023-11-26,Standard,3939.94
7852,Michael Williams,michael.williams7852@outlook.com,Brazil,2025-02-09,Premium,1616.66
7853,Richard Singh,richard.singh7853@gmail.com,France,2024-12-27,Standard,3255.04
7854,William Brown,william.brown7854@outlook.com,Brazil,2022-07-22,Standard,4689.31
7855,David Patel,david.patel7855@gmail.com,Australia,2021-05-08,Standard,3610.92
7856,Sofia Chen,sofia.chen7856@example.com,United States,2021-10-01,Basic,1746.67
7857,Linda Kim,linda.kim7857@example.com,India,2021-03-04,Standard,654.72
7858,John Singh,john.singh7858@yahoo.com,Japan,2021-01-29,Standard,1078.64
7859,Barbara Lopez,barbara.lopez7859@yahoo.com,Canada,2021-04-03,Basic,1994.79
7860,Rahul Singh,rahul.singh7860@outlook.com,United States,2022-11-09,Premium,4372.67
7861,Jennifer Sharma,jennifer.sharma7861@outlook.com,United Kingdom,2021-05-12,Premium,228.36
7862,Michael Wang,michael.wang7862@gmail.com,Germany,2021-08-19,Basic,2221.62
7863,David Johnson,david.johnson7863@company.org,Canada,2023-08-07,Premium,3750.69
7864,Elizabeth Smith,elizabeth.smith7864@company.org,Brazil,2024-11-24,Premium,3966.29
7865,Neha Lopez,neha.lopez7865@example.com,Germany,2023-07-24,Basic,4072.2
7866,Susan Johnson,susan.johnson7866@gmail.com,United States,2022-08-31,Basic,4174.1
7867,Charles Brown,charles.brown7867@techcorp.io,Canada,2020-08-29,Basic,4066.12
7868,Karen Zhang,karen.zhang7868@gmail.com,Germany,2025-01-24,Premium,597.45
7869,Ananya Lee,ananya.lee7869@yahoo.com,Germany,2025-01-06,Standard,3678.26
7870,David Lee,david.lee7870@outlook.com,Germany,2023-12-28,Standard,3197.82
7871,Elizabeth Sharma,elizabeth.sharma7871@gmail.com,Germany,2024-07-17,Standard,1339.96
7872,Jennifer Wang,jennifer.wang7872@yahoo.com,Brazil,2024-11-10,Premium,2996.33
7873,Richard Singh,richard.singh7873@outlook.com,Brazil,2020-09-13,Basic,235.75
7874,John Garcia,john.garcia7874@company.org,Germany,2025-04-02,Basic,4105.01
7875,Michael Smith,michael.smith7875@techcorp.io,France,2025-07-11,Standard,2513.55
7876,Thomas Davis,thomas.davis7876@techcorp.io,France,2025-02-08,Standard,2562.61
7877,James Wang,james.wang7877@gmail.com,Brazil,2021-07-05,Standard,4805.16
7878,Thomas Lopez,thomas.lopez7878@yahoo.com,Australia,2020-12-06,Premium,3488.35
7879,Carlos Davis,carlos.davis7879@yahoo.com,India,2023-12-26,Standard,2902.85
7880,Mary Kim,mary.kim7880@yahoo.com,United Kingdom,2024-11-05,Standard,465.29
7881,Amit Patel,amit.patel7881@techcorp.io,Germany,2020-03-07,Basic,2258.77
7882,Sofia Jones,sofia.jones7882@company.org,Australia,2021-04-24,Premium,745.1
7883,Rahul Patel,rahul.patel7883@gmail.com,Brazil,2024-09-10,Premium,2145.19
7884,Patricia Williams,patricia.williams7884@gmail.com,Brazil,2023-01-14,Basic,3383.37
7885,Karen Smith,karen.smith7885@techcorp.io,Germany,2025-05-09,Standard,4496.02
7886,Michael Singh,michael.singh7886@gmail.com,Brazil,2024-09-05,Basic,4445.53
7887,Michael Miller,michael.miller7887@company.org,Australia,2020-06-29,Standard,1985.67
7888,Richard Gonzalez,richard.gonzalez7888@example.com,France,2020-02-05,Premium,1734.82
7889,James Zhang,james.zhang7889@techcorp.io,United States,2020-05-31,Standard,4165.82
7890,Mary Lopez,mary.lopez7890@gmail.com,Brazil,2022-06-12,Basic,2109.64
7891,Karen Garcia,karen.garcia7891@outlook.com,United States,2020-05-26,Standard,4918.52
7892,Barbara Singh,barbara.singh7892@outlook.com,Canada,2020-11-14,Premium,2890.87
7893,Elizabeth Williams,elizabeth.williams7893@yahoo.com,Canada,2022-05-15,Standard,375.87
7894,Mary Verma,mary.verma7894@gmail.com,Germany,2020-06-22,Standard,2024.7
7895,Charles Brown,charles.brown7895@techcorp.io,Brazil,2021-03-24,Premium,4496.36
7896,Elizabeth Lopez,elizabeth.lopez7896@company.org,United Kingdom,2024-08-18,Standard,2633.29
7897,Karen Smith,karen.smith7897@yahoo.com,Germany,2021-01-18,Standard,2240.12
7898,Charles Williams,charles.williams7898@gmail.com,Japan,2024-11-18,Standard,1697.56
7899,James Johnson,james.johnson7899@outlook.com,United Kingdom,2025-07-15,Standard,3226.35
7900,Michael Brown,michael.brown7900@outlook.com,Japan,2023-12-22,Premium,4701.29
7901,Mei Jones,mei.jones7901@yahoo.com,Australia,2020-08-02,Premium,2714.98
7902,Wei Kim,wei.kim7902@example.com,United States,2022-03-21,Premium,341.49
7903,Susan Wang,susan.wang7903@outlook.com,Brazil,2024-10-24,Standard,4259.11
7904,Carlos Patel,carlos.patel7904@example.com,Australia,2022-04-13,Standard,4715.37
7905,Carlos Sharma,carlos.sharma7905@yahoo.com,Canada,2025-07-15,Standard,1049.6
7906,Sofia Jones,sofia.jones7906@example.com,United States,2021-03-04,Basic,330.77
7907,Sarah Johnson,sarah.johnson7907@techcorp.io,United States,2022-04-29,Standard,2721.88
7908,Mei Smith,mei.smith7908@gmail.com,United States,2022-10-17,Premium,759.37
7909,Mei Smith,mei.smith7909@company.org,Germany,2022-09-07,Standard,4537.79
7910,Wei Patel,wei.patel7910@gmail.com,United States,2025-03-15,Standard,2470.87
7911,Thomas Kim,thomas.kim7911@outlook.com,India,2024-06-28,Standard,467.62
7912,James Wang,james.wang7912@example.com,Canada,2023-07-03,Standard,4484.19
7913,Mary Rodriguez,mary.rodriguez7913@yahoo.com,Canada,2024-06-20,Premium,420.72
7914,Rahul Jones,rahul.jones7914@yahoo.com,Germany,2025-03-24,Premium,4208.32
7915,Joseph Jones,joseph.jones7915@example.com,India,2020-03-17,Standard,1379.41
7916,Rahul Johnson,rahul.johnson7916@yahoo.com,France,2020-03-20,Premium,4254.13
7917,Thomas Gonzalez,thomas.gonzalez7917@outlook.com,France,2023-12-27,Premium,1688.9
7918,Robert Williams,robert.williams7918@techcorp.io,Brazil,2023-07-22,Standard,2727.6
7919,Ananya Patel,ananya.patel7919@outlook.com,United Kingdom,2022-02-25,Premium,2945.7
7920,William Verma,william.verma7920@yahoo.com,India,2020-06-23,Basic,1204.73
7921,Elizabeth Kim,elizabeth.kim7921@example.com,France,2020-12-11,Premium,1553.46
7922,William Davis,william.davis7922@techcorp.io,United Kingdom,2024-12-12,Basic,1919.83
7923,Rahul Gonzalez,rahul.gonzalez7923@gmail.com,United States,2023-09-10,Standard,1730.28
7924,Arjun Chen,arjun.chen7924@company.org,Canada,2024-12-18,Standard,3781.08
7925,Patricia Zhang,patricia.zhang7925@techcorp.io,United Kingdom,2022-11-10,Basic,3566.88
7926,James Smith,james.smith7926@yahoo.com,Canada,2021-11-10,Premium,2461.65
7927,Sofia Sharma,sofia.sharma7927@yahoo.com,United Kingdom,2023-04-24,Standard,3636.0
7928,Priya Williams,priya.williams7928@outlook.com,India,2021-10-15,Basic,3789.7
7929,Susan Wang,susan.wang7929@example.com,United States,2024-08-01,Basic,488.69
7930,Richard Singh,richard.singh7930@outlook.com,Brazil,2024-12-30,Premium,3404.48
7931,Amit Martinez,amit.martinez7931@yahoo.com,Australia,2024-09-22,Standard,2784.2
7932,Arjun Lee,arjun.lee7932@yahoo.com,Brazil,2023-09-12,Standard,3527.11
7933,Sofia Johnson,sofia.johnson7933@techcorp.io,Canada,2023-04-21,Premium,1716.9
7934,Amit Davis,amit.davis7934@company.org,Brazil,2024-06-23,Basic,2658.68
7935,Carlos Miller,carlos.miller7935@techcorp.io,Canada,2024-03-24,Standard,3033.23
7936,James Zhang,james.zhang7936@gmail.com,Canada,2023-04-20,Premium,2678.74
7937,Mary Jones,mary.jones7937@company.org,France,2023-09-16,Basic,957.38
7938,Sarah Davis,sarah.davis7938@gmail.com,Australia,2022-04-04,Basic,2422.89
7939,Joseph Lopez,joseph.lopez7939@gmail.com,United States,2023-04-08,Premium,2657.95
7940,Jessica Zhang,jessica.zhang7940@example.com,United States,2020-11-06,Standard,357.47
7941,Amit Gonzalez,amit.gonzalez7941@yahoo.com,United Kingdom,2023-02-09,Standard,398.67
7942,Karen Zhang,karen.zhang7942@yahoo.com,Canada,2023-11-22,Standard,3780.18
7943,Thomas Miller,thomas.miller7943@yahoo.com,Japan,2021-03-18,Standard,3270.49
7944,Arjun Martinez,arjun.martinez7944@yahoo.com,Australia,2020-04-06,Standard,4023.72
7945,Elizabeth Davis,elizabeth.davis7945@company.org,Germany,2020-07-06,Basic,2994.42
7946,Wei Johnson,wei.johnson7946@techcorp.io,United States,2024-12-20,Premium,2167.63
7947,Joseph Sharma,joseph.sharma7947@outlook.com,United States,2020-05-21,Standard,991.05
7948,Neha Sharma,neha.sharma7948@example.com,France,2020-09-01,Premium,1138.73
7949,Mei Chen,mei.chen7949@yahoo.com,United Kingdom,2024-05-12,Basic,1382.16
7950,William Wang,william.wang7950@outlook.com,India,2023-12-30,Basic,4163.33
7951,Neha Davis,neha.davis7951@yahoo.com,Australia,2024-11-23,Standard,3558.48
7952,Rahul Rodriguez,rahul.rodriguez7952@company.org,Germany,2022-12-19,Premium,1248.28
7953,Elizabeth Kim,elizabeth.kim7953@outlook.com,India,2024-12-22,Premium,851.72
7954,Joseph Verma,joseph.verma7954@techcorp.io,Japan,2025-04-25,Basic,347.86
7955,Richard Williams,richard.williams7955@outlook.com,France,2020-04-30,Basic,2488.37
7956,William Williams,william.williams7956@company.org,France,2023-06-09,Basic,4495.86
7957,Mary Johnson,mary.johnson7957@techcorp.io,Germany,2023-09-03,Standard,3399.18
7958,Ananya Miller,ananya.miller7958@techcorp.io,Australia,2024-10-13,Basic,2258.24
7959,Linda Gonzalez,linda.gonzalez7959@company.org,Japan,2025-05-10,Standard,1943.01
7960,William Smith,william.smith7960@yahoo.com,United Kingdom,2023-05-04,Standard,3821.44
7961,Elizabeth Verma,elizabeth.verma7961@gmail.com,United Kingdom,2025-01-24,Standard,3310.52
7962,James Jones,james.jones7962@company.org,Germany,2024-09-08,Standard,3998.29
7963,Rahul Singh,rahul.singh7963@outlook.com,Germany,2022-07-01,Premium,1913.31
7964,Barbara Patel,barbara.patel7964@yahoo.com,Japan,2024-02-23,Standard,1738.2
7965,Wei Rodriguez,wei.rodriguez7965@gmail.com,United Kingdom,2023-06-03,Premium,3187.78
7966,Thomas Lee,thomas.lee7966@yahoo.com,Japan,2024-01-19,Premium,1822.25
7967,Linda Patel,linda.patel7967@techcorp.io,Canada,2021-11-25,Basic,3444.9
7968,Mei Lee,mei.lee7968@outlook.com,Japan,2020-05-17,Standard,1322.34
7969,William Wang,william.wang7969@example.com,Australia,2022-04-02,Premium,3324.76
7970,Arjun Smith,arjun.smith7970@gmail.com,Brazil,2025-04-02,Standard,3873.94
7971,Mei Lopez,mei.lopez7971@yahoo.com,Japan,2020-09-12,Standard,4295.25
7972,Thomas Kim,thomas.kim7972@outlook.com,Germany,2025-01-20,Basic,4263.88
7973,Barbara Zhang,barbara.zhang7973@yahoo.com,Canada,2022-12-27,Basic,172.03
7974,Wei Lee,wei.lee7974@company.org,Japan,2022-09-10,Premium,1623.7
7975,William Garcia,william.garcia7975@outlook.com,United States,2021-09-30,Premium,4490.15
7976,Arjun Rodriguez,arjun.rodriguez7976@company.org,United States,2023-05-20,Premium,2150.34
7977,Thomas Patel,thomas.patel7977@techcorp.io,Brazil,2020-07-10,Premium,3575.27
7978,Richard Miller,richard.miller7978@outlook.com,Germany,2025-06-20,Basic,1571.34
7979,Ananya Chen,ananya.chen7979@gmail.com,India,2023-12-08,Standard,2771.86
7980,Michael Wang,michael.wang7980@company.org,India,2023-10-30,Standard,656.84
7981,Carlos Patel,carlos.patel7981@yahoo.com,India,2025-06-25,Basic,1921.52
7982,Jessica Williams,jessica.williams7982@yahoo.com,Brazil,2025-07-21,Basic,362.13
7983,James Gonzalez,james.gonzalez7983@yahoo.com,India,2021-04-25,Standard,2154.55
7984,Mei Brown,mei.brown7984@example.com,Germany,2023-06-26,Premium,3387.93
7985,Richard Lopez,richard.lopez7985@techcorp.io,Brazil,2024-11-02,Standard,4405.46
7986,Richard Garcia,richard.garcia7986@techcorp.io,India,2025-08-19,Basic,941.78
7987,Joseph Lee,joseph.lee7987@techcorp.io,Germany,2021-05-30,Standard,2495.47
7988,Rahul Kim,rahul.kim7988@example.com,Japan,2020-06-22,Premium,2306.44
7989,Richard Chen,richard.chen7989@gmail.com,Canada,2024-01-11,Standard,3067.94
7990,David Chen,david.chen7990@company.org,Australia,2021-12-07,Basic,4785.19
7991,Robert Lopez,robert.lopez7991@company.org,United States,2020-04-16,Premium,986.08
7992,Arjun Williams,arjun.williams7992@yahoo.com,Japan,2022-09-06,Standard,1738.54
7993,Robert Martinez,robert.martinez7993@example.com,India,2020-09-25,Standard,4385.25
7994,Thomas Garcia,thomas.garcia7994@yahoo.com,India,2021-04-08,Premium,1699.57
7995,Joseph Williams,joseph.williams7995@company.org,United States,2025-01-21,Basic,2202.18
7996,Jessica Gonzalez,jessica.gonzalez7996@example.com,United Kingdom,2021-04-24,Basic,531.1
7997,Mei Patel,mei.patel7997@outlook.com,Australia,2022-09-25,Premium,1022.39
7998,Richard Martinez,richard.martinez7998@yahoo.com,Australia,2023-08-13,Basic,4283.49
7999,Barbara Davis,barbara.davis7999@yahoo.com,Germany,2020-12-28,Basic,546.15
8000,David Martinez,david.martinez8000@techcorp.io,France,2025-01-21,Standard,3857.87
8001,Karen Williams,karen.williams8001@outlook.com,Australia,2025-01-13,Standard,259.28
8002,Patricia Wang,patricia.wang8002@gmail.com,Australia,2024-10-21,Premium,3306.84
8003,Robert Verma,robert.verma8003@company.org,United Kingdom,2022-02-03,Basic,381.52
8004,William Miller,william.miller8004@outlook.com,Canada,2024-02-28,Standard,4032.81
8005,Mei Miller,mei.miller8005@example.com,Japan,2022-08-01,Standard,2527.73
8006,Linda Singh,linda.singh8006@techcorp.io,Canada,2023-07-01,Premium,1581.67
8007,Charles Zhang,charles.zhang8007@gmail.com,United States,2024-07-11,Basic,3770.38
8008,Ananya Singh,ananya.singh8008@example.com,United Kingdom,2021-07-25,Premium,184.25
8009,Wei Smith,wei.smith8009@outlook.com,Germany,2023-04-21,Basic,3099.15
8010,Mei Jones,mei.jones8010@gmail.com,India,2021-12-17,Standard,2262.15
8011,Michael Gonzalez,michael.gonzalez8011@techcorp.io,Australia,2020-07-24,Standard,3030.15
8012,Jessica Kim,jessica.kim8012@yahoo.com,United States,2022-04-28,Premium,2426.65
8013,Mei Brown,mei.brown8013@gmail.com,Germany,2020-03-16,Basic,2582.43
8014,Neha Lee,neha.lee8014@company.org,Brazil,2022-02-25,Premium,3795.69
8015,Karen Johnson,karen.johnson8015@gmail.com,Australia,2020-01-11,Premium,4755.62
8016,Priya Verma,priya.verma8016@company.org,Australia,2023-05-05,Standard,4922.09
8017,John Singh,john.singh8017@company.org,United States,2024-05-09,Premium,220.46
8018,Linda Johnson,linda.johnson8018@outlook.com,United States,2020-01-26,Standard,3426.66
8019,Amit Rodriguez,amit.rodriguez8019@example.com,Brazil,2020-03-10,Basic,4029.08
8020,Arjun Miller,arjun.miller8020@gmail.com,Canada,2022-05-15,Basic,2110.62
8021,Sofia Verma,sofia.verma8021@example.com,Canada,2022-03-13,Basic,556.66
8022,Carlos Brown,carlos.brown8022@gmail.com,Australia,2022-12-25,Premium,1695.25
8023,Rahul Gonzalez,rahul.gonzalez8023@techcorp.io,Germany,2020-12-01,Premium,2396.18
8024,Neha Brown,neha.brown8024@company.org,France,2020-07-12,Premium,4328.21
8025,Linda Patel,linda.patel8025@outlook.com,India,2025-06-30,Premium,2110.67
8026,Amit Lee,amit.lee8026@yahoo.com,United States,2024-02-18,Premium,1548.01
8027,Rahul Miller,rahul.miller8027@example.com,United States,2020-04-21,Basic,2131.7
8028,Thomas Smith,thomas.smith8028@gmail.com,India,2023-10-25,Premium,1122.61
8029,Neha Singh,neha.singh8029@gmail.com,France,2023-04-10,Basic,3061.91
8030,Barbara Gonzalez,barbara.gonzalez8030@yahoo.com,Canada,2025-07-11,Basic,674.19
8031,James Lee,,United States,2021-04-22,Standard,1022.41
8032,Michael Gonzalez,michael.gonzalez8032@gmail.com,Australia,2022-06-21,Basic,3982.22
8033,Barbara Singh,barbara.singh8033@techcorp.io,Germany,2023-06-16,Premium,4943.83
8034,Sarah Kim,sarah.kim8034@techcorp.io,Brazil,2020-03-12,Standard,4971.97
8035,Jessica Johnson,jessica.johnson8035@outlook.com,France,2023-02-05,Premium,4423.19
8036,David Sharma,david.sharma8036@outlook.com,India,2024-07-14,Premium,3674.49
8037,Jennifer Martinez,jennifer.martinez8037@gmail.com,Australia,2025-01-19,Premium,4769.38
8038,Elizabeth Brown,elizabeth.brown8038@gmail.com,United Kingdom,2024-02-22,Basic,2855.69
8039,Rahul Smith,rahul.smith8039@yahoo.com,Brazil,2020-10-28,Premium,2012.43
8040,Arjun Patel,arjun.patel8040@example.com,Japan,2020-04-18,Premium,4343.52
8041,Barbara Jones,barbara.jones8041@gmail.com,Brazil,2023-09-22,Premium,2546.23
8042,Richard Zhang,richard.zhang8042@techcorp.io,United States,2022-12-05,Premium,4977.8
8043,Karen Rodriguez,karen.rodriguez8043@yahoo.com,United States,2020-05-13,Premium,3400.64
8044,Thomas Lee,thomas.lee8044@yahoo.com,Australia,2023-08-21,Standard,2593.91
8045,Michael Lopez,michael.lopez8045@techcorp.io,Brazil,2020-07-03,Basic,2417.38
8046,Michael Chen,michael.chen8046@example.com,United Kingdom,2020-12-04,Basic,306.13
8047,Sarah Kim,sarah.kim8047@example.com,Canada,2023-12-24,Basic,3474.93
8048,Joseph Rodriguez,joseph.rodriguez8048@company.org,Japan,2020-11-14,Basic,1318.91
8049,James Lee,james.lee8049@outlook.com,India,2023-01-26,Basic,1631.13
8050,Neha Williams,neha.williams8050@company.org,India,2022-09-21,Premium,4230.27
8051,Richard Williams,richard.williams8051@example.com,United States,2020-01-10,Basic,4843.29
8052,Thomas Verma,thomas.verma8052@outlook.com,India,2021-07-07,Premium,1001.9
8053,William Zhang,william.zhang8053@gmail.com,United States,2023-03-10,Premium,1660.53
8054,David Sharma,david.sharma8054@yahoo.com,France,2021-08-21,Standard,4217.25
8055,Susan Williams,susan.williams8055@outlook.com,Canada,2021-02-18,Basic,3332.65
8056,Amit Lee,amit.lee8056@company.org,Japan,2020-09-07,Basic,4561.51
8057,Mary Lopez,mary.lopez8057@yahoo.com,Germany,2021-05-11,Standard,770.96
8058,William Brown,william.brown8058@example.com,France,2021-03-24,Basic,526.38
8059,Mei Martinez,mei.martinez8059@company.org,United Kingdom,2021-10-07,Standard,3763.17
8060,Mary Lopez,mary.lopez8060@example.com,Australia,2021-07-09,Premium,2086.06
8061,John Jones,john.jones8061@gmail.com,France,2024-08-18,Premium,2839.71
8062,Thomas Williams,thomas.williams8062@techcorp.io,United States,2020-01-08,Basic,368.19
8063,Amit Miller,amit.miller8063@yahoo.com,United States,2021-05-17,Standard,2301.05
8064,Wei Patel,wei.patel8064@outlook.com,Australia,2024-05-17,Premium,2350.27
8065,Linda Garcia,linda.garcia8065@yahoo.com,Brazil,2022-02-26,Standard,2549.46
8066,Patricia Martinez,patricia.martinez8066@yahoo.com,Canada,2023-02-27,Standard,4460.1
8067,Jennifer Zhang,jennifer.zhang8067@gmail.com,Japan,2022-12-16,Premium,3033.62
8068,Mary Sharma,mary.sharma8068@yahoo.com,Brazil,2020-02-25,Standard,3664.09
8069,Barbara Smith,barbara.smith8069@company.org,Canada,2021-10-24,Premium,3223.33
8070,Susan Kim,susan.kim8070@yahoo.com,France,2021-09-16,Standard,4765.49
8071,Jessica Garcia,jessica.garcia8071@gmail.com,United States,2025-08-17,Standard,965.87
8072,Elizabeth Brown,elizabeth.brown8072@gmail.com,Australia,2020-11-21,Standard,3718.73
8073,Carlos Lee,carlos.lee8073@company.org,India,2024-03-08,Standard,1713.95
8074,Sarah Martinez,sarah.martinez8074@company.org,Australia,2024-02-16,Basic,3132.38
8075,William Davis,william.davis8075@techcorp.io,Australia,2021-07-29,Basic,525.34
8076,Michael Jones,michael.jones8076@company.org,Canada,2021-08-02,Standard,3895.58
8077,Jessica Gonzalez,jessica.gonzalez8077@techcorp.io,Germany,2020-09-01,Premium,852.41
8078,Carlos Jones,carlos.jones8078@company.org,India,2025-02-22,Basic,1950.59
8079,Arjun Brown,arjun.brown8079@techcorp.io,United Kingdom,2022-12-12,Basic,212.12
8080,Rahul Sharma,rahul.sharma8080@example.com,Brazil,2021-03-31,Basic,578.11
8081,Barbara Patel,barbara.patel8081@yahoo.com,Australia,2022-07-19,Basic,1132.47
8082,Carlos Jones,carlos.jones8082@outlook.com,India,2022-06-18,Basic,125.28
8083,Patricia Miller,patricia.miller8083@gmail.com,Canada,2024-10-03,Standard,4172.55
8084,Jennifer Williams,jennifer.williams8084@outlook.com,United Kingdom,2025-03-19,Premium,2416.74
8085,Priya Smith,priya.smith8085@outlook.com,Australia,2021-07-19,Premium,709.03
8086,Jessica Wang,jessica.wang8086@gmail.com,Germany,2024-10-16,Basic,3715.42
8087,Charles Chen,charles.chen8087@example.com,Japan,2025-01-16,Premium,959.97
8088,Richard Lee,richard.lee8088@example.com,Canada,2020-11-14,Basic,1097.87
8089,James Chen,james.chen8089@techcorp.io,France,2023-04-02,Premium,3131.69
8090,Joseph Garcia,joseph.garcia8090@techcorp.io,Japan,2024-07-08,Basic,1127.94
8091,Susan Zhang,susan.zhang8091@gmail.com,United States,2024-12-19,Basic,4558.15
8092,Karen Martinez,karen.martinez8092@example.com,Australia,2020-07-14,Premium,4746.6
8093,Barbara Gonzalez,barbara.gonzalez8093@yahoo.com,Germany,2020-07-05,Basic,376.95
8094,Carlos Wang,carlos.wang8094@gmail.com,Canada,2021-08-06,Basic,4783.3
8095,Barbara Lee,barbara.lee8095@techcorp.io,United Kingdom,2022-08-22,Premium,3602.79
8096,Robert Miller,robert.miller8096@company.org,India,2023-06-01,Basic,1100.37
8097,Susan Williams,susan.williams8097@example.com,France,2025-04-15,Standard,3407.13
8098,Sofia Singh,sofia.singh8098@company.org,Japan,2020-06-11,Standard,616.65
8099,Karen Zhang,karen.zhang8099@techcorp.io,Australia,2020-10-05,Basic,632.63
8100,Jessica Kim,jessica.kim8100@example.com,Germany,2022-09-09,Premium,347.14
8101,Michael Wang,michael.wang8101@gmail.com,Australia,2024-02-20,Premium,2033.22
8102,Jennifer Patel,jennifer.patel8102@outlook.com,Germany,2022-05-11,Standard,4356.87
8103,Neha Martinez,neha.martinez8103@outlook.com,Brazil,2023-03-15,Premium,1912.82
8104,Charles Miller,charles.miller8104@example.com,India,2023-02-25,Standard,3252.41
8105,Jessica Verma,jessica.verma8105@gmail.com,Brazil,2020-04-04,Standard,3248.37
8106,Joseph Gonzalez,joseph.gonzalez8106@gmail.com,India,2025-07-31,Premium,1327.94
8107,Elizabeth Rodriguez,elizabeth.rodriguez8107@gmail.com,United States,2021-10-01,Premium,2462.37
8108,William Zhang,william.zhang8108@company.org,Canada,2021-11-27,Standard,1568.86
8109,Linda Chen,linda.chen8109@company.org,United Kingdom,2024-07-21,Standard,2167.44
8110,Mary Martinez,mary.martinez8110@outlook.com,Brazil,2024-06-15,Premium,2319.76
8111,Patricia Kim,patricia.kim8111@company.org,India,2024-07-25,Basic,2654.11
8112,Neha Wang,neha.wang8112@techcorp.io,Japan,2022-06-21,Standard,4126.96
8113,Joseph Martinez,joseph.martinez8113@company.org,France,2024-11-29,Premium,3717.23
8114,Barbara Jones,barbara.jones8114@example.com,United Kingdom,2022-09-19,Premium,3188.35
8115,Patricia Gonzalez,patricia.gonzalez8115@company.org,Brazil,2021-03-04,Standard,2106.2
8116,David Martinez,david.martinez8116@gmail.com,United Kingdom,2023-10-04,Standard,3157.96
8117,Mei Gonzalez,mei.gonzalez8117@outlook.com,Australia,2024-11-29,Premium,2311.02
8118,Ananya Smith,ananya.smith8118@techcorp.io,Japan,2020-09-06,Standard,4472.51
8119,Rahul Johnson,rahul.johnson8119@outlook.com,Australia,2023-10-13,Basic,182.66
8120,James Williams,james.williams8120@example.com,United Kingdom,2021-03-01,Standard,566.43
8121,Jessica Garcia,jessica.garcia8121@outlook.com,Germany,2021-03-20,Premium,958.02
8122,Rahul Kim,rahul.kim8122@outlook.com,France,2025-01-08,Premium,679.53
8123,Mary Verma,mary.verma8123@outlook.com,Australia,2021-10-27,Standard,4263.78
8124,Patricia Wang,patricia.wang8124@example.com,Canada,2023-12-25,Standard,1637.55
8125,Sofia Gonzalez,sofia.gonzalez8125@example.com,Canada,2021-09-29,Premium,1384.82
8126,Joseph Martinez,joseph.martinez8126@yahoo.com,Brazil,2021-07-07,Basic,167.17
8127,Robert Johnson,robert.johnson8127@outlook.com,India,2020-01-15,Standard,1498.22
8128,Charles Patel,charles.patel8128@gmail.com,Japan,2021-10-25,Standard,1735.25
8129,Amit Johnson,amit.johnson8129@techcorp.io,India,2023-02-15,Premium,2333.58
8130,Mary Lopez,mary.lopez8130@example.com,Japan,2022-08-07,Standard,892.69
8131,Mary Johnson,mary.johnson8131@company.org,United Kingdom,2021-10-20,Basic,3687.07
8132,David Patel,david.patel8132@techcorp.io,United Kingdom,2022-01-04,Basic,1903.69
8133,James Singh,james.singh8133@techcorp.io,Australia,2020-06-19,Standard,4473.25
8134,Richard Gonzalez,richard.gonzalez8134@gmail.com,Australia,2022-11-04,Standard,3363.74
8135,Robert Miller,robert.miller8135@example.com,Canada,2022-12-18,Basic,562.24
8136,Neha Smith,neha.smith8136@gmail.com,Germany,2020-05-15,Premium,2870.15
8137,Jessica Patel,jessica.patel8137@techcorp.io,United States,2023-05-03,Basic,4740.84
8138,Susan Jones,susan.jones8138@yahoo.com,Germany,2021-01-30,Standard,643.11
8139,Wei Chen,wei.chen8139@outlook.com,India,2024-03-21,Standard,2971.69
8140,Jennifer Lee,jennifer.lee8140@example.com,United States,2023-10-13,Premium,2180.53
8141,Linda Williams,linda.williams8141@outlook.com,United Kingdom,2023-01-12,Basic,938.5
8142,Jessica Johnson,jessica.johnson8142@outlook.com,United Kingdom,2020-11-18,Premium,273.99
8143,Joseph Chen,joseph.chen8143@yahoo.com,Germany,2021-08-10,Premium,2360.57
8144,Karen Lopez,karen.lopez8144@outlook.com,Brazil,2022-02-27,Premium,2031.06
8145,Sofia Martinez,sofia.martinez8145@yahoo.com,Brazil,2024-06-16,Basic,456.11
8146,Arjun Patel,arjun.patel8146@techcorp.io,Japan,2025-01-18,Basic,4532.52
8147,Arjun Zhang,arjun.zhang8147@gmail.com,India,2021-03-01,Basic,4042.41
8148,Mary Gonzalez,mary.gonzalez8148@outlook.com,Germany,2021-09-08,Basic,2671.67
8149,Barbara Garcia,barbara.garcia8149@yahoo.com,United Kingdom,2025-03-21,Standard,1710.36
8150,William Martinez,william.martinez8150@company.org,United States,2024-06-16,Premium,1248.66
8151,Jennifer Rodriguez,jennifer.rodriguez8151@outlook.com,Brazil,2024-06-22,Premium,1289.21
8152,Mary Rodriguez,mary.rodriguez8152@gmail.com,Germany,2024-09-08,Basic,2010.28
8153,Neha Verma,neha.verma8153@outlook.com,Canada,2021-06-15,Standard,2948.43
8154,Michael Lee,michael.lee8154@company.org,Japan,2020-08-16,Basic,647.8
8155,Carlos Martinez,carlos.martinez8155@techcorp.io,France,2020-11-13,Premium,1958.36
8156,Wei Johnson,wei.johnson8156@outlook.com,Japan,2024-04-05,Basic,299.76
8157,Karen Singh,karen.singh8157@techcorp.io,Australia,2022-12-15,Standard,458.59
8158,Neha Johnson,neha.johnson8158@outlook.com,United Kingdom,2025-06-27,Standard,4341.02
8159,Jennifer Lopez,jennifer.lopez8159@techcorp.io,France,2025-02-20,Basic,1684.24
8160,Michael Sharma,michael.sharma8160@example.com,Germany,2022-08-31,Standard,4096.73
8161,Arjun Rodriguez,arjun.rodriguez8161@example.com,Canada,2023-08-26,Standard,97.57
8162,Sarah Verma,sarah.verma8162@gmail.com,India,2020-05-08,Standard,1635.12
8163,Richard Davis,richard.davis8163@yahoo.com,Germany,2024-07-13,Standard,3045.75
8164,Arjun Brown,arjun.brown8164@gmail.com,Japan,2023-10-11,Basic,939.54
8165,Karen Garcia,karen.garcia8165@techcorp.io,Japan,2022-01-01,Premium,432.03
8166,Karen Martinez,karen.martinez8166@yahoo.com,Germany,2021-06-19,Premium,753.06
8167,Barbara Davis,barbara.davis8167@company.org,Canada,2020-10-16,Premium,2243.25
8168,Ananya Wang,ananya.wang8168@example.com,India,2025-06-29,Standard,1903.12
8169,Jessica Garcia,jessica.garcia8169@yahoo.com,Canada,2024-01-31,Premium,4495.78
8170,Thomas Davis,thomas.davis8170@example.com,France,2020-02-27,Standard,2947.27
8171,Michael Davis,michael.davis8171@techcorp.io,Canada,2020-07-14,Premium,1045.06
8172,Wei Miller,wei.miller8172@example.com,Brazil,2022-06-12,Standard,4258.89
8173,Patricia Verma,patricia.verma8173@techcorp.io,Germany,2024-05-12,Standard,2636.12
8174,Richard Gonzalez,richard.gonzalez8174@company.org,United States,2020-03-31,Standard,2964.76
8175,Susan Sharma,susan.sharma8175@yahoo.com,United States,2020-04-13,Basic,972.76
8176,Robert Wang,robert.wang8176@outlook.com,United States,2022-04-06,Premium,2075.37
8177,Wei Smith,wei.smith8177@outlook.com,Japan,2020-01-24,Premium,819.17
8178,Mary Davis,mary.davis8178@yahoo.com,Japan,2020-12-22,Standard,752.96
8179,Patricia Miller,patricia.miller8179@example.com,Canada,2025-01-15,Basic,2519.17
8180,Charles Davis,charles.davis8180@company.org,Germany,2021-08-12,Premium,2067.82
8181,Neha Zhang,neha.zhang8181@company.org,Canada,2023-09-04,Standard,831.12
8182,Wei Singh,wei.singh8182@techcorp.io,Germany,2022-10-06,Premium,3658.08
8183,Linda Patel,linda.patel8183@techcorp.io,Brazil,2022-05-27,Basic,3772.42
8184,James Wang,james.wang8184@yahoo.com,Brazil,2020-12-16,Premium,4153.6
8185,Karen Zhang,karen.zhang8185@gmail.com,France,2020-11-04,Premium,2530.84
8186,Charles Zhang,charles.zhang8186@gmail.com,Brazil,2020-09-12,Standard,146.09
8187,Michael Davis,michael.davis8187@example.com,Germany,2024-11-27,Basic,4976.62
8188,Arjun Martinez,arjun.martinez8188@outlook.com,Germany,2022-01-30,Standard,1828.99
8189,William Jones,william.jones8189@example.com,Japan,2022-08-10,Basic,3463.05
8190,Amit Wang,amit.wang8190@yahoo.com,Germany,2021-08-27,Basic,4012.29
8191,Barbara Davis,barbara.davis8191@yahoo.com,Australia,2020-07-24,Basic,1992.14
8192,Mei Lee,mei.lee8192@yahoo.com,Germany,2024-12-17,Standard,1839.38
8193,John Patel,john.patel8193@outlook.com,India,2024-09-24,Basic,2755.9
8194,Jennifer Martinez,jennifer.martinez8194@company.org,Australia,2021-03-11,Basic,1036.51
8195,Susan Singh,susan.singh8195@techcorp.io,United States,2023-10-28,Standard,1652.35
8196,Robert Gonzalez,robert.gonzalez8196@company.org,France,2024-06-06,Premium,1558.89
8197,Jessica Williams,jessica.williams8197@techcorp.io,India,2020-12-17,Basic,4567.21
8198,Robert Smith,robert.smith8198@example.com,Germany,2022-03-02,Premium,2888.09
8199,Charles Williams,charles.williams8199@company.org,Canada,2024-06-24,Standard,4635.81
8200,Mei Johnson,mei.johnson8200@example.com,United Kingdom,2024-11-07,Premium,3490.55
8201,Mei Zhang,mei.zhang8201@outlook.com,India,2024-03-29,Standard,4417.1
8202,Mei Singh,mei.singh8202@techcorp.io,Australia,2023-12-25,Premium,3112.38
8203,Arjun Lee,arjun.lee8203@gmail.com,France,2024-08-16,Premium,2241.96
8204,Mary Garcia,mary.garcia8204@yahoo.com,United Kingdom,2024-03-29,Standard,4918.04
8205,Charles Lee,charles.lee8205@outlook.com,India,2023-03-31,Basic,2279.05
8206,James Rodriguez,james.rodriguez8206@yahoo.com,Canada,2021-09-27,Standard,3055.13
8207,Mei Singh,mei.singh8207@yahoo.com,France,2022-03-20,Basic,2512.38
8208,Jessica Rodriguez,jessica.rodriguez8208@techcorp.io,Canada,2021-08-28,Basic,768.37
8209,Mei Garcia,,Canada,2021-06-21,Premium,583.19
8210,Amit Lee,amit.lee8210@example.com,United Kingdom,2021-01-14,Premium,3676.28
8211,Ananya Lee,ananya.lee8211@gmail.com,United Kingdom,2022-11-20,Standard,1059.81
8212,Joseph Sharma,joseph.sharma8212@gmail.com,United States,2021-12-24,Premium,4644.16
8213,Sarah Davis,sarah.davis8213@techcorp.io,Brazil,2023-09-01,Basic,2555.28
8214,Michael Davis,michael.davis8214@yahoo.com,Japan,2021-02-18,Basic,1527.18
8215,Michael Sharma,michael.sharma8215@gmail.com,United Kingdom,2023-07-25,Premium,2161.12
8216,Michael Martinez,michael.martinez8216@yahoo.com,India,2024-12-05,Basic,3046.96
8217,Rahul Williams,rahul.williams8217@example.com,United Kingdom,2022-03-12,Standard,1342.9
8218,Rahul Williams,rahul.williams8218@techcorp.io,Australia,2022-12-02,Basic,1253.39
8219,Rahul Gonzalez,rahul.gonzalez8219@company.org,Germany,2023-08-18,Standard,583.37
8220,Ananya Singh,ananya.singh8220@company.org,Germany,2021-08-25,Basic,2020.4
8221,Sarah Jones,sarah.jones8221@company.org,Canada,2023-10-28,Premium,3454.36
8222,Jennifer Zhang,jennifer.zhang8222@outlook.com,Australia,2025-03-02,Basic,3387.69
8223,Susan Lee,susan.lee8223@techcorp.io,India,2020-12-15,Standard,3730.58
8224,Barbara Martinez,barbara.martinez8224@company.org,United Kingdom,2021-03-13,Standard,1645.1
8225,Neha Singh,neha.singh8225@outlook.com,India,2022-03-31,Basic,4607.19
8226,Susan Brown,susan.brown8226@yahoo.com,France,2025-03-23,Premium,1489.4
8227,Richard Williams,richard.williams8227@example.com,India,2024-10-24,Basic,1627.65
8228,Linda Davis,linda.davis8228@example.com,United States,2025-06-05,Premium,3976.76
8229,Wei Davis,wei.davis8229@example.com,Japan,2020-11-16,Basic,2515.87
8230,William Wang,william.wang8230@gmail.com,France,2024-03-15,Basic,4032.71
8231,Jennifer Brown,jennifer.brown8231@example.com,Brazil,2023-05-24,Basic,3332.08
8232,Richard Lopez,richard.lopez8232@example.com,Germany,2024-10-11,Standard,4930.48
8233,Mei Johnson,mei.johnson8233@outlook.com,India,2024-10-27,Basic,3083.64
8234,John Lopez,john.lopez8234@gmail.com,France,2024-12-22,Premium,4631.77
8235,Rahul Chen,rahul.chen8235@outlook.com,Brazil,2024-04-26,Premium,1326.34
8236,William Smith,william.smith8236@gmail.com,Germany,2024-01-29,Standard,1271.48
8237,Patricia Chen,patricia.chen8237@outlook.com,Australia,2020-01-05,Standard,1985.9
8238,Patricia Singh,patricia.singh8238@gmail.com,Canada,2022-08-16,Premium,4236.1
8239,Carlos Rodriguez,carlos.rodriguez8239@gmail.com,United Kingdom,2025-03-23,Basic,4234.71
8240,Jessica Sharma,jessica.sharma8240@outlook.com,Australia,2024-12-07,Standard,4101.7
8241,Rahul Johnson,rahul.johnson8241@company.org,Canada,2020-12-30,Standard,691.17
8242,Sofia Johnson,sofia.johnson8242@company.org,Australia,2024-05-25,Basic,2072.99
8243,Neha Johnson,neha.johnson8243@yahoo.com,Brazil,2023-09-14,Premium,1644.53
8244,Thomas Zhang,thomas.zhang8244@yahoo.com,United Kingdom,2021-04-19,Basic,785.42
8245,Karen Singh,karen.singh8245@example.com,Brazil,2022-06-04,Standard,1053.23
8246,Barbara Kim,barbara.kim8246@techcorp.io,Australia,2021-03-18,Premium,2343.05
8247,Arjun Chen,arjun.chen8247@example.com,United Kingdom,2024-01-22,Premium,4659.3
8248,Amit Lee,amit.lee8248@yahoo.com,Germany,2023-09-30,Premium,3253.41
8249,William Davis,william.davis8249@example.com,France,2022-03-14,Standard,2055.97
8250,Thomas Wang,thomas.wang8250@gmail.com,India,2025-03-05,Basic,4827.1
8251,Susan Verma,susan.verma8251@yahoo.com,Australia,2023-09-25,Standard,4887.29
8252,Karen Rodriguez,karen.rodriguez8252@outlook.com,United States,2024-10-06,Premium,2862.19
8253,Karen Sharma,karen.sharma8253@company.org,Germany,2022-12-15,Premium,2094.38
8254,Ananya Johnson,ananya.johnson8254@company.org,Japan,2021-09-08,Premium,1700.95
8255,Amit Gonzalez,amit.gonzalez8255@outlook.com,India,2025-01-03,Premium,1061.66
8256,Wei Lopez,wei.lopez8256@outlook.com,United Kingdom,2020-12-14,Standard,4490.62
8257,Amit Brown,amit.brown8257@outlook.com,Germany,2020-10-18,Standard,1299.54
8258,Neha Johnson,neha.johnson8258@company.org,France,2025-03-09,Standard,777.81
8259,Sofia Jones,sofia.jones8259@company.org,Australia,2025-07-18,Standard,213.32
8260,James Verma,james.verma8260@yahoo.com,Japan,2025-03-20,Basic,1045.25
8261,William Chen,william.chen8261@example.com,France,2022-08-06,Basic,4825.39
8262,Ananya Chen,ananya.chen8262@company.org,Japan,2023-08-05,Basic,3352.15
8263,James Lee,james.lee8263@gmail.com,France,2023-12-19,Basic,3126.22
8264,Elizabeth Smith,elizabeth.smith8264@example.com,Germany,2022-07-24,Standard,4755.53
8265,Susan Brown,susan.brown8265@outlook.com,United States,2023-01-18,Basic,3575.11
8266,John Wang,john.wang8266@gmail.com,Brazil,2021-09-18,Premium,800.15
8267,Mary Lee,mary.lee8267@yahoo.com,Australia,2020-12-26,Premium,1092.51
8268,James Smith,james.smith8268@yahoo.com,Australia,2020-07-02,Basic,3926.09
8269,John Martinez,john.martinez8269@example.com,Canada,2024-12-30,Basic,3103.66
8270,Mary Verma,mary.verma8270@outlook.com,Australia,2021-06-02,Basic,2433.84
8271,Michael Lopez,michael.lopez8271@gmail.com,Canada,2025-07-18,Standard,2426.44
8272,Arjun Martinez,arjun.martinez8272@outlook.com,France,2023-03-05,Standard,725.19
8273,Richard Davis,richard.davis8273@yahoo.com,United Kingdom,2022-10-03,Premium,2812.61
8274,Carlos Martinez,carlos.martinez8274@techcorp.io,France,2023-11-04,Basic,2875.12
8275,Mary Miller,mary.miller8275@techcorp.io,Canada,2022-03-29,Basic,2817.81
8276,Elizabeth Williams,elizabeth.williams8276@yahoo.com,United States,2021-04-26,Standard,3983.51
8277,Richard Rodriguez,richard.rodriguez8277@techcorp.io,Canada,2020-06-17,Basic,1862.39
8278,Neha Lee,neha.lee8278@yahoo.com,Canada,2021-05-01,Standard,3430.11
8279,Neha Gonzalez,neha.gonzalez8279@yahoo.com,United Kingdom,2023-03-12,Premium,3451.98
8280,Linda Gonzalez,linda.gonzalez8280@gmail.com,Japan,2021-03-30,Premium,3612.57
8281,Robert Brown,robert.brown8281@techcorp.io,Brazil,2021-10-15,Basic,4014.16
8282,Priya Smith,priya.smith8282@example.com,United Kingdom,2021-11-06,Basic,381.79
8283,Sofia Patel,sofia.patel8283@example.com,Brazil,2021-04-09,Premium,470.53
8284,Ananya Smith,ananya.smith8284@company.org,United States,2021-09-23,Basic,4596.1
8285,Sarah Davis,sarah.davis8285@example.com,Japan,2020-01-26,Premium,745.15
8286,Wei Verma,wei.verma8286@example.com,Australia,2022-09-09,Standard,2144.27
8287,William Williams,william.williams8287@gmail.com,United Kingdom,2023-11-29,Standard,4554.05
8288,Joseph Garcia,joseph.garcia8288@company.org,France,2022-10-16,Premium,4899.74
8289,Amit Patel,amit.patel8289@yahoo.com,Canada,2020-03-09,Premium,826.21
8290,Thomas Rodriguez,thomas.rodriguez8290@company.org,Germany,2020-08-23,Basic,398.08
8291,Rahul Verma,rahul.verma8291@company.org,India,2022-12-06,Standard,99.6
8292,Mary Lopez,mary.lopez8292@techcorp.io,United States,2022-02-22,Premium,3390.67
8293,Arjun Wang,arjun.wang8293@yahoo.com,Brazil,2024-03-21,Premium,1245.57
8294,David Davis,david.davis8294@company.org,India,2020-04-10,Standard,4258.25
8295,Jessica Davis,jessica.davis8295@yahoo.com,United Kingdom,2022-01-24,Standard,1950.79
8296,David Miller,david.miller8296@outlook.com,Brazil,2020-08-02,Basic,3476.65
8297,Charles Patel,charles.patel8297@example.com,Brazil,2021-12-02,Basic,4816.09
8298,Barbara Kim,barbara.kim8298@outlook.com,Australia,2022-01-17,Basic,413.46
8299,Priya Brown,priya.brown8299@techcorp.io,Australia,2023-06-24,Standard,3880.27
8300,Sarah Martinez,sarah.martinez8300@example.com,Germany,2020-01-17,Standard,1391.57
8301,Barbara Brown,barbara.brown8301@techcorp.io,Brazil,2025-03-24,Basic,4868.87
8302,Priya Jones,priya.jones8302@yahoo.com,India,2025-01-25,Standard,1674.62
8303,Karen Johnson,karen.johnson8303@yahoo.com,Australia,2022-10-25,Premium,4489.58
8304,Karen Zhang,karen.zhang8304@yahoo.com,India,2020-04-16,Basic,920.93
8305,Amit Rodriguez,amit.rodriguez8305@gmail.com,United States,2022-07-29,Premium,2459.59
8306,Thomas Williams,thomas.williams8306@gmail.com,Germany,2025-02-02,Basic,2997.42
8307,Wei Chen,wei.chen8307@outlook.com,Australia,2021-04-13,Basic,2185.03
8308,Joseph Johnson,joseph.johnson8308@techcorp.io,United States,2025-07-15,Premium,2160.42
8309,Sofia Gonzalez,sofia.gonzalez8309@techcorp.io,United Kingdom,2022-05-01,Premium,164.33
8310,Jennifer Garcia,jennifer.garcia8310@outlook.com,India,2025-03-27,Standard,2175.61
8311,Wei Kim,wei.kim8311@company.org,Germany,2021-04-28,Basic,2471.05
8312,Susan Garcia,susan.garcia8312@gmail.com,United Kingdom,2022-05-26,Standard,1853.89
8313,Carlos Verma,carlos.verma8313@company.org,Germany,2024-02-14,Standard,4686.84
8314,Richard Garcia,richard.garcia8314@gmail.com,Germany,2023-08-28,Premium,212.74
8315,Carlos Lee,carlos.lee8315@outlook.com,Canada,2020-11-03,Standard,2517.37
8316,Sofia Miller,sofia.miller8316@example.com,France,2022-03-13,Standard,3816.18
8317,Sofia Garcia,sofia.garcia8317@outlook.com,France,2023-04-11,Premium,1801.77
8318,Susan Martinez,susan.martinez8318@example.com,France,2024-09-06,Premium,1822.6
8319,Priya Sharma,priya.sharma8319@techcorp.io,Japan,2025-06-14,Premium,72.15
8320,Patricia Kim,patricia.kim8320@example.com,Australia,2020-08-02,Standard,2346.6
8321,Neha Lee,neha.lee8321@example.com,Canada,2023-10-12,Basic,542.21
8322,Charles Gonzalez,charles.gonzalez8322@gmail.com,Australia,2021-07-16,Standard,2093.51
8323,Joseph Smith,joseph.smith8323@outlook.com,Germany,2024-10-05,Standard,1920.62
8324,Karen Wang,karen.wang8324@company.org,Australia,2020-07-08,Premium,2750.02
8325,Ananya Martinez,ananya.martinez8325@techcorp.io,France,2024-07-26,Basic,3478.48
8326,Rahul Patel,rahul.patel8326@yahoo.com,Brazil,2022-01-21,Premium,1887.84
8327,Amit Martinez,amit.martinez8327@gmail.com,France,2021-08-05,Standard,1684.69
8328,Mei Gonzalez,mei.gonzalez8328@techcorp.io,Germany,2020-04-23,Premium,3091.99
8329,Jennifer Sharma,jennifer.sharma8329@yahoo.com,India,2022-01-25,Basic,2827.33
8330,Jennifer Lee,jennifer.lee8330@techcorp.io,Canada,2022-12-23,Premium,4109.54
8331,Carlos Jones,carlos.jones8331@example.com,France,2022-09-24,Standard,4783.86
8332,Patricia Martinez,patricia.martinez8332@company.org,Japan,2022-12-15,Premium,4272.34
8333,Rahul Williams,rahul.williams8333@outlook.com,India,2021-06-22,Premium,3007.0
8334,David Rodriguez,david.rodriguez8334@outlook.com,Brazil,2022-09-11,Premium,4924.94
8335,David Davis,david.davis8335@techcorp.io,United Kingdom,2023-09-19,Premium,4325.3
8336,Elizabeth Lee,elizabeth.lee8336@company.org,India,2024-11-09,Premium,1769.87
8337,Barbara Gonzalez,barbara.gonzalez8337@techcorp.io,Australia,2021-08-09,Basic,2773.12
8338,Jessica Gonzalez,jessica.gonzalez8338@techcorp.io,Australia,2020-11-20,Basic,4957.57
8339,Charles Johnson,charles.johnson8339@gmail.com,Brazil,2021-01-02,Standard,3353.47
8340,Arjun Lee,arjun.lee8340@example.com,United Kingdom,2020-09-16,Basic,443.82
8341,Carlos Lopez,carlos.lopez8341@example.com,United Kingdom,2022-05-09,Standard,4260.52
8342,Charles Kim,charles.kim8342@company.org,India,2020-08-08,Standard,3363.78
8343,Elizabeth Sharma,elizabeth.sharma8343@company.org,France,2021-02-21,Premium,3289.32
8344,Carlos Gonzalez,carlos.gonzalez8344@outlook.com,United States,2020-04-24,Premium,1842.63
8345,Jessica Verma,jessica.verma8345@company.org,United Kingdom,2022-12-08,Premium,4960.75
8346,Barbara Lopez,barbara.lopez8346@techcorp.io,Canada,2021-11-19,Basic,131.57
8347,Elizabeth Garcia,elizabeth.garcia8347@gmail.com,Brazil,2023-04-20,Basic,4388.26
8348,Jennifer Kim,jennifer.kim8348@techcorp.io,France,2023-08-05,Standard,2872.86
8349,Wei Chen,wei.chen8349@company.org,Japan,2021-12-13,Standard,1678.3
8350,Amit Verma,amit.verma8350@outlook.com,India,2023-10-02,Basic,3050.77
8351,Charles Miller,charles.miller8351@example.com,Australia,2025-01-07,Standard,4907.84
8352,Wei Chen,wei.chen8352@company.org,France,2020-05-01,Premium,2039.52
8353,Sofia Singh,sofia.singh8353@company.org,Canada,2021-04-06,Basic,3814.17
8354,Wei Brown,wei.brown8354@yahoo.com,Brazil,2022-12-11,Premium,1064.65
8355,Mei Lopez,mei.lopez8355@outlook.com,Australia,2024-02-01,Premium,4848.54
8356,Jessica Chen,jessica.chen8356@techcorp.io,United States,2024-08-03,Premium,3115.94
8357,Robert Jones,robert.jones8357@example.com,India,2024-03-14,Standard,2838.6
8358,Priya Rodriguez,priya.rodriguez8358@company.org,United States,2024-11-16,Basic,4262.06
8359,Rahul Garcia,rahul.garcia8359@example.com,France,2021-05-24,Basic,103.31
8360,Amit Davis,amit.davis8360@outlook.com,India,2021-07-17,Basic,4618.33
8361,Arjun Rodriguez,arjun.rodriguez8361@outlook.com,France,2021-03-25,Standard,4759.83
8362,Jessica Miller,jessica.miller8362@techcorp.io,Canada,2022-12-06,Basic,2834.22
8363,Sofia Gonzalez,sofia.gonzalez8363@techcorp.io,France,2022-03-31,Basic,2409.45
8364,Charles Zhang,charles.zhang8364@techcorp.io,Canada,2020-12-14,Basic,3675.31
8365,Neha Wang,neha.wang8365@techcorp.io,Brazil,2025-08-01,Basic,609.34
8366,Thomas Williams,thomas.williams8366@techcorp.io,India,2021-05-06,Premium,1190.87
8367,Ananya Wang,ananya.wang8367@company.org,Australia,2021-10-16,Basic,1050.08
8368,William Davis,william.davis8368@yahoo.com,Canada,2020-11-29,Premium,4530.93
8369,James Chen,james.chen8369@gmail.com,Germany,2025-06-28,Premium,2451.54
8370,Karen Singh,karen.singh8370@yahoo.com,United Kingdom,2025-06-10,Premium,3247.11
8371,Wei Zhang,wei.zhang8371@techcorp.io,India,2022-02-25,Premium,4740.17
8372,Jennifer Johnson,jennifer.johnson8372@company.org,Germany,2022-01-11,Basic,1560.92
8373,Thomas Martinez,thomas.martinez8373@techcorp.io,United Kingdom,2023-07-26,Basic,3038.44
8374,Thomas Kim,thomas.kim8374@gmail.com,France,2022-11-12,Premium,1798.63
8375,Patricia Johnson,patricia.johnson8375@outlook.com,Germany,2023-10-27,Premium,2976.46
8376,James Gonzalez,james.gonzalez8376@yahoo.com,Brazil,2023-04-21,Basic,708.9
8377,Arjun Brown,arjun.brown8377@example.com,United States,2021-05-24,Premium,4013.55
8378,Rahul Davis,rahul.davis8378@techcorp.io,India,2022-09-04,Standard,2486.36
8379,William Miller,william.miller8379@outlook.com,United States,2022-07-07,Basic,4206.16
8380,Neha Wang,neha.wang8380@company.org,Germany,2023-09-22,Premium,4043.89
8381,John Wang,john.wang8381@yahoo.com,United Kingdom,2022-10-04,Standard,2626.75
8382,Linda Singh,linda.singh8382@company.org,Germany,2021-10-26,Basic,454.4
8383,Carlos Sharma,carlos.sharma8383@yahoo.com,Japan,2024-09-09,Premium,1871.69
8384,Elizabeth Patel,elizabeth.patel8384@yahoo.com,India,2021-01-13,Standard,4767.69
8385,James Gonzalez,james.gonzalez8385@gmail.com,France,2021-11-03,Basic,2595.08
8386,Patricia Jones,patricia.jones8386@outlook.com,United States,2025-02-15,Premium,1918.58
8387,Elizabeth Gonzalez,elizabeth.gonzalez8387@techcorp.io,Australia,2022-05-22,Standard,804.21
8388,Charles Jones,charles.jones8388@gmail.com,United Kingdom,2023-09-24,Basic,3183.28
8389,Patricia Brown,patricia.brown8389@yahoo.com,Canada,2022-11-15,Premium,1916.03
8390,Sofia Lee,sofia.lee8390@outlook.com,United States,2021-06-27,Premium,458.97
8391,Wei Zhang,wei.zhang8391@outlook.com,Brazil,2022-11-16,Standard,1394.3
8392,Sofia Lee,sofia.lee8392@outlook.com,Japan,2021-07-30,Standard,1508.98
8393,Wei Jones,wei.jones8393@techcorp.io,United States,2023-03-29,Standard,1291.0
8394,Wei Martinez,wei.martinez8394@yahoo.com,India,2025-01-08,Standard,2089.03
8395,Charles Rodriguez,charles.rodriguez8395@company.org,United States,2022-12-12,Standard,1661.53
8396,Mei Martinez,mei.martinez8396@outlook.com,Canada,2023-06-03,Standard,3484.14
8397,Barbara Wang,barbara.wang8397@outlook.com,Brazil,2020-10-06,Standard,3709.25
8398,Jennifer Sharma,jennifer.sharma8398@yahoo.com,Brazil,2024-06-01,Standard,1925.59
8399,Mei Smith,mei.smith8399@company.org,United Kingdom,2020-04-11,Standard,1229.24
8400,John Wang,john.wang8400@company.org,Canada,2021-09-27,Basic,1226.1
8401,Karen Brown,karen.brown8401@yahoo.com,France,2025-08-06,Standard,1340.13
8402,Linda Lopez,linda.lopez8402@yahoo.com,Japan,2025-06-09,Standard,4482.52
8403,Robert Chen,robert.chen8403@techcorp.io,India,2024-01-22,Standard,4187.46
8404,Jennifer Rodriguez,jennifer.rodriguez8404@gmail.com,Germany,2023-07-23,Basic,3597.06
8405,Mei Zhang,mei.zhang8405@techcorp.io,United Kingdom,2023-01-31,Basic,970.89
8406,Jessica Jones,jessica.jones8406@yahoo.com,United Kingdom,2025-02-07,Basic,265.66
8407,Elizabeth Williams,elizabeth.williams8407@company.org,Japan,2023-11-16,Basic,4124.34
8408,Mary Johnson,mary.johnson8408@example.com,United Kingdom,2021-10-22,Basic,2999.02
8409,Sofia Lopez,sofia.lopez8409@company.org,Brazil,2025-06-28,Standard,1088.2
8410,Barbara Garcia,barbara.garcia8410@gmail.com,United States,2023-10-30,Premium,986.49
8411,Rahul Chen,rahul.chen8411@outlook.com,Australia,2022-01-04,Standard,4723.73
8412,Jennifer Williams,jennifer.williams8412@company.org,Canada,2024-02-22,Basic,3649.94
8413,Sarah Zhang,sarah.zhang8413@outlook.com,Brazil,2021-01-17,Premium,656.21
8414,Patricia Lopez,patricia.lopez8414@company.org,Canada,2022-01-12,Premium,644.52
8415,Wei Kim,wei.kim8415@yahoo.com,Canada,2021-07-06,Premium,60.25
8416,William Miller,william.miller8416@yahoo.com,Australia,2023-10-22,Basic,4063.25
8417,Michael Miller,michael.miller8417@outlook.com,Japan,2021-02-08,Premium,2251.82
8418,Rahul Smith,rahul.smith8418@outlook.com,United States,2022-06-02,Basic,1490.65
8419,William Miller,william.miller8419@techcorp.io,United States,2020-04-10,Premium,3243.8
8420,Priya Chen,priya.chen8420@yahoo.com,India,2024-03-20,Basic,1146.67
8421,Elizabeth Gonzalez,elizabeth.gonzalez8421@yahoo.com,United States,2025-08-01,Basic,1563.62
8422,Jessica Zhang,jessica.zhang8422@yahoo.com,United States,2025-06-13,Basic,4483.21
8423,John Garcia,john.garcia8423@outlook.com,Japan,2024-11-03,Premium,4924.11
8424,Mary Jones,mary.jones8424@outlook.com,India,2022-01-03,Standard,3837.92
8425,William Martinez,william.martinez8425@techcorp.io,Australia,2021-12-23,Basic,2231.23
8426,Charles Lee,charles.lee8426@techcorp.io,India,2023-12-27,Basic,4089.78
8427,Sarah Miller,sarah.miller8427@gmail.com,India,2025-03-13,Standard,2558.32
8428,Barbara Brown,barbara.brown8428@example.com,France,2024-01-07,Basic,4659.55
8429,Carlos Kim,carlos.kim8429@gmail.com,United States,2024-03-05,Standard,1518.95
8430,James Jones,james.jones8430@example.com,Japan,2024-05-15,Basic,629.81
8431,Mei Jones,mei.jones8431@yahoo.com,India,2024-05-12,Basic,1730.55
8432,Jessica Verma,jessica.verma8432@gmail.com,United States,2020-05-17,Basic,1117.25
8433,Mei Singh,mei.singh8433@company.org,Australia,2025-04-15,Standard,1233.82
8434,Arjun Wang,arjun.wang8434@techcorp.io,United Kingdom,2023-01-11,Standard,4859.09
8435,Wei Williams,wei.williams8435@techcorp.io,Brazil,2023-01-08,Standard,2539.45
8436,Mei Patel,mei.patel8436@yahoo.com,United States,2021-12-23,Basic,911.48
8437,Ananya Williams,ananya.williams8437@company.org,Germany,2022-02-25,Standard,1008.79
8438,Mei Wang,mei.wang8438@yahoo.com,Australia,2021-04-08,Basic,739.76
8439,Priya Zhang,priya.zhang8439@gmail.com,United Kingdom,2020-12-20,Basic,813.44
8440,Robert Davis,robert.davis8440@example.com,United States,2024-01-26,Basic,1948.79
8441,Joseph Martinez,joseph.martinez8441@company.org,Germany,2023-12-06,Basic,4325.66
8442,Robert Lee,robert.lee8442@yahoo.com,Australia,2023-02-26,Standard,1716.5
8443,Wei Rodriguez,wei.rodriguez8443@example.com,France,2022-06-30,Basic,2190.86
8444,John Martinez,john.martinez8444@outlook.com,Australia,2020-08-07,Basic,1955.14
8445,Linda Verma,linda.verma8445@techcorp.io,Canada,2021-10-11,Basic,2232.79
8446,William Singh,william.singh8446@example.com,Japan,2024-04-21,Premium,4232.82
8447,Jennifer Singh,jennifer.singh8447@techcorp.io,Japan,2024-05-15,Basic,2490.4
8448,Rahul Chen,rahul.chen8448@company.org,United States,2023-02-10,Standard,4975.44
8449,David Garcia,david.garcia8449@yahoo.com,Canada,2021-11-30,Premium,264.01
8450,Karen Singh,karen.singh8450@outlook.com,Germany,2024-02-09,Standard,3041.23
8451,Sarah Johnson,sarah.johnson8451@example.com,Canada,2022-07-28,Standard,461.38
8452,Wei Gonzalez,wei.gonzalez8452@example.com,United States,2022-02-13,Standard,4259.84
8453,Ananya Zhang,ananya.zhang8453@company.org,Japan,2022-06-28,Basic,587.21
8454,Mary Brown,mary.brown8454@outlook.com,France,2023-11-06,Basic,4445.52
8455,Charles Lopez,charles.lopez8455@outlook.com,Germany,2021-01-11,Basic,3872.58
8456,Rahul Sharma,rahul.sharma8456@outlook.com,Germany,2022-11-10,Basic,512.27
8457,James Rodriguez,james.rodriguez8457@yahoo.com,Japan,2020-09-06,Premium,2647.16
8458,Wei Kim,wei.kim8458@gmail.com,Brazil,2022-09-13,Standard,2660.15
8459,Neha Verma,neha.verma8459@outlook.com,Brazil,2022-07-08,Standard,1341.26
8460,William Gonzalez,william.gonzalez8460@company.org,Japan,2024-03-08,Premium,2272.31
8461,Charles Wang,charles.wang8461@outlook.com,Germany,2023-12-02,Premium,1497.62
8462,Jennifer Gonzalez,jennifer.gonzalez8462@company.org,United States,2023-05-27,Basic,1953.73
8463,Jennifer Wang,jennifer.wang8463@outlook.com,France,2022-11-13,Premium,4898.78
8464,Carlos Zhang,carlos.zhang8464@outlook.com,United States,2025-01-29,Premium,4316.16
8465,Mei Singh,mei.singh8465@example.com,Germany,2023-07-24,Basic,330.8
8466,Thomas Brown,thomas.brown8466@outlook.com,Brazil,2020-01-24,Premium,4299.74
8467,Joseph Zhang,joseph.zhang8467@techcorp.io,Canada,2024-03-08,Basic,582.23
8468,Carlos Lopez,carlos.lopez8468@yahoo.com,Germany,2023-03-06,Standard,2437.56
8469,Rahul Gonzalez,rahul.gonzalez8469@company.org,Germany,2025-03-16,Standard,896.84
8470,Joseph Brown,joseph.brown8470@gmail.com,United States,2021-08-24,Premium,3994.14
8471,Ananya Verma,ananya.verma8471@company.org,France,2022-02-19,Standard,415.01
8472,Arjun Kim,arjun.kim8472@example.com,Australia,2025-01-27,Basic,1862.87
8473,Wei Garcia,wei.garcia8473@gmail.com,United Kingdom,2024-03-21,Basic,1145.23
8474,Rahul Smith,rahul.smith8474@gmail.com,Canada,2023-06-30,Standard,1404.29
8475,Patricia Lopez,patricia.lopez8475@example.com,Germany,2023-03-29,Basic,3305.98
8476,Michael Singh,michael.singh8476@example.com,Australia,2020-02-28,Standard,2863.04
8477,Neha Davis,neha.davis8477@yahoo.com,Brazil,2022-12-26,Basic,400.69
8478,John Chen,john.chen8478@gmail.com,United Kingdom,2020-05-18,Basic,4750.56
8479,Jessica Smith,jessica.smith8479@company.org,Japan,2021-02-19,Premium,1359.17
8480,Wei Chen,wei.chen8480@company.org,United States,2025-03-20,Standard,4008.45
8481,Linda Wang,linda.wang8481@yahoo.com,India,2024-08-31,Premium,3983.54
8482,Joseph Verma,joseph.verma8482@company.org,Germany,2025-07-01,Standard,2098.21
8483,Mary Williams,mary.williams8483@gmail.com,United States,2024-06-25,Premium,3065.83
8484,Rahul Chen,rahul.chen8484@example.com,Canada,2020-07-30,Basic,2992.3
8485,Joseph Johnson,joseph.johnson8485@gmail.com,Brazil,2022-06-01,Basic,1883.45
8486,Priya Patel,priya.patel8486@example.com,India,2020-02-05,Standard,514.07
8487,Thomas Sharma,thomas.sharma8487@yahoo.com,Japan,2020-06-16,Basic,2523.15
8488,Wei Smith,wei.smith8488@gmail.com,United States,2021-09-05,Basic,705.42
8489,Patricia Garcia,patricia.garcia8489@techcorp.io,France,2022-06-12,Premium,257.1
8490,Patricia Johnson,patricia.johnson8490@gmail.com,India,2020-10-06,Premium,1925.08
8491,Michael Rodriguez,michael.rodriguez8491@techcorp.io,India,2020-01-22,Standard,4583.67
8492,Susan Lopez,susan.lopez8492@company.org,Japan,2020-09-22,Basic,4202.06
8493,Patricia Martinez,patricia.martinez8493@company.org,Canada,2020-11-21,Basic,3967.84
8494,Arjun Singh,arjun.singh8494@yahoo.com,Germany,2021-09-05,Premium,801.45
8495,Patricia Lee,patricia.lee8495@example.com,Canada,2021-07-07,Premium,4687.63
8496,Thomas Gonzalez,thomas.gonzalez8496@example.com,India,2024-11-07,Standard,771.98
8497,John Wang,john.wang8497@gmail.com,Germany,2023-08-31,Standard,4276.3
8498,Ananya Lopez,ananya.lopez8498@example.com,Australia,2023-08-31,Basic,4861.7
8499,Amit Rodriguez,amit.rodriguez8499@techcorp.io,Germany,2020-12-08,Premium,3333.71
8500,Ananya Jones,ananya.jones8500@outlook.com,Canada,2020-07-25,Standard,3491.81
8501,Barbara Lopez,barbara.lopez8501@outlook.com,United States,2021-11-29,Standard,751.17
8502,William Gonzalez,william.gonzalez8502@yahoo.com,France,2022-05-31,Basic,4826.02
8503,Jennifer Davis,jennifer.davis8503@gmail.com,Japan,2023-08-05,Standard,2540.77
8504,Jessica Brown,jessica.brown8504@techcorp.io,United Kingdom,2021-09-21,Basic,815.13
8505,Richard Williams,richard.williams8505@techcorp.io,United Kingdom,2021-06-17,Basic,1213.77
8506,Arjun Zhang,arjun.zhang8506@example.com,Japan,2024-10-08,Premium,3939.94
8507,Joseph Rodriguez,joseph.rodriguez8507@outlook.com,Brazil,2021-11-15,Basic,2575.89
8508,Jessica Kim,jessica.kim8508@gmail.com,Japan,2022-03-10,Premium,355.82
8509,Sofia Martinez,sofia.martinez8509@company.org,France,2022-08-01,Basic,3504.95
8510,Sofia Patel,sofia.patel8510@example.com,France,2025-01-13,Standard,914.44
8511,Richard Johnson,richard.johnson8511@techcorp.io,Germany,2024-11-13,Premium,1593.84
8512,Karen Lopez,karen.lopez8512@gmail.com,United States,2022-11-18,Premium,2489.14
8513,Susan Martinez,susan.martinez8513@company.org,Australia,2022-11-18,Standard,3207.85
8514,Mei Rodriguez,mei.rodriguez8514@techcorp.io,Canada,2024-07-25,Standard,2365.48
8515,Amit Brown,amit.brown8515@yahoo.com,Japan,2021-03-31,Standard,1027.73
8516,Jennifer Chen,jennifer.chen8516@company.org,United Kingdom,2021-12-15,Premium,4549.16
8517,Joseph Miller,joseph.miller8517@yahoo.com,Germany,2025-04-02,Standard,2159.94
8518,David Rodriguez,david.rodriguez8518@techcorp.io,Brazil,2023-03-31,Basic,2523.12
8519,Elizabeth Lopez,elizabeth.lopez8519@outlook.com,France,2023-06-04,Standard,3158.66
8520,Rahul Johnson,rahul.johnson8520@yahoo.com,United States,2020-04-24,Basic,3233.84
8521,Mei Martinez,mei.martinez8521@yahoo.com,France,2024-08-29,Standard,3796.19
8522,Carlos Lee,carlos.lee8522@outlook.com,Australia,2022-04-04,Premium,4950.83
8523,Jennifer Miller,jennifer.miller8523@yahoo.com,United Kingdom,2023-06-05,Standard,3630.06
8524,Michael Verma,michael.verma8524@example.com,France,2021-10-25,Basic,3882.25
8525,Thomas Lopez,thomas.lopez8525@techcorp.io,France,2024-02-03,Standard,3370.68
8526,Elizabeth Lopez,elizabeth.lopez8526@techcorp.io,Germany,2020-01-22,Basic,4214.31
8527,Karen Kim,karen.kim8527@gmail.com,India,2022-04-06,Basic,4056.9
8528,Joseph Gonzalez,joseph.gonzalez8528@example.com,India,2020-11-15,Standard,3376.35
8529,Jessica Smith,jessica.smith8529@gmail.com,Canada,2020-12-31,Basic,4630.53
8530,Barbara Zhang,barbara.zhang8530@gmail.com,France,2021-09-21,Basic,392.21
8531,Linda Lopez,linda.lopez8531@outlook.com,Germany,2020-10-27,Basic,1823.04
8532,Joseph Patel,joseph.patel8532@outlook.com,United States,2020-09-19,Standard,1049.86
8533,Karen Chen,karen.chen8533@techcorp.io,Australia,2020-04-02,Standard,4440.57
8534,Wei Lopez,wei.lopez8534@yahoo.com,India,2024-02-27,Basic,240.44
8535,Karen Kim,karen.kim8535@gmail.com,United States,2020-05-04,Premium,2912.33
8536,William Martinez,william.martinez8536@yahoo.com,United States,2020-05-25,Basic,2324.18
8537,Linda Jones,linda.jones8537@gmail.com,France,2023-10-07,Standard,2851.01
8538,Robert Chen,robert.chen8538@techcorp.io,France,2022-02-11,Premium,92.18
8539,Rahul Zhang,rahul.zhang8539@yahoo.com,France,2022-03-20,Basic,4363.11
8540,Ananya Chen,ananya.chen8540@example.com,United Kingdom,2021-02-15,Basic,1581.51
8541,John Johnson,john.johnson8541@example.com,Australia,2022-07-25,Premium,2539.55
8542,Mei Wang,mei.wang8542@gmail.com,Canada,2021-03-21,Standard,4260.12
8543,Jennifer Singh,jennifer.singh8543@techcorp.io,Canada,2021-07-02,Premium,1142.67
8544,Ananya Patel,ananya.patel8544@techcorp.io,Canada,2024-04-11,Basic,1442.37
8545,Michael Zhang,michael.zhang8545@techcorp.io,United Kingdom,2020-09-16,Standard,2511.25
8546,Amit Jones,amit.jones8546@techcorp.io,Brazil,2023-07-05,Standard,4366.76
8547,Barbara Kim,barbara.kim8547@outlook.com,Japan,2022-11-29,Basic,2810.35
8548,Charles Martinez,charles.martinez8548@example.com,Australia,2021-07-01,Premium,4745.79
8549,Jessica Garcia,jessica.garcia8549@techcorp.io,Canada,2023-09-28,Premium,2318.33
8550,Charles Kim,charles.kim8550@company.org,Brazil,2022-01-01,Basic,4632.55
8551,Elizabeth Sharma,elizabeth.sharma8551@outlook.com,Canada,2020-04-18,Premium,3273.58
8552,William Jones,william.jones8552@gmail.com,United States,2020-02-08,Basic,1536.02
8553,Charles Lopez,charles.lopez8553@example.com,India,2021-03-24,Standard,2255.34
8554,David Rodriguez,david.rodriguez8554@outlook.com,United Kingdom,2020-05-08,Premium,1764.65
8555,Amit Lopez,amit.lopez8555@company.org,France,2024-04-23,Basic,4883.53
8556,Susan Lopez,susan.lopez8556@yahoo.com,United Kingdom,2022-08-28,Premium,1725.1
8557,Linda Smith,linda.smith8557@gmail.com,Germany,2023-11-19,Premium,1788.67
8558,Michael Lopez,michael.lopez8558@outlook.com,Germany,2024-02-21,Standard,3481.31
8559,Joseph Wang,joseph.wang8559@techcorp.io,United Kingdom,2021-03-08,Basic,4094.84
8560,Jennifer Martinez,jennifer.martinez8560@outlook.com,Brazil,2025-06-27,Basic,658.91
8561,Patricia Brown,patricia.brown8561@gmail.com,Japan,2023-12-08,Basic,2478.14
8562,Priya Miller,priya.miller8562@outlook.com,Brazil,2022-03-14,Standard,753.24
8563,Elizabeth Lee,elizabeth.lee8563@techcorp.io,Germany,2021-05-24,Standard,478.39
8564,Susan Lee,susan.lee8564@outlook.com,Canada,2022-06-21,Premium,2502.59
8565,Sarah Wang,sarah.wang8565@gmail.com,Japan,2020-10-07,Basic,1652.11
8566,Priya Lopez,priya.lopez8566@yahoo.com,Australia,2020-12-09,Basic,4574.21
8567,Ananya Rodriguez,ananya.rodriguez8567@company.org,Germany,2023-09-16,Standard,837.29
8568,Sofia Wang,sofia.wang8568@yahoo.com,France,2023-02-23,Basic,3382.91
8569,Michael Brown,michael.brown8569@example.com,India,2021-09-23,Basic,3238.38
8570,Karen Jones,karen.jones8570@company.org,France,2025-05-02,Premium,1501.63
8571,Priya Wang,priya.wang8571@example.com,Australia,2021-02-25,Standard,1150.05
8572,Priya Chen,priya.chen8572@yahoo.com,United States,2024-12-05,Premium,4726.99
8573,Mary Patel,mary.patel8573@example.com,India,2021-06-10,Premium,2755.29
8574,Mei Patel,mei.patel8574@company.org,Australia,2023-02-01,Standard,439.67
8575,Elizabeth Lee,elizabeth.lee8575@yahoo.com,United Kingdom,2021-02-10,Basic,481.4
8576,Richard Gonzalez,richard.gonzalez8576@techcorp.io,Brazil,2023-07-25,Standard,4823.34
8577,Jennifer Patel,jennifer.patel8577@techcorp.io,Germany,2021-02-11,Premium,254.38
8578,Amit Smith,amit.smith8578@techcorp.io,United Kingdom,2024-08-01,Basic,890.42
8579,Priya Verma,priya.verma8579@techcorp.io,India,2023-08-25,Basic,765.84
8580,Priya Williams,priya.williams8580@example.com,Australia,2024-06-22,Basic,1036.39
8581,Carlos Johnson,carlos.johnson8581@example.com,United Kingdom,2024-11-28,Basic,3257.53
8582,Elizabeth Zhang,elizabeth.zhang8582@outlook.com,Australia,2023-01-14,Standard,4622.53
8583,Michael Smith,michael.smith8583@gmail.com,Japan,2023-04-12,Standard,4083.63
8584,Arjun Chen,arjun.chen8584@techcorp.io,Japan,2025-04-04,Standard,649.47
8585,Carlos Martinez,carlos.martinez8585@example.com,Australia,2021-02-14,Premium,1089.34
8586,Richard Davis,richard.davis8586@yahoo.com,Germany,2024-02-11,Basic,4303.85
8587,Carlos Davis,carlos.davis8587@techcorp.io,France,2022-03-17,Basic,1695.97
8588,Neha Verma,neha.verma8588@example.com,Brazil,2024-04-04,Standard,4380.07
8589,Joseph Johnson,joseph.johnson8589@yahoo.com,Australia,2020-04-05,Standard,3609.39
8590,Richard Singh,richard.singh8590@example.com,United States,2024-05-02,Premium,3221.65
8591,Barbara Smith,barbara.smith8591@company.org,Australia,2021-08-29,Standard,455.3
8592,Mary Singh,mary.singh8592@company.org,France,2024-03-05,Standard,4304.59
8593,Neha Miller,neha.miller8593@yahoo.com,France,2022-11-09,Standard,1392.16
8594,Patricia Gonzalez,patricia.gonzalez8594@techcorp.io,Canada,2020-09-19,Basic,3378.82
8595,James Rodriguez,james.rodriguez8595@yahoo.com,France,2023-03-07,Premium,4226.75
8596,David Lee,david.lee8596@example.com,United States,2020-01-30,Basic,4415.24
8597,Sarah Jones,sarah.jones8597@gmail.com,Brazil,2025-06-22,Basic,1968.01
8598,Michael Zhang,michael.zhang8598@company.org,India,2022-06-01,Premium,3401.16
8599,Rahul Gonzalez,rahul.gonzalez8599@yahoo.com,Japan,2020-11-28,Premium,520.7
8600,Charles Lee,charles.lee8600@yahoo.com,Brazil,2021-03-09,Premium,2694.71
8601,Carlos Lopez,carlos.lopez8601@yahoo.com,India,2024-08-19,Standard,63.5
8602,Mei Zhang,mei.zhang8602@gmail.com,Japan,2024-01-22,Standard,2133.87
8603,James Brown,james.brown8603@company.org,United States,2024-10-31,Premium,2225.7
8604,Wei Sharma,wei.sharma8604@techcorp.io,Germany,2021-05-31,Standard,699.28
8605,Karen Williams,karen.williams8605@outlook.com,Germany,2022-07-09,Basic,2576.31
8606,Sofia Patel,sofia.patel8606@example.com,Australia,2020-11-25,Standard,4743.2
8607,Michael Williams,michael.williams8607@yahoo.com,India,2025-03-02,Standard,2868.32
8608,Patricia Davis,patricia.davis8608@outlook.com,Germany,2025-06-25,Premium,4753.39
8609,Ananya Garcia,ananya.garcia8609@outlook.com,Australia,2022-10-08,Standard,2144.21
8610,Barbara Williams,barbara.williams8610@gmail.com,Brazil,2021-06-06,Standard,2214.6
8611,Carlos Singh,carlos.singh8611@techcorp.io,Australia,2021-03-27,Standard,1111.77
8612,Patricia Chen,patricia.chen8612@yahoo.com,Japan,2021-01-26,Standard,1296.57
8613,Amit Miller,amit.miller8613@example.com,Germany,2021-01-15,Premium,4935.16
8614,Michael Martinez,michael.martinez8614@gmail.com,United Kingdom,2023-09-29,Basic,979.76
8615,Elizabeth Patel,elizabeth.patel8615@gmail.com,Japan,2023-06-28,Premium,2108.3
8616,Rahul Zhang,rahul.zhang8616@example.com,Australia,2024-12-31,Standard,3246.32
8617,Elizabeth Singh,elizabeth.singh8617@techcorp.io,Australia,2023-06-01,Premium,1302.09
8618,Robert Brown,robert.brown8618@company.org,Japan,2022-06-10,Premium,4903.91
8619,Priya Garcia,priya.garcia8619@gmail.com,Germany,2023-09-13,Standard,2575.01
8620,Jessica Wang,jessica.wang8620@outlook.com,United States,2023-12-10,Basic,1128.8
8621,John Sharma,john.sharma8621@gmail.com,United Kingdom,2023-06-25,Premium,1927.26
8622,Mary Kim,mary.kim8622@techcorp.io,France,2023-08-16,Premium,2119.71
8623,Charles Singh,charles.singh8623@techcorp.io,United Kingdom,2025-07-01,Standard,1501.12
8624,Carlos Wang,carlos.wang8624@gmail.com,United Kingdom,2023-06-15,Basic,868.44
8625,Neha Davis,neha.davis8625@techcorp.io,Brazil,2022-10-16,Standard,4326.4
8626,John Smith,john.smith8626@example.com,Australia,2025-02-21,Basic,3073.84
8627,Neha Lopez,neha.lopez8627@example.com,France,2024-04-15,Standard,2137.94
8628,Jennifer Johnson,jennifer.johnson8628@example.com,Japan,2020-07-20,Basic,4465.24
8629,Linda Miller,linda.miller8629@example.com,Japan,2025-06-17,Standard,1316.82
8630,Mei Brown,mei.brown8630@gmail.com,Brazil,2022-10-28,Basic,2947.78
8631,Carlos Brown,carlos.brown8631@techcorp.io,India,2022-01-31,Premium,322.1
8632,James Miller,james.miller8632@techcorp.io,Canada,2020-05-24,Premium,3691.9
8633,David Zhang,david.zhang8633@yahoo.com,Japan,2021-04-09,Standard,1030.58
8634,Neha Jones,neha.jones8634@gmail.com,United Kingdom,2020-11-22,Premium,103.29
8635,Richard Patel,richard.patel8635@outlook.com,France,2024-01-13,Basic,4220.6
8636,Thomas Rodriguez,thomas.rodriguez8636@example.com,Brazil,2025-08-03,Premium,4534.51
8637,Karen Chen,karen.chen8637@company.org,Brazil,2023-06-01,Standard,4275.09
8638,Rahul Wang,rahul.wang8638@company.org,Australia,2025-03-20,Premium,2925.83
8639,John Brown,john.brown8639@outlook.com,India,2025-02-19,Premium,4220.96
8640,Susan Williams,susan.williams8640@techcorp.io,United States,2024-03-18,Premium,3556.95
8641,Jennifer Davis,jennifer.davis8641@techcorp.io,Australia,2021-01-29,Basic,2717.6
8642,Rahul Miller,rahul.miller8642@yahoo.com,Japan,2024-06-17,Standard,2625.11
8643,Susan Kim,susan.kim8643@techcorp.io,Brazil,2023-05-20,Basic,137.81
8644,Linda Garcia,linda.garcia8644@example.com,Australia,2020-09-04,Premium,1180.15
8645,Mary Sharma,mary.sharma8645@yahoo.com,Canada,2021-01-19,Basic,1399.28
8646,Jennifer Johnson,jennifer.johnson8646@techcorp.io,Japan,2024-07-25,Standard,4227.34
8647,Ananya Davis,ananya.davis8647@yahoo.com,Australia,2021-12-29,Premium,1447.05
8648,Barbara Wang,barbara.wang8648@example.com,United States,2022-10-15,Premium,4948.06
8649,Arjun Lee,arjun.lee8649@example.com,India,2020-05-04,Premium,1388.85
8650,Rahul Lee,rahul.lee8650@yahoo.com,Japan,2020-08-08,Standard,3875.22
8651,Michael Zhang,michael.zhang8651@example.com,Brazil,2024-12-24,Standard,395.81
8652,Amit Lee,amit.lee8652@example.com,France,2025-07-03,Standard,804.08
8653,Rahul Miller,rahul.miller8653@outlook.com,Canada,2023-08-07,Standard,3765.56
8654,William Davis,william.davis8654@gmail.com,Australia,2022-03-19,Premium,4584.85
8655,Rahul Miller,rahul.miller8655@techcorp.io,Canada,2024-01-25,Basic,4900.31
8656,John Garcia,john.garcia8656@gmail.com,United States,2023-09-20,Premium,4616.99
8657,Elizabeth Johnson,elizabeth.johnson8657@gmail.com,Germany,2023-02-19,Basic,4886.45
8658,Joseph Johnson,joseph.johnson8658@yahoo.com,France,2022-10-27,Basic,4428.05
8659,Ananya Wang,ananya.wang8659@techcorp.io,United Kingdom,2022-06-10,Basic,1062.56
8660,Wei Gonzalez,wei.gonzalez8660@yahoo.com,Canada,2020-09-13,Standard,4427.97
8661,Joseph Brown,joseph.brown8661@company.org,Japan,2024-05-30,Basic,4232.95
8662,Arjun Wang,arjun.wang8662@example.com,Canada,2021-07-31,Premium,3068.01
8663,Patricia Johnson,patricia.johnson8663@gmail.com,Japan,2021-07-10,Standard,4467.09
8664,Sarah Jones,sarah.jones8664@gmail.com,Australia,2020-12-21,Standard,3844.81
8665,James Wang,james.wang8665@techcorp.io,France,2022-08-24,Basic,1163.32
8666,William Johnson,william.johnson8666@techcorp.io,Canada,2024-05-14,Basic,3130.47
8667,Susan Gonzalez,susan.gonzalez8667@techcorp.io,Australia,2021-01-12,Premium,2012.15
8668,Jennifer Wang,jennifer.wang8668@gmail.com,Canada,2023-12-08,Standard,305.0
8669,Susan Sharma,susan.sharma8669@techcorp.io,Brazil,2024-11-10,Premium,2207.58
8670,Wei Miller,wei.miller8670@example.com,Brazil,2024-03-03,Premium,3766.33
8671,Joseph Brown,joseph.brown8671@techcorp.io,Japan,2021-05-18,Basic,375.88
8672,Charles Lee,charles.lee8672@yahoo.com,India,2025-07-10,Standard,3620.5
8673,Jessica Smith,jessica.smith8673@techcorp.io,Japan,2020-02-16,Basic,678.44
8674,Rahul Chen,rahul.chen8674@company.org,France,2021-10-20,Premium,1419.41
8675,David Garcia,david.garcia8675@example.com,Brazil,2023-04-03,Basic,50.39
8676,James Davis,james.davis8676@company.org,Brazil,2025-07-28,Premium,3203.78
8677,Mary Singh,mary.singh8677@outlook.com,France,2023-10-26,Premium,1572.21
8678,Karen Williams,karen.williams8678@techcorp.io,Brazil,2024-08-25,Premium,3245.39
8679,Wei Martinez,wei.martinez8679@company.org,Brazil,2025-06-15,Premium,1395.12
8680,Amit Miller,amit.miller8680@techcorp.io,Germany,2020-02-01,Basic,3622.41
8681,Robert Garcia,robert.garcia8681@example.com,Brazil,2024-07-07,Premium,2380.5
8682,Rahul Miller,rahul.miller8682@example.com,Australia,2024-03-04,Premium,3973.05
8683,Sarah Verma,sarah.verma8683@outlook.com,Australia,2025-06-05,Premium,3483.57
8684,Richard Sharma,richard.sharma8684@yahoo.com,United States,2021-08-10,Standard,3748.85
8685,Susan Martinez,susan.martinez8685@yahoo.com,United States,2021-04-02,Basic,688.38
8686,Jennifer Verma,jennifer.verma8686@example.com,Australia,2020-03-19,Standard,426.32
8687,Jennifer Singh,jennifer.singh8687@example.com,Canada,2022-09-04,Premium,3998.87
8688,Neha Smith,neha.smith8688@company.org,Canada,2023-07-15,Standard,4840.11
8689,Rahul Gonzalez,rahul.gonzalez8689@example.com,United Kingdom,2021-02-05,Standard,3861.97
8690,Robert Singh,robert.singh8690@example.com,Germany,2021-08-18,Premium,1303.52
8691,Joseph Singh,joseph.singh8691@gmail.com,United Kingdom,2021-09-15,Premium,4835.57
8692,Mary Wang,mary.wang8692@gmail.com,United States,2020-07-19,Basic,1312.59
8693,Thomas Zhang,thomas.zhang8693@techcorp.io,France,2023-01-22,Basic,3163.36
8694,Rahul Lee,rahul.lee8694@yahoo.com,France,2025-05-13,Premium,1260.83
8695,Mei Gonzalez,mei.gonzalez8695@yahoo.com,United Kingdom,2022-10-03,Premium,1018.67
8696,Michael Zhang,michael.zhang8696@example.com,France,2022-05-11,Premium,3612.62
8697,Richard Zhang,richard.zhang8697@company.org,Brazil,2021-09-04,Standard,2587.99
8698,Joseph Miller,joseph.miller8698@company.org,France,2021-02-23,Standard,1775.53
8699,Neha Jones,neha.jones8699@yahoo.com,Australia,2020-06-01,Standard,4050.93
8700,Rahul Lopez,rahul.lopez8700@techcorp.io,United Kingdom,2025-05-19,Premium,4875.85
8701,Linda Gonzalez,linda.gonzalez8701@outlook.com,Germany,2021-04-11,Premium,3037.98
8702,James Patel,james.patel8702@company.org,Canada,2024-07-12,Basic,3351.13
8703,Sofia Miller,sofia.miller8703@outlook.com,Germany,2023-12-08,Basic,2728.85
8704,Joseph Jones,joseph.jones8704@techcorp.io,Germany,2024-07-30,Premium,3174.33
8705,Jennifer Kim,jennifer.kim8705@gmail.com,United States,2025-01-15,Standard,2229.82
8706,Neha Chen,neha.chen8706@company.org,France,2024-12-20,Premium,3574.42
8707,Amit Lopez,amit.lopez8707@example.com,India,2020-10-03,Premium,274.76
8708,Rahul Lee,rahul.lee8708@example.com,Canada,2024-10-28,Premium,4750.62
8709,Charles Lee,charles.lee8709@yahoo.com,United Kingdom,2020-05-15,Standard,1116.89
8710,Jessica Rodriguez,jessica.rodriguez8710@gmail.com,France,2021-10-08,Standard,744.42
8711,Patricia Johnson,patricia.johnson8711@techcorp.io,United Kingdom,2022-09-16,Basic,1434.29
8712,Sarah Wang,sarah.wang8712@example.com,United Kingdom,2024-05-14,Standard,587.95
8713,Sarah Rodriguez,sarah.rodriguez8713@company.org,India,2024-08-01,Standard,451.26
8714,Robert Lee,robert.lee8714@outlook.com,United States,2024-06-27,Basic,4724.85
8715,Jessica Garcia,jessica.garcia8715@outlook.com,Japan,2024-07-08,Basic,3017.12
8716,Barbara Wang,barbara.wang8716@yahoo.com,France,2023-08-15,Basic,105.66
8717,Robert Kim,robert.kim8717@techcorp.io,Canada,2022-07-17,Premium,3259.26
8718,Amit Verma,amit.verma8718@company.org,United States,2020-04-20,Premium,3128.48
8719,Charles Zhang,charles.zhang8719@example.com,France,2021-10-21,Premium,4880.81
8720,Rahul Sharma,rahul.sharma8720@techcorp.io,United States,2023-08-31,Basic,4362.61
8721,Karen Smith,karen.smith8721@outlook.com,Brazil,2025-03-28,Premium,1156.27
8722,Neha Lopez,neha.lopez8722@example.com,Australia,2023-01-24,Basic,4189.9
8723,Ananya Sharma,ananya.sharma8723@yahoo.com,France,2023-04-17,Premium,2848.41
8724,Patricia Johnson,patricia.johnson8724@example.com,Japan,2024-12-26,Standard,754.98
8725,Jennifer Jones,jennifer.jones8725@techcorp.io,France,2023-06-13,Standard,3665.79
8726,John Sharma,john.sharma8726@yahoo.com,United Kingdom,2020-05-19,Basic,781.41
8727,James Jones,james.jones8727@example.com,Australia,2020-09-02,Standard,4219.74
8728,Ananya Lopez,ananya.lopez8728@example.com,France,2022-09-23,Premium,3474.8
8729,Carlos Sharma,carlos.sharma8729@gmail.com,Canada,2024-01-07,Basic,4360.66
8730,Richard Gonzalez,richard.gonzalez8730@company.org,United States,2021-04-24,Standard,2602.82
8731,Mei Williams,mei.williams8731@yahoo.com,United States,2025-08-01,Standard,4368.15
8732,Mary Smith,mary.smith8732@example.com,India,2023-11-26,Standard,2672.23
8733,Sofia Verma,sofia.verma8733@company.org,United Kingdom,2021-10-04,Basic,4339.82
8734,William Sharma,william.sharma8734@outlook.com,France,2023-10-19,Basic,1100.03
8735,Robert Brown,robert.brown8735@outlook.com,Brazil,2023-06-20,Standard,3845.61
8736,Michael Lopez,michael.lopez8736@company.org,Australia,2020-12-15,Standard,2040.03
8737,Karen Miller,karen.miller8737@yahoo.com,United States,2022-09-03,Premium,441.72
8738,Susan Lee,susan.lee8738@outlook.com,United States,2025-05-26,Basic,1778.67
8739,Priya Singh,priya.singh8739@company.org,Australia,2020-09-23,Basic,4205.42
8740,Wei Miller,wei.miller8740@example.com,India,2020-09-17,Basic,2618.53
8741,Jessica Martinez,jessica.martinez8741@gmail.com,Brazil,2021-04-08,Basic,2294.22
8742,Michael Smith,michael.smith8742@techcorp.io,France,2022-07-27,Premium,769.06
8743,William Sharma,william.sharma8743@yahoo.com,Brazil,2024-12-10,Premium,2935.88
8744,Arjun Lee,arjun.lee8744@company.org,France,2021-07-06,Premium,2902.62
8745,Linda Smith,linda.smith8745@techcorp.io,Germany,2023-03-21,Basic,1835.06
8746,John Zhang,john.zhang8746@outlook.com,United States,2023-08-05,Standard,4328.61
8747,Sarah Miller,sarah.miller8747@techcorp.io,India,2021-01-28,Basic,3280.43
8748,Mary Rodriguez,mary.rodriguez8748@techcorp.io,Brazil,2023-12-20,Premium,4994.15
8749,Charles Singh,charles.singh8749@outlook.com,Canada,2020-10-05,Premium,4867.72
8750,William Smith,william.smith8750@company.org,United Kingdom,2024-10-18,Standard,4950.78
8751,Joseph Williams,joseph.williams8751@company.org,Germany,2025-08-08,Premium,4230.04
8752,Mary Verma,mary.verma8752@outlook.com,Brazil,2025-02-16,Standard,2670.97
8753,Mary Sharma,mary.sharma8753@example.com,France,2021-09-19,Basic,185.87
8754,Ananya Johnson,ananya.johnson8754@outlook.com,France,2020-01-28,Premium,3261.19
8755,Elizabeth Rodriguez,elizabeth.rodriguez8755@techcorp.io,France,2021-03-18,Standard,102.04
8756,Patricia Jones,patricia.jones8756@techcorp.io,United Kingdom,2023-10-02,Basic,2114.4
8757,Rahul Verma,rahul.verma8757@example.com,France,2020-08-14,Standard,194.01
8758,Barbara Lopez,barbara.lopez8758@gmail.com,Brazil,2024-01-17,Premium,1894.43
8759,Joseph Singh,joseph.singh8759@outlook.com,Japan,2022-05-21,Standard,2886.02
8760,Linda Lee,linda.lee8760@gmail.com,Canada,2025-06-19,Standard,1167.47
8761,Robert Lee,robert.lee8761@company.org,United States,2022-02-20,Standard,4354.45
8762,John Lee,john.lee8762@techcorp.io,France,2020-03-15,Premium,667.51
8763,Robert Chen,robert.chen8763@example.com,Canada,2025-07-29,Basic,4550.95
8764,Arjun Martinez,arjun.martinez8764@yahoo.com,Canada,2022-07-22,Basic,449.27
8765,John Gonzalez,john.gonzalez8765@company.org,United States,2021-06-19,Standard,3257.77
8766,Arjun Jones,arjun.jones8766@yahoo.com,Japan,2025-01-17,Basic,4960.55
8767,Sofia Kim,sofia.kim8767@gmail.com,United Kingdom,2022-10-18,Basic,3079.75
8768,Sarah Davis,sarah.davis8768@gmail.com,Canada,2024-02-24,Basic,1286.96
8769,Sarah Smith,sarah.smith8769@yahoo.com,Canada,2024-04-29,Basic,4011.01
8770,Neha Garcia,neha.garcia8770@company.org,Japan,2022-12-18,Premium,809.38
8771,Barbara Singh,barbara.singh8771@outlook.com,France,2024-05-27,Standard,3814.04
8772,Mary Sharma,mary.sharma8772@company.org,United States,2020-05-08,Basic,3591.87
8773,Sofia Kim,sofia.kim8773@company.org,Australia,2022-05-31,Premium,623.4
8774,Jessica Verma,jessica.verma8774@gmail.com,India,2023-07-10,Standard,1143.31
8775,Sarah Sharma,sarah.sharma8775@example.com,Brazil,2021-03-12,Premium,3196.74
8776,Jessica Chen,jessica.chen8776@company.org,Canada,2021-03-12,Standard,4405.57
8777,Thomas Brown,thomas.brown8777@outlook.com,India,2023-04-23,Standard,2167.05
8778,John Lopez,john.lopez8778@techcorp.io,Australia,2022-10-31,Basic,2298.01
8779,Mary Smith,mary.smith8779@example.com,Australia,2024-08-26,Basic,4557.96
8780,Richard Singh,richard.singh8780@company.org,Brazil,2024-01-22,Standard,4290.53
8781,David Sharma,david.sharma8781@yahoo.com,France,2022-06-19,Standard,4659.25
8782,Jessica Singh,jessica.singh8782@example.com,Australia,2023-12-13,Premium,3017.66
8783,Jennifer Davis,jennifer.davis8783@outlook.com,Canada,2021-06-27,Basic,4475.62
8784,Sarah Brown,sarah.brown8784@example.com,Germany,2022-01-25,Standard,2173.75
8785,William Zhang,william.zhang8785@outlook.com,India,2024-05-24,Basic,1594.66
8786,Carlos Garcia,carlos.garcia8786@company.org,Brazil,2022-08-15,Standard,1128.72
8787,David Kim,david.kim8787@gmail.com,Australia,2022-04-26,Basic,479.18
8788,Barbara Williams,barbara.williams8788@techcorp.io,United Kingdom,2020-11-12,Premium,4893.33
8789,Barbara Singh,barbara.singh8789@gmail.com,India,2024-12-24,Basic,861.08
8790,Thomas Martinez,thomas.martinez8790@example.com,United Kingdom,2023-05-01,Standard,2308.39
8791,Wei Lee,wei.lee8791@yahoo.com,Japan,2021-11-30,Premium,919.77
8792,Arjun Lopez,arjun.lopez8792@techcorp.io,India,2025-05-30,Standard,426.91
8793,Amit Singh,amit.singh8793@company.org,Germany,2021-11-27,Standard,2635.1
8794,David Zhang,david.zhang8794@outlook.com,United Kingdom,2021-05-07,Basic,3191.22
8795,Arjun Sharma,arjun.sharma8795@techcorp.io,Japan,2023-05-31,Basic,2662.23
8796,Elizabeth Chen,elizabeth.chen8796@outlook.com,United States,2025-01-23,Basic,3069.9
8797,Robert Lee,robert.lee8797@techcorp.io,France,2021-03-03,Premium,2461.16
8798,Susan Sharma,susan.sharma8798@example.com,Japan,2020-08-15,Standard,667.29
8799,Carlos Davis,carlos.davis8799@techcorp.io,Canada,2022-12-11,Basic,1677.57
8800,John Zhang,john.zhang8800@gmail.com,Australia,2022-12-03,Standard,1600.48
8801,Charles Jones,charles.jones8801@outlook.com,India,2024-02-20,Basic,2593.67
8802,Susan Davis,susan.davis8802@outlook.com,Brazil,2022-10-25,Basic,380.03
8803,Susan Williams,susan.williams8803@techcorp.io,Japan,2020-07-15,Premium,3354.12
8804,William Lopez,william.lopez8804@gmail.com,Canada,2023-06-07,Standard,1101.11
8805,Linda Wang,linda.wang8805@techcorp.io,Australia,2022-01-04,Basic,527.05
8806,Barbara Patel,barbara.patel8806@company.org,India,2023-02-04,Standard,4706.88
8807,Patricia Patel,patricia.patel8807@techcorp.io,Canada,2020-11-09,Standard,4411.4
8808,Linda Miller,linda.miller8808@example.com,France,2023-01-11,Basic,3632.97
8809,John Miller,john.miller8809@outlook.com,India,2025-07-05,Premium,390.55
8810,Karen Smith,karen.smith8810@example.com,India,2024-03-13,Standard,3229.65
8811,Priya Martinez,priya.martinez8811@outlook.com,India,2023-06-30,Premium,1824.24
8812,William Lee,william.lee8812@techcorp.io,Australia,2023-08-31,Premium,3885.27
8813,Sarah Wang,sarah.wang8813@yahoo.com,France,2020-05-28,Standard,915.46
8814,Richard Singh,richard.singh8814@techcorp.io,India,2020-07-22,Premium,1323.34
8815,Carlos Zhang,carlos.zhang8815@company.org,India,2024-04-16,Premium,1589.12
8816,Robert Chen,robert.chen8816@techcorp.io,Germany,2022-03-11,Premium,4432.61
8817,Wei Lopez,wei.lopez8817@company.org,United States,2025-02-09,Basic,3948.83
8818,Neha Patel,neha.patel8818@outlook.com,Canada,2023-10-26,Basic,1218.71
8819,Priya Smith,priya.smith8819@example.com,United States,2022-12-07,Standard,3580.37
8820,Patricia Lopez,patricia.lopez8820@company.org,United States,2020-12-08,Premium,2423.07
8821,Michael Johnson,michael.johnson8821@gmail.com,Germany,2025-07-12,Premium,4129.48
8822,Linda Jones,linda.jones8822@example.com,Germany,2021-11-12,Basic,3921.73
8823,Linda Singh,linda.singh8823@company.org,Australia,2020-08-30,Standard,4164.19
8824,Robert Gonzalez,robert.gonzalez8824@example.com,United States,2023-09-21,Premium,287.96
8825,Joseph Davis,joseph.davis8825@outlook.com,United Kingdom,2023-09-02,Basic,863.31
8826,Arjun Verma,arjun.verma8826@outlook.com,United Kingdom,2020-08-02,Standard,4313.01
8827,Charles Chen,charles.chen8827@yahoo.com,Canada,2024-02-21,Basic,1013.96
8828,Priya Verma,priya.verma8828@company.org,France,2023-04-27,Basic,2133.01
8829,Rahul Patel,rahul.patel8829@gmail.com,United States,2025-02-20,Basic,2361.91
8830,Carlos Smith,carlos.smith8830@techcorp.io,Australia,2021-01-02,Standard,3290.89
8831,Linda Brown,linda.brown8831@example.com,Canada,2021-01-08,Basic,3059.65
8832,Mei Williams,mei.williams8832@techcorp.io,United Kingdom,2024-11-13,Standard,2128.45
8833,Amit Johnson,amit.johnson8833@techcorp.io,Germany,2024-01-17,Standard,4431.84
8834,Jennifer Singh,jennifer.singh8834@gmail.com,United States,2024-08-17,Basic,2723.09
8835,Rahul Lee,rahul.lee8835@techcorp.io,Germany,2021-11-16,Basic,2627.21
8836,Michael Verma,michael.verma8836@example.com,United Kingdom,2023-07-31,Premium,1538.03
8837,Carlos Kim,carlos.kim8837@company.org,Germany,2021-09-29,Standard,365.79
8838,Jessica Rodriguez,jessica.rodriguez8838@example.com,Australia,2021-12-21,Premium,1390.37
8839,Joseph Chen,joseph.chen8839@outlook.com,France,2024-02-09,Standard,555.56
8840,Thomas Zhang,thomas.zhang8840@techcorp.io,Australia,2024-11-19,Basic,2703.55
8841,Susan Wang,susan.wang8841@example.com,France,2023-11-22,Standard,338.23
8842,John Smith,john.smith8842@gmail.com,Germany,2021-06-06,Premium,403.36
8843,Linda Gonzalez,linda.gonzalez8843@techcorp.io,Brazil,2025-07-12,Standard,3940.83
8844,Rahul Rodriguez,rahul.rodriguez8844@yahoo.com,India,2023-05-19,Standard,3698.61
8845,Michael Sharma,michael.sharma8845@outlook.com,Australia,2025-02-02,Standard,2841.29
8846,Thomas Gonzalez,thomas.gonzalez8846@yahoo.com,France,2022-03-31,Premium,3481.01
8847,Barbara Jones,barbara.jones8847@outlook.com,Canada,2022-05-31,Basic,3135.12
8848,Michael Sharma,michael.sharma8848@techcorp.io,United Kingdom,2023-10-23,Basic,4824.14
8849,Barbara Williams,barbara.williams8849@example.com,United Kingdom,2023-03-19,Standard,2128.89
8850,Mei Smith,mei.smith8850@example.com,Brazil,2021-09-13,Premium,1315.99
8851,Patricia Verma,patricia.verma8851@example.com,Australia,2024-08-27,Basic,135.07
8852,Mary Williams,mary.williams8852@gmail.com,United Kingdom,2020-03-23,Basic,938.58
8853,Patricia Jones,patricia.jones8853@yahoo.com,Australia,2024-01-28,Basic,935.39
8854,Mei Singh,mei.singh8854@company.org,Brazil,2022-07-08,Basic,995.6
8855,Sarah Verma,sarah.verma8855@outlook.com,India,2022-12-08,Basic,4680.62
8856,Susan Davis,susan.davis8856@techcorp.io,Germany,2024-08-16,Premium,4995.73
8857,Robert Brown,robert.brown8857@outlook.com,Canada,2023-08-01,Basic,4547.06
8858,Patricia Sharma,,United States,2022-12-28,Standard,666.95
8859,Karen Patel,karen.patel8859@example.com,Brazil,2024-12-09,Standard,2774.72
8860,Ananya Johnson,ananya.johnson8860@gmail.com,India,2023-12-16,Premium,547.07
8861,Jennifer Singh,jennifer.singh8861@company.org,Canada,2022-02-01,Basic,4536.53
8862,Amit Patel,amit.patel8862@yahoo.com,Australia,2023-12-26,Standard,2101.88
8863,Priya Johnson,priya.johnson8863@yahoo.com,United Kingdom,2024-05-03,Premium,2835.02
8864,Michael Williams,michael.williams8864@gmail.com,Australia,2024-12-25,Basic,2859.48
8865,Linda Garcia,linda.garcia8865@yahoo.com,Brazil,2021-02-14,Standard,1501.75
8866,David Jones,david.jones8866@example.com,Brazil,2025-04-06,Standard,3212.26
8867,Jennifer Gonzalez,jennifer.gonzalez8867@example.com,United States,2022-01-16,Basic,1682.17
8868,Elizabeth Smith,elizabeth.smith8868@techcorp.io,United Kingdom,2020-02-29,Premium,3079.19
8869,Karen Kim,karen.kim8869@example.com,Brazil,2020-11-16,Premium,3635.08
8870,James Wang,james.wang8870@techcorp.io,Brazil,2024-11-23,Standard,4693.06
8871,Richard Lee,richard.lee8871@company.org,United Kingdom,2021-03-19,Premium,4991.04
8872,Patricia Gonzalez,patricia.gonzalez8872@company.org,Canada,2025-02-27,Standard,1974.44
8873,Jennifer Davis,jennifer.davis8873@techcorp.io,India,2020-02-05,Basic,753.0
8874,John Verma,john.verma8874@outlook.com,India,2025-07-18,Standard,2622.58
8875,Richard Miller,richard.miller8875@example.com,United Kingdom,2023-09-26,Basic,1053.37
8876,Carlos Wang,carlos.wang8876@gmail.com,Germany,2024-07-03,Standard,4815.83
8877,Thomas Singh,thomas.singh8877@company.org,Australia,2023-01-05,Basic,394.51
8878,Richard Garcia,richard.garcia8878@gmail.com,United States,2024-07-17,Standard,4323.0
8879,Arjun Williams,arjun.williams8879@outlook.com,Canada,2025-03-05,Basic,3945.95
8880,Sofia Patel,sofia.patel8880@techcorp.io,Australia,2023-04-03,Premium,1044.71
8881,James Sharma,james.sharma8881@outlook.com,Japan,2025-07-21,Basic,3331.92
8882,Sofia Miller,sofia.miller8882@techcorp.io,United States,2021-08-12,Standard,1686.15
8883,Susan Johnson,susan.johnson8883@company.org,Brazil,2023-09-16,Premium,1946.07
8884,Joseph Lopez,joseph.lopez8884@yahoo.com,Australia,2023-05-11,Basic,1316.46
8885,Jennifer Miller,jennifer.miller8885@gmail.com,Canada,2023-02-06,Standard,876.99
8886,Patricia Garcia,patricia.garcia8886@outlook.com,Brazil,2024-11-09,Basic,2150.1
8887,Rahul Smith,rahul.smith8887@company.org,Brazil,2021-03-16,Premium,270.32
8888,William Johnson,william.johnson8888@techcorp.io,India,2023-07-22,Basic,4000.98
8889,Elizabeth Brown,elizabeth.brown8889@outlook.com,United States,2024-01-07,Basic,2813.86
8890,James Williams,james.williams8890@techcorp.io,United Kingdom,2022-12-26,Standard,3164.77
8891,Amit Garcia,amit.garcia8891@company.org,France,2022-06-16,Standard,1310.56
8892,Carlos Garcia,carlos.garcia8892@yahoo.com,France,2023-05-26,Standard,721.5
8893,Amit Rodriguez,amit.rodriguez8893@techcorp.io,United Kingdom,2021-12-31,Standard,1735.83
8894,Karen Patel,karen.patel8894@gmail.com,Canada,2021-06-02,Standard,179.53
8895,John Chen,john.chen8895@outlook.com,Canada,2021-07-20,Standard,3379.84
8896,Sofia Lee,sofia.lee8896@techcorp.io,France,2023-10-14,Premium,969.43
8897,Ananya Singh,ananya.singh8897@company.org,Germany,2020-03-19,Premium,534.59
8898,Rahul Kim,rahul.kim8898@gmail.com,Germany,2021-09-16,Standard,3927.56
8899,Arjun Patel,arjun.patel8899@example.com,India,2022-11-29,Basic,3907.75
8900,Sarah Johnson,sarah.johnson8900@company.org,Japan,2020-01-07,Basic,89.65
8901,Arjun Chen,arjun.chen8901@company.org,United States,2024-11-18,Premium,1271.84
8902,Mei Brown,mei.brown8902@techcorp.io,Australia,2020-11-13,Basic,2372.45
8903,Rahul Miller,rahul.miller8903@yahoo.com,India,2024-12-06,Basic,719.61
8904,Mei Verma,mei.verma8904@yahoo.com,United Kingdom,2025-08-05,Premium,2396.09
8905,Sarah Patel,sarah.patel8905@gmail.com,Canada,2022-08-23,Standard,3828.55
8906,Sofia Verma,sofia.verma8906@company.org,Japan,2022-01-07,Standard,1031.65
8907,John Wang,john.wang8907@yahoo.com,United States,2021-04-15,Standard,1190.56
8908,Linda Smith,linda.smith8908@gmail.com,United Kingdom,2022-02-02,Standard,4757.78
8909,Charles Singh,charles.singh8909@outlook.com,Japan,2022-10-26,Basic,994.68
8910,Carlos Davis,carlos.davis8910@gmail.com,India,2024-01-01,Basic,2994.49
8911,Thomas Davis,thomas.davis8911@company.org,Canada,2023-05-18,Basic,748.03
8912,Rahul Singh,rahul.singh8912@yahoo.com,India,2024-02-16,Standard,4422.43
8913,James Lee,james.lee8913@company.org,United States,2022-04-25,Premium,4817.74
8914,Elizabeth Lee,elizabeth.lee8914@gmail.com,United Kingdom,2020-11-07,Standard,4113.75
8915,Rahul Sharma,rahul.sharma8915@yahoo.com,France,2024-11-04,Standard,485.39
8916,Richard Martinez,richard.martinez8916@example.com,United Kingdom,2023-09-08,Basic,3747.1
8917,Elizabeth Sharma,elizabeth.sharma8917@yahoo.com,Germany,2021-07-09,Basic,739.07
8918,David Miller,david.miller8918@outlook.com,Brazil,2023-08-07,Premium,975.49
8919,Amit Lopez,amit.lopez8919@example.com,United Kingdom,2022-11-13,Premium,4251.81
8920,Barbara Chen,barbara.chen8920@example.com,Australia,2022-09-09,Premium,1144.97
8921,Jennifer Brown,jennifer.brown8921@techcorp.io,Japan,2020-01-01,Premium,1968.43
8922,James Singh,james.singh8922@outlook.com,India,2021-08-11,Basic,4651.68
8923,Ananya Gonzalez,ananya.gonzalez8923@gmail.com,Australia,2023-02-24,Basic,820.04
8924,William Chen,william.chen8924@company.org,United Kingdom,2020-02-04,Standard,4455.37
8925,James Brown,james.brown8925@example.com,United Kingdom,2021-08-03,Standard,3190.25
8926,Michael Gonzalez,michael.gonzalez8926@outlook.com,India,2022-11-01,Basic,4335.01
8927,Priya Verma,priya.verma8927@yahoo.com,France,2024-06-13,Basic,4114.61
8928,Susan Martinez,susan.martinez8928@yahoo.com,Japan,2021-09-17,Premium,416.99
8929,Sofia Patel,sofia.patel8929@outlook.com,Australia,2023-03-12,Basic,1968.22
8930,Susan Zhang,susan.zhang8930@techcorp.io,Japan,2024-11-10,Standard,3312.62
8931,Richard Wang,richard.wang8931@techcorp.io,Germany,2024-05-01,Premium,2593.42
8932,Amit Miller,amit.miller8932@gmail.com,India,2022-08-10,Basic,1141.96
8933,Jessica Lopez,jessica.lopez8933@company.org,Brazil,2021-07-06,Basic,4157.81
8934,James Garcia,james.garcia8934@techcorp.io,France,2025-06-05,Basic,3034.98
8935,Richard Williams,richard.williams8935@outlook.com,Canada,2021-01-20,Premium,1791.58
8936,Elizabeth Chen,elizabeth.chen8936@outlook.com,France,2021-05-19,Standard,3708.13
8937,Ananya Miller,ananya.miller8937@company.org,Canada,2023-08-29,Premium,793.66
8938,James Singh,james.singh8938@company.org,Germany,2021-10-07,Premium,2319.18
8939,David Patel,david.patel8939@gmail.com,Canada,2020-12-12,Basic,2849.77
8940,Richard Patel,richard.patel8940@gmail.com,Australia,2021-11-26,Premium,4407.65
8941,Jennifer Sharma,jennifer.sharma8941@example.com,Brazil,2020-07-07,Premium,2548.17
8942,Ananya Johnson,ananya.johnson8942@example.com,United States,2022-02-22,Basic,4079.08
8943,Carlos Davis,carlos.davis8943@outlook.com,Japan,2020-10-18,Basic,960.85
8944,Robert Wang,robert.wang8944@yahoo.com,United States,2021-07-23,Basic,4372.67
8945,Rahul Verma,rahul.verma8945@techcorp.io,Australia,2021-02-02,Premium,3450.98
8946,Charles Gonzalez,charles.gonzalez8946@yahoo.com,United States,2025-03-18,Basic,778.48
8947,Mary Miller,mary.miller8947@yahoo.com,Australia,2021-09-06,Basic,1160.33
8948,Sarah Lopez,sarah.lopez8948@techcorp.io,Australia,2020-10-03,Basic,3508.76
8949,Linda Gonzalez,linda.gonzalez8949@company.org,Japan,2025-04-07,Basic,2728.32
8950,Priya Chen,priya.chen8950@company.org,Germany,2024-12-03,Premium,4956.77
8951,Richard Chen,richard.chen8951@company.org,Germany,2022-10-04,Standard,88.06
8952,Sarah Martinez,sarah.martinez8952@yahoo.com,Germany,2024-04-18,Standard,1678.72
8953,Elizabeth Rodriguez,elizabeth.rodriguez8953@techcorp.io,Canada,2024-03-23,Standard,2324.57
8954,Michael Smith,michael.smith8954@example.com,Germany,2020-04-05,Standard,2662.79
8955,Elizabeth Kim,elizabeth.kim8955@techcorp.io,Canada,2021-05-20,Premium,2553.41
8956,Joseph Jones,joseph.jones8956@gmail.com,Germany,2020-11-20,Basic,1082.01
8957,Arjun Smith,arjun.smith8957@company.org,Canada,2022-08-31,Premium,1131.33
8958,Patricia Martinez,patricia.martinez8958@gmail.com,Brazil,2021-04-20,Basic,3518.71
8959,Rahul Chen,rahul.chen8959@company.org,France,2022-10-17,Basic,154.66
8960,David Smith,david.smith8960@example.com,Canada,2023-10-23,Basic,4346.64
8961,Elizabeth Davis,elizabeth.davis8961@yahoo.com,Japan,2021-01-31,Premium,872.15
8962,Sarah Gonzalez,sarah.gonzalez8962@gmail.com,Germany,2023-02-24,Premium,1355.32
8963,Sofia Brown,sofia.brown8963@example.com,India,2024-03-27,Premium,1104.86
8964,Priya Singh,priya.singh8964@yahoo.com,Canada,2020-08-26,Premium,3717.84
8965,Arjun Sharma,arjun.sharma8965@gmail.com,France,2022-08-10,Basic,1240.61
8966,Patricia Miller,patricia.miller8966@example.com,United States,2023-08-04,Standard,3574.02
8967,Elizabeth Williams,elizabeth.williams8967@gmail.com,United Kingdom,2025-05-03,Standard,4639.64
8968,Jennifer Singh,jennifer.singh8968@techcorp.io,Australia,2023-01-01,Basic,3607.68
8969,Robert Verma,robert.verma8969@company.org,United Kingdom,2023-12-04,Basic,4022.25
8970,Linda Sharma,linda.sharma8970@example.com,Brazil,2020-10-27,Basic,2086.27
8971,Ananya Rodriguez,ananya.rodriguez8971@techcorp.io,France,2024-08-08,Premium,1409.76
8972,Jessica Brown,jessica.brown8972@yahoo.com,Germany,2020-08-28,Basic,3891.45
8973,Carlos Garcia,carlos.garcia8973@company.org,India,2023-10-18,Premium,3873.21
8974,Sofia Sharma,sofia.sharma8974@techcorp.io,India,2021-02-07,Premium,1869.81
8975,John Brown,john.brown8975@gmail.com,India,2023-03-14,Standard,275.93
8976,Michael Verma,michael.verma8976@yahoo.com,Australia,2024-06-14,Premium,856.89
8977,Charles Smith,charles.smith8977@gmail.com,Canada,2020-07-16,Premium,612.75
8978,Robert Davis,robert.davis8978@outlook.com,France,2022-07-22,Basic,2025.59
8979,Wei Patel,wei.patel8979@example.com,United States,2021-08-08,Standard,520.65
8980,Sarah Lee,sarah.lee8980@yahoo.com,Japan,2023-01-29,Standard,2587.29
8981,Priya Chen,priya.chen8981@gmail.com,Brazil,2020-11-10,Premium,1033.85
8982,Sarah Davis,sarah.davis8982@outlook.com,Japan,2024-12-22,Premium,276.22
8983,John Smith,john.smith8983@techcorp.io,Canada,2025-04-26,Basic,4957.3
8984,Rahul Kim,rahul.kim8984@gmail.com,Germany,2021-11-05,Basic,1117.08
8985,Amit Williams,amit.williams8985@techcorp.io,Canada,2021-12-08,Standard,3163.89
8986,Mei Williams,mei.williams8986@techcorp.io,Canada,2022-08-16,Basic,1406.45
8987,Elizabeth Martinez,elizabeth.martinez8987@example.com,Japan,2023-04-30,Basic,3992.22
8988,Charles Singh,charles.singh8988@yahoo.com,Canada,2020-03-05,Basic,4652.45
8989,Charles Chen,charles.chen8989@example.com,Brazil,2022-07-15,Basic,1419.95
8990,James Johnson,james.johnson8990@outlook.com,India,2024-01-31,Basic,3349.77
8991,Michael Gonzalez,michael.gonzalez8991@gmail.com,United Kingdom,2020-04-17,Standard,3891.49
8992,Mei Patel,mei.patel8992@gmail.com,Japan,2020-01-18,Standard,3529.06
8993,Patricia Patel,patricia.patel8993@techcorp.io,France,2023-01-01,Standard,1588.5
8994,Amit Kim,amit.kim8994@techcorp.io,Germany,2020-05-06,Premium,2634.92
8995,Robert Zhang,robert.zhang8995@outlook.com,Brazil,2020-10-17,Premium,572.7
8996,Richard Lee,richard.lee8996@example.com,Germany,2022-07-16,Standard,1309.34
8997,William Johnson,william.johnson8997@outlook.com,Australia,2024-12-06,Basic,4260.67
8998,Elizabeth Wang,elizabeth.wang8998@example.com,Germany,2020-12-05,Basic,3913.59
8999,Susan Miller,susan.miller8999@techcorp.io,France,2021-09-17,Basic,3550.47
9000,Charles Williams,charles.williams9000@example.com,United States,2023-01-21,Premium,3401.29
9001,Elizabeth Brown,elizabeth.brown9001@example.com,Germany,2022-03-04,Basic,4476.67
9002,James Williams,james.williams9002@example.com,United States,2024-05-17,Standard,4943.85
9003,Thomas Patel,thomas.patel9003@yahoo.com,Japan,2021-07-03,Basic,3502.9
9004,Ananya Verma,ananya.verma9004@company.org,United Kingdom,2023-11-17,Premium,4706.03
9005,Neha Gonzalez,neha.gonzalez9005@gmail.com,Canada,2025-05-25,Basic,3906.11
9006,Sofia Verma,sofia.verma9006@techcorp.io,Japan,2020-12-27,Basic,4166.93
9007,David Patel,david.patel9007@outlook.com,France,2023-02-13,Basic,3418.92
9008,David Patel,david.patel9008@example.com,France,2025-02-17,Basic,1709.1
9009,Arjun Brown,arjun.brown9009@gmail.com,India,2021-07-28,Basic,4689.12
9010,James Brown,james.brown9010@company.org,United States,2023-10-14,Premium,2656.01
9011,Charles Miller,charles.miller9011@outlook.com,France,2025-07-02,Premium,2968.94
9012,Jennifer Singh,jennifer.singh9012@yahoo.com,Australia,2023-10-20,Basic,1758.72
9013,Susan Williams,susan.williams9013@outlook.com,United States,2022-08-31,Basic,1768.73
9014,Wei Lopez,wei.lopez9014@techcorp.io,Brazil,2022-11-23,Premium,283.49
9015,Thomas Singh,thomas.singh9015@gmail.com,Brazil,2024-10-31,Premium,3812.0
9016,Amit Gonzalez,amit.gonzalez9016@company.org,United Kingdom,2020-02-11,Standard,1060.56
9017,Robert Garcia,robert.garcia9017@company.org,Japan,2024-03-10,Basic,697.36
9018,Mei Brown,mei.brown9018@techcorp.io,United States,2020-09-21,Premium,1240.19
9019,Carlos Lee,carlos.lee9019@company.org,United Kingdom,2020-02-09,Premium,117.77
9020,James Johnson,james.johnson9020@yahoo.com,Japan,2024-09-17,Standard,2793.02
9021,Wei Lee,wei.lee9021@techcorp.io,United States,2021-03-10,Standard,259.79
9022,David Singh,david.singh9022@outlook.com,United States,2021-08-29,Standard,2278.02
9023,Jessica Johnson,jessica.johnson9023@techcorp.io,United States,2023-08-23,Premium,328.72
9024,Priya Chen,priya.chen9024@techcorp.io,United States,2023-01-15,Standard,1004.87
9025,Karen Williams,karen.williams9025@company.org,India,2022-03-01,Premium,2128.88
9026,William Zhang,william.zhang9026@company.org,United Kingdom,2024-04-07,Basic,2072.42
9027,Sofia Singh,sofia.singh9027@gmail.com,France,2022-03-05,Standard,4770.23
9028,Priya Wang,priya.wang9028@gmail.com,Japan,2025-02-17,Standard,966.82
9029,Susan Lee,susan.lee9029@techcorp.io,Canada,2022-01-06,Premium,1954.41
9030,Patricia Verma,patricia.verma9030@outlook.com,Brazil,2025-03-07,Premium,2743.75
9031,John Gonzalez,john.gonzalez9031@outlook.com,India,2021-07-20,Standard,1673.04
9032,Jennifer Chen,jennifer.chen9032@example.com,United States,2024-01-21,Basic,3973.32
9033,Ananya Wang,ananya.wang9033@outlook.com,Australia,2020-06-16,Standard,2178.29
9034,William Martinez,william.martinez9034@company.org,India,2024-04-27,Standard,2607.14
9035,Charles Verma,charles.verma9035@gmail.com,India,2022-07-13,Premium,608.84
9036,Charles Miller,charles.miller9036@company.org,Japan,2020-09-11,Standard,4608.75
9037,Wei Williams,wei.williams9037@outlook.com,Germany,2020-03-30,Basic,1241.76
9038,Wei Lopez,wei.lopez9038@techcorp.io,Brazil,2023-06-22,Basic,2782.92
9039,Carlos Garcia,carlos.garcia9039@company.org,India,2023-06-26,Basic,1500.15
9040,Jennifer Martinez,jennifer.martinez9040@example.com,Brazil,2024-11-26,Premium,3651.91
9041,Ananya Verma,ananya.verma9041@example.com,Germany,2022-06-02,Standard,3332.83
9042,Jessica Davis,jessica.davis9042@yahoo.com,United States,2025-08-16,Premium,2873.82
9043,Linda Martinez,linda.martinez9043@outlook.com,Canada,2023-06-23,Standard,3293.75
9044,Elizabeth Davis,elizabeth.davis9044@yahoo.com,India,2020-06-21,Premium,1643.3
9045,Karen Patel,karen.patel9045@company.org,France,2021-02-20,Standard,2329.46
9046,Amit Miller,amit.miller9046@gmail.com,Japan,2020-01-13,Premium,3120.94
9047,Amit Lee,amit.lee9047@company.org,Brazil,2023-02-16,Standard,2257.28
9048,John Chen,john.chen9048@gmail.com,Australia,2021-04-28,Basic,3774.15
9049,Michael Verma,michael.verma9049@example.com,Germany,2023-07-28,Standard,3480.94
9050,Robert Williams,robert.williams9050@gmail.com,United States,2021-08-06,Premium,177.91
9051,Joseph Lee,joseph.lee9051@techcorp.io,Australia,2024-03-10,Basic,168.65
9052,Mary Rodriguez,mary.rodriguez9052@outlook.com,Canada,2020-10-28,Standard,2160.86
9053,Wei Patel,wei.patel9053@techcorp.io,United Kingdom,2020-06-18,Standard,3648.99
9054,Carlos Garcia,carlos.garcia9054@example.com,Australia,2024-11-11,Basic,4019.63
9055,Carlos Garcia,carlos.garcia9055@gmail.com,Germany,2021-04-10,Standard,1630.62
9056,Charles Garcia,charles.garcia9056@company.org,United Kingdom,2020-03-30,Standard,1009.73
9057,James Brown,james.brown9057@techcorp.io,United Kingdom,2025-05-12,Premium,1992.47
9058,Neha Smith,,Japan,2022-01-26,Basic,3375.27
9059,Michael Jones,michael.jones9059@techcorp.io,Canada,2022-03-02,Basic,1175.76
9060,Joseph Wang,joseph.wang9060@outlook.com,France,2025-07-06,Standard,3076.11
9061,William Patel,william.patel9061@example.com,Brazil,2023-08-24,Basic,4162.25
9062,William Brown,william.brown9062@outlook.com,Brazil,2023-03-04,Basic,2121.92
9063,Sarah Lopez,sarah.lopez9063@company.org,Brazil,2020-05-24,Standard,2234.47
9064,Jessica Gonzalez,jessica.gonzalez9064@outlook.com,France,2023-11-12,Premium,1726.87
9065,Neha Chen,neha.chen9065@company.org,Australia,2024-06-03,Standard,1865.1
9066,Arjun Lee,arjun.lee9066@yahoo.com,Canada,2021-07-17,Standard,2860.71
9067,William Patel,william.patel9067@company.org,Germany,2024-01-27,Basic,2022.64
9068,Robert Garcia,robert.garcia9068@techcorp.io,Brazil,2025-07-02,Basic,1664.88
9069,John Kim,john.kim9069@example.com,Japan,2024-05-29,Basic,1334.96
9070,Rahul Williams,rahul.williams9070@outlook.com,Canada,2025-05-13,Premium,2451.84
9071,Elizabeth Chen,elizabeth.chen9071@example.com,United Kingdom,2024-12-30,Premium,3619.25
9072,James Miller,james.miller9072@gmail.com,Brazil,2024-12-02,Basic,2511.66
9073,Mei Lee,mei.lee9073@example.com,United States,2024-08-05,Premium,2719.85
9074,Ananya Zhang,ananya.zhang9074@techcorp.io,France,2024-11-29,Premium,3587.1
9075,Elizabeth Garcia,elizabeth.garcia9075@gmail.com,Australia,2020-05-04,Premium,4111.56
9076,David Wang,david.wang9076@company.org,Canada,2024-07-10,Basic,763.99
9077,John Patel,john.patel9077@yahoo.com,Canada,2024-07-24,Standard,508.58
9078,Neha Patel,neha.patel9078@outlook.com,India,2023-11-18,Basic,475.17
9079,John Martinez,john.martinez9079@gmail.com,United Kingdom,2021-05-28,Premium,3097.99
9080,Rahul Wang,rahul.wang9080@company.org,United States,2024-10-27,Premium,2569.57
9081,David Brown,david.brown9081@techcorp.io,Canada,2024-11-23,Standard,4048.47
9082,Ananya Brown,ananya.brown9082@example.com,United States,2023-12-04,Premium,1222.79
9083,Susan Chen,susan.chen9083@gmail.com,India,2023-10-03,Standard,3475.43
9084,Jennifer Garcia,jennifer.garcia9084@example.com,Canada,2020-11-14,Premium,711.93
9085,Richard Verma,richard.verma9085@outlook.com,Germany,2024-01-19,Premium,2457.27
9086,Joseph Miller,joseph.miller9086@outlook.com,India,2024-04-02,Premium,1230.5
9087,James Garcia,james.garcia9087@yahoo.com,Japan,2021-05-24,Basic,1110.85
9088,John Zhang,john.zhang9088@gmail.com,United States,2021-08-09,Basic,3746.26
9089,Karen Zhang,karen.zhang9089@gmail.com,United States,2022-11-06,Standard,4870.11
9090,David Sharma,david.sharma9090@outlook.com,Japan,2025-06-13,Basic,1486.06
9091,Rahul Miller,rahul.miller9091@yahoo.com,Brazil,2022-01-09,Basic,4423.07
9092,John Miller,john.miller9092@yahoo.com,India,2022-09-14,Standard,1981.62
9093,Ananya Rodriguez,ananya.rodriguez9093@company.org,Brazil,2022-10-16,Standard,2958.73
9094,Rahul Smith,rahul.smith9094@company.org,Canada,2024-05-16,Premium,2603.94
9095,Arjun Wang,arjun.wang9095@yahoo.com,Germany,2025-01-30,Standard,2576.85
9096,Arjun Sharma,arjun.sharma9096@example.com,Germany,2025-04-26,Basic,4508.51
9097,Michael Chen,michael.chen9097@gmail.com,Germany,2022-11-28,Standard,1992.25
9098,Karen Zhang,karen.zhang9098@outlook.com,Australia,2020-04-29,Premium,353.36
9099,Richard Smith,richard.smith9099@company.org,Canada,2025-03-29,Premium,1032.26
9100,Mary Singh,mary.singh9100@yahoo.com,France,2023-04-06,Standard,3616.47
9101,David Zhang,david.zhang9101@company.org,Brazil,2025-08-08,Basic,4930.47
9102,William Martinez,william.martinez9102@example.com,United Kingdom,2020-12-02,Basic,3652.97
9103,Priya Rodriguez,priya.rodriguez9103@yahoo.com,United States,2021-12-08,Standard,1563.29
9104,Linda Lee,linda.lee9104@gmail.com,Brazil,2021-01-12,Premium,445.91
9105,Robert Johnson,robert.johnson9105@yahoo.com,India,2023-10-29,Premium,526.91
9106,Robert Gonzalez,robert.gonzalez9106@techcorp.io,Brazil,2023-12-20,Basic,1090.55
9107,Thomas Rodriguez,thomas.rodriguez9107@gmail.com,Australia,2023-04-05,Basic,3589.65
9108,Priya Sharma,priya.sharma9108@yahoo.com,United Kingdom,2025-06-24,Basic,56.05
9109,Sarah Chen,sarah.chen9109@example.com,Japan,2024-03-02,Basic,3091.72
9110,Arjun Johnson,arjun.johnson9110@yahoo.com,Germany,2021-10-10,Premium,2183.01
9111,Jessica Davis,jessica.davis9111@outlook.com,Japan,2023-03-21,Basic,845.78
9112,Joseph Rodriguez,joseph.rodriguez9112@company.org,Canada,2024-09-25,Standard,4982.88
9113,Linda Williams,linda.williams9113@gmail.com,United Kingdom,2021-07-28,Basic,4922.68
9114,Sarah Verma,sarah.verma9114@outlook.com,United Kingdom,2025-01-03,Premium,2201.61
9115,Carlos Wang,carlos.wang9115@yahoo.com,United States,2023-12-27,Premium,1747.13
9116,Jennifer Williams,jennifer.williams9116@company.org,France,2023-02-11,Standard,3032.45
9117,Karen Singh,karen.singh9117@company.org,Germany,2021-07-21,Standard,1069.86
9118,Sofia Jones,sofia.jones9118@techcorp.io,India,2021-09-03,Standard,4765.61
9119,Barbara Zhang,barbara.zhang9119@company.org,Brazil,2022-03-11,Premium,3102.91
9120,Amit Miller,amit.miller9120@gmail.com,Japan,2021-05-04,Standard,599.79
9121,Sofia Sharma,sofia.sharma9121@example.com,United States,2024-08-16,Standard,4519.85
9122,Joseph Wang,joseph.wang9122@company.org,Germany,2023-05-14,Standard,4493.34
9123,Wei Sharma,wei.sharma9123@outlook.com,Japan,2023-08-27,Premium,3032.32
9124,Joseph Williams,joseph.williams9124@gmail.com,United Kingdom,2021-03-27,Standard,4050.94
9125,Amit Singh,amit.singh9125@company.org,Japan,2022-05-13,Basic,3385.19
9126,Robert Martinez,robert.martinez9126@yahoo.com,France,2023-04-26,Standard,3026.86
9127,Ananya Singh,ananya.singh9127@yahoo.com,Canada,2024-10-16,Premium,1469.23
9128,Thomas Miller,thomas.miller9128@techcorp.io,India,2020-02-21,Premium,122.09
9129,Mei Verma,mei.verma9129@company.org,Australia,2025-05-04,Basic,1921.17
9130,Priya Garcia,priya.garcia9130@techcorp.io,Japan,2023-12-04,Basic,4200.29
9131,Jessica Gonzalez,jessica.gonzalez9131@gmail.com,Germany,2024-05-11,Standard,962.08
9132,Neha Smith,neha.smith9132@yahoo.com,United Kingdom,2024-12-02,Basic,4650.27
9133,Thomas Kim,thomas.kim9133@gmail.com,Japan,2022-10-18,Standard,4880.5
9134,Sofia Gonzalez,sofia.gonzalez9134@outlook.com,Japan,2020-06-20,Standard,3260.85
9135,Wei Sharma,wei.sharma9135@company.org,United States,2021-04-24,Premium,4117.26
9136,Priya Gonzalez,priya.gonzalez9136@outlook.com,United Kingdom,2022-09-08,Standard,2099.54
9137,Michael Lee,michael.lee9137@outlook.com,United States,2021-12-06,Basic,4454.05
9138,Mei Brown,mei.brown9138@company.org,Japan,2020-01-22,Premium,268.56
9139,James Johnson,james.johnson9139@company.org,Germany,2022-01-02,Basic,4941.31
9140,Barbara Davis,barbara.davis9140@yahoo.com,Germany,2020-06-23,Premium,2952.86
9141,Charles Verma,charles.verma9141@example.com,United States,2020-05-04,Standard,2152.1
9142,John Chen,john.chen9142@gmail.com,United States,2021-01-12,Standard,2377.31
9143,Sarah Garcia,sarah.garcia9143@outlook.com,Japan,2023-12-14,Premium,3088.55
9144,Patricia Brown,patricia.brown9144@example.com,United Kingdom,2020-06-29,Standard,2122.64
9145,Mary Patel,mary.patel9145@company.org,Brazil,2025-08-20,Standard,2337.14
9146,Susan Johnson,susan.johnson9146@yahoo.com,Japan,2022-03-17,Basic,2152.35
9147,Linda Verma,linda.verma9147@gmail.com,Germany,2023-06-04,Standard,127.27
9148,Wei Miller,wei.miller9148@yahoo.com,Japan,2020-09-06,Premium,3490.23
9149,Barbara Jones,barbara.jones9149@outlook.com,India,2024-10-16,Premium,4077.53
9150,Arjun Gonzalez,arjun.gonzalez9150@techcorp.io,Australia,2024-11-01,Standard,1938.88
9151,Susan Patel,susan.patel9151@example.com,France,2022-11-07,Standard,3089.43
9152,Patricia Rodriguez,patricia.rodriguez9152@yahoo.com,Brazil,2023-06-03,Basic,135.86
9153,Sofia Smith,sofia.smith9153@techcorp.io,India,2022-05-17,Standard,1352.31
9154,Joseph Zhang,joseph.zhang9154@outlook.com,Japan,2021-02-03,Basic,3801.73
9155,Linda Zhang,linda.zhang9155@yahoo.com,United Kingdom,2022-01-09,Basic,1659.34
9156,Neha Kim,neha.kim9156@techcorp.io,United Kingdom,2022-07-03,Standard,2166.12
9157,Arjun Garcia,arjun.garcia9157@techcorp.io,Germany,2022-05-06,Premium,1214.79
9158,David Johnson,david.johnson9158@gmail.com,Australia,2023-02-04,Basic,2380.04
9159,Richard Verma,richard.verma9159@example.com,Brazil,2024-09-22,Standard,438.61
9160,Amit Gonzalez,amit.gonzalez9160@gmail.com,United States,2020-03-18,Standard,3012.36
9161,Mei Brown,mei.brown9161@company.org,France,2021-10-28,Premium,3672.07
9162,Jessica Lopez,jessica.lopez9162@yahoo.com,United Kingdom,2022-04-24,Standard,2565.6
9163,Charles Williams,charles.williams9163@outlook.com,United States,2021-06-09,Standard,4854.08
9164,Rahul Patel,rahul.patel9164@yahoo.com,India,2023-08-03,Premium,1770.83
9165,Barbara Zhang,barbara.zhang9165@gmail.com,United States,2025-05-23,Standard,2516.47
9166,David Chen,david.chen9166@outlook.com,India,2022-05-18,Basic,2569.38
9167,Arjun Davis,arjun.davis9167@techcorp.io,Brazil,2021-07-10,Basic,2481.46
9168,Priya Kim,priya.kim9168@outlook.com,Canada,2022-11-15,Standard,2703.17
9169,Rahul Sharma,rahul.sharma9169@gmail.com,India,2022-03-22,Premium,2731.28
9170,Linda Zhang,linda.zhang9170@outlook.com,Canada,2021-03-23,Premium,4707.91
9171,Jennifer Lopez,jennifer.lopez9171@yahoo.com,Germany,2024-07-08,Premium,1435.13
9172,David Chen,david.chen9172@gmail.com,India,2025-04-08,Standard,1285.54
9173,Wei Wang,wei.wang9173@techcorp.io,United States,2020-09-30,Basic,2140.07
9174,Michael Patel,michael.patel9174@gmail.com,Australia,2023-04-21,Premium,4139.81
9175,Jessica Williams,jessica.williams9175@yahoo.com,Japan,2022-08-12,Basic,3153.76
9176,Sarah Jones,sarah.jones9176@example.com,Germany,2025-05-22,Standard,1602.07
9177,Mei Lopez,mei.lopez9177@company.org,United States,2024-11-13,Premium,159.07
9178,Patricia Zhang,patricia.zhang9178@example.com,France,2020-02-13,Premium,4849.71
9179,Richard Patel,richard.patel9179@gmail.com,India,2022-02-04,Premium,2907.16
9180,Mei Williams,mei.williams9180@techcorp.io,United States,2025-05-23,Standard,2538.18
9181,Elizabeth Davis,elizabeth.davis9181@outlook.com,Brazil,2022-08-30,Basic,2946.55
9182,David Davis,david.davis9182@yahoo.com,France,2022-03-22,Basic,4790.95
9183,Charles Jones,charles.jones9183@company.org,France,2021-01-21,Premium,3445.91
9184,Patricia Wang,patricia.wang9184@outlook.com,France,2024-11-04,Basic,1289.18
9185,David Rodriguez,david.rodriguez9185@company.org,France,2023-02-19,Premium,3436.19
9186,Jennifer Smith,jennifer.smith9186@example.com,Germany,2023-10-17,Standard,2667.11
9187,Linda Johnson,linda.johnson9187@gmail.com,United Kingdom,2023-12-03,Premium,342.35
9188,Amit Kim,amit.kim9188@example.com,Australia,2024-07-19,Premium,4929.9
9189,Linda Rodriguez,linda.rodriguez9189@techcorp.io,Canada,2021-01-31,Premium,4290.88
9190,Mary Zhang,mary.zhang9190@company.org,Australia,2022-08-10,Standard,4906.01
9191,Sofia Kim,sofia.kim9191@yahoo.com,India,2022-02-02,Standard,3637.52
9192,Jennifer Chen,jennifer.chen9192@example.com,Brazil,2022-05-08,Standard,283.06
9193,Charles Gonzalez,charles.gonzalez9193@yahoo.com,Germany,2025-08-17,Basic,4697.39
9194,John Patel,john.patel9194@techcorp.io,Japan,2020-12-18,Standard,2286.99
9195,Patricia Brown,patricia.brown9195@gmail.com,United Kingdom,2023-03-11,Basic,913.82
9196,Sofia Wang,sofia.wang9196@yahoo.com,France,2020-09-27,Standard,1588.97
9197,Joseph Rodriguez,joseph.rodriguez9197@gmail.com,Japan,2020-09-28,Premium,1396.37
9198,Thomas Smith,thomas.smith9198@gmail.com,United States,2020-04-25,Basic,4388.55
9199,John Davis,john.davis9199@yahoo.com,United States,2021-11-21,Premium,631.29
9200,Wei Kim,wei.kim9200@company.org,United States,2022-11-11,Basic,444.46
9201,Neha Davis,neha.davis9201@techcorp.io,Germany,2021-03-22,Standard,3319.48
9202,Sarah Williams,sarah.williams9202@company.org,Germany,2025-03-24,Standard,4698.24
9203,William Martinez,william.martinez9203@yahoo.com,Japan,2024-09-18,Standard,1645.4
9204,John Zhang,john.zhang9204@techcorp.io,Canada,2024-10-12,Premium,2888.38
9205,Patricia Verma,patricia.verma9205@techcorp.io,Brazil,2022-03-14,Basic,4564.92
9206,David Lopez,david.lopez9206@example.com,Canada,2025-06-19,Basic,4655.85
9207,Rahul Lee,rahul.lee9207@gmail.com,Canada,2025-03-04,Premium,4977.58
9208,Patricia Lopez,patricia.lopez9208@yahoo.com,United States,2022-07-07,Basic,4718.41
9209,Carlos Jones,carlos.jones9209@techcorp.io,France,2023-11-24,Standard,650.38
9210,Jessica Kim,jessica.kim9210@techcorp.io,France,2020-10-15,Basic,1916.13
9211,Susan Lopez,susan.lopez9211@company.org,India,2024-04-26,Premium,4236.8
9212,Mei Lee,mei.lee9212@yahoo.com,Japan,2025-01-29,Premium,182.72
9213,Wei Zhang,wei.zhang9213@techcorp.io,France,2024-03-23,Standard,2306.96
9214,Carlos Martinez,carlos.martinez9214@company.org,France,2024-02-29,Premium,2277.1
9215,Priya Sharma,priya.sharma9215@company.org,Japan,2025-07-01,Standard,2437.88
9216,Amit Gonzalez,amit.gonzalez9216@company.org,United States,2020-06-09,Standard,1624.61
9217,Neha Singh,neha.singh9217@company.org,Germany,2022-02-26,Premium,3668.45
9218,Arjun Wang,arjun.wang9218@yahoo.com,United Kingdom,2022-09-05,Standard,2364.75
9219,Elizabeth Williams,elizabeth.williams9219@techcorp.io,Germany,2024-11-12,Standard,2833.83
9220,Richard Sharma,richard.sharma9220@example.com,United States,2025-01-03,Basic,3241.64
9221,Sarah Verma,sarah.verma9221@outlook.com,France,2020-01-13,Premium,3729.97
9222,Barbara Jones,barbara.jones9222@gmail.com,Japan,2022-05-10,Basic,380.21
9223,Michael Smith,michael.smith9223@techcorp.io,Australia,2024-12-02,Premium,2824.27
9224,Jennifer Gonzalez,jennifer.gonzalez9224@company.org,Brazil,2020-03-02,Basic,4916.76
9225,Arjun Garcia,arjun.garcia9225@company.org,Australia,2023-09-28,Standard,2021.84
9226,Arjun Miller,arjun.miller9226@gmail.com,Brazil,2022-05-31,Standard,4080.32
9227,Mary Chen,mary.chen9227@company.org,India,2020-02-11,Standard,680.62
9228,Priya Gonzalez,priya.gonzalez9228@gmail.com,Australia,2023-03-01,Basic,3876.0
9229,Elizabeth Lopez,elizabeth.lopez9229@gmail.com,Japan,2023-06-24,Standard,65.11
9230,Sarah Martinez,sarah.martinez9230@company.org,France,2025-06-21,Basic,603.42
9231,Joseph Garcia,joseph.garcia9231@outlook.com,Brazil,2023-07-19,Premium,1916.8
9232,William Miller,william.miller9232@example.com,Australia,2020-07-11,Premium,1290.53
9233,Susan Jones,susan.jones9233@techcorp.io,France,2025-02-07,Basic,1366.68
9234,Thomas Lopez,thomas.lopez9234@example.com,Germany,2025-07-10,Basic,462.68
9235,Amit Davis,amit.davis9235@yahoo.com,India,2024-03-04,Standard,2148.04
9236,Mary Williams,mary.williams9236@techcorp.io,India,2025-03-20,Basic,2350.6
9237,James Rodriguez,james.rodriguez9237@outlook.com,Germany,2020-07-03,Standard,4059.36
9238,Sofia Zhang,sofia.zhang9238@company.org,Brazil,2020-04-01,Basic,903.75
9239,Linda Brown,linda.brown9239@company.org,France,2020-05-12,Standard,222.99
9240,Sofia Martinez,sofia.martinez9240@example.com,India,2021-01-03,Standard,1227.71
9241,John Wang,john.wang9241@techcorp.io,Canada,2020-12-26,Standard,2068.14
9242,Barbara Verma,barbara.verma9242@outlook.com,Australia,2020-12-17,Basic,4793.75
9243,Mei Miller,mei.miller9243@outlook.com,Australia,2020-11-03,Standard,3979.38
9244,Arjun Martinez,arjun.martinez9244@techcorp.io,India,2023-11-30,Premium,2082.78
9245,Michael Smith,michael.smith9245@techcorp.io,United Kingdom,2024-04-13,Basic,1201.84
9246,Susan Martinez,susan.martinez9246@company.org,France,2023-09-25,Basic,319.8
9247,Sofia Martinez,sofia.martinez9247@outlook.com,United Kingdom,2023-08-26,Basic,4501.56
9248,David Gonzalez,david.gonzalez9248@gmail.com,India,2020-12-24,Standard,1861.17
9249,Richard Rodriguez,richard.rodriguez9249@example.com,United States,2024-05-28,Premium,2204.05
9250,Susan Gonzalez,susan.gonzalez9250@techcorp.io,Japan,2025-06-11,Premium,3144.07
9251,Wei Miller,wei.miller9251@outlook.com,India,2023-06-19,Standard,791.03
9252,Mei Rodriguez,mei.rodriguez9252@company.org,France,2023-01-30,Premium,370.9
9253,Wei Sharma,wei.sharma9253@yahoo.com,Australia,2020-04-10,Premium,135.69
9254,William Miller,william.miller9254@outlook.com,India,2023-02-09,Basic,4740.22
9255,Richard Miller,richard.miller9255@company.org,Germany,2022-11-20,Premium,3672.44
9256,Barbara Brown,barbara.brown9256@yahoo.com,Germany,2025-02-09,Basic,293.37
9257,Elizabeth Lopez,elizabeth.lopez9257@techcorp.io,India,2021-12-09,Standard,3841.32
9258,Carlos Rodriguez,carlos.rodriguez9258@yahoo.com,Brazil,2022-12-22,Standard,3571.06
9259,Neha Lopez,neha.lopez9259@company.org,India,2021-10-10,Premium,135.1
9260,Mary Lopez,mary.lopez9260@gmail.com,France,2022-05-15,Basic,2854.42
9261,Neha Jones,neha.jones9261@techcorp.io,United Kingdom,2024-05-20,Basic,1623.26
9262,Linda Jones,linda.jones9262@company.org,France,2024-01-19,Standard,3746.6
9263,Patricia Brown,patricia.brown9263@techcorp.io,Germany,2023-04-15,Premium,3729.15
9264,Robert Zhang,robert.zhang9264@techcorp.io,United Kingdom,2020-01-11,Basic,2166.66
9265,Mei Davis,mei.davis9265@company.org,India,2022-05-17,Premium,3131.85
9266,William Verma,william.verma9266@gmail.com,France,2025-07-15,Premium,491.94
9267,Joseph Patel,joseph.patel9267@gmail.com,France,2020-02-02,Standard,3119.84
9268,John Brown,john.brown9268@example.com,Germany,2021-09-03,Basic,1180.57
9269,Amit Sharma,amit.sharma9269@company.org,India,2022-10-16,Premium,1087.35
9270,Michael Williams,michael.williams9270@outlook.com,United Kingdom,2023-12-13,Standard,879.46
9271,Arjun Kim,arjun.kim9271@example.com,Germany,2023-06-28,Standard,3505.38
9272,Rahul Smith,rahul.smith9272@outlook.com,United States,2022-11-05,Basic,1368.97
9273,Joseph Wang,joseph.wang9273@gmail.com,France,2021-11-10,Premium,3347.65
9274,Sarah Garcia,sarah.garcia9274@gmail.com,Brazil,2021-06-10,Standard,1462.9
9275,Sarah Garcia,sarah.garcia9275@gmail.com,France,2022-03-08,Standard,694.35
9276,Jessica Smith,jessica.smith9276@yahoo.com,Brazil,2024-11-01,Premium,1459.97
9277,Mei Gonzalez,mei.gonzalez9277@techcorp.io,Japan,2022-08-02,Basic,4856.21
9278,Jennifer Miller,jennifer.miller9278@yahoo.com,Germany,2022-10-30,Basic,4287.59
9279,Michael Chen,michael.chen9279@company.org,United Kingdom,2024-05-27,Premium,3743.29
9280,Jennifer Sharma,jennifer.sharma9280@outlook.com,India,2023-04-17,Standard,4996.08
9281,Sofia Zhang,sofia.zhang9281@example.com,Brazil,2023-02-21,Standard,1768.5
9282,James Rodriguez,james.rodriguez9282@outlook.com,Japan,2023-03-05,Premium,496.88
9283,Susan Martinez,susan.martinez9283@yahoo.com,Canada,2023-01-06,Basic,67.31
9284,Joseph Lee,joseph.lee9284@outlook.com,United States,2024-05-02,Premium,1642.61
9285,Arjun Verma,arjun.verma9285@yahoo.com,Germany,2022-10-07,Premium,684.59
9286,Elizabeth Rodriguez,elizabeth.rodriguez9286@techcorp.io,Brazil,2022-08-08,Standard,3648.0
9287,Patricia Lee,patricia.lee9287@company.org,Australia,2023-07-31,Basic,3779.79
9288,Rahul Lopez,rahul.lopez9288@example.com,Japan,2023-07-27,Standard,2495.79
9289,Amit Kim,amit.kim9289@gmail.com,Australia,2025-01-19,Basic,4562.5
9290,Susan Garcia,susan.garcia9290@outlook.com,United States,2021-02-28,Premium,2172.56
9291,Jennifer Garcia,jennifer.garcia9291@gmail.com,Canada,2022-03-10,Premium,4172.08
9292,Joseph Brown,joseph.brown9292@outlook.com,Canada,2025-05-03,Basic,1444.67
9293,William Lee,william.lee9293@yahoo.com,France,2021-04-24,Standard,900.89
9294,Thomas Davis,thomas.davis9294@gmail.com,Australia,2024-10-06,Premium,710.87
9295,Mary Kim,mary.kim9295@gmail.com,Brazil,2021-12-20,Basic,3636.61
9296,Rahul Zhang,rahul.zhang9296@gmail.com,Brazil,2022-01-17,Basic,4990.98
9297,Charles Jones,charles.jones9297@outlook.com,Germany,2021-04-16,Basic,3251.37
9298,Ananya Lee,ananya.lee9298@outlook.com,Germany,2022-03-11,Premium,1760.25
9299,William Wang,william.wang9299@company.org,India,2022-05-16,Basic,3662.29
9300,Jessica Lee,jessica.lee9300@yahoo.com,United States,2021-11-17,Standard,480.22
9301,James Garcia,james.garcia9301@yahoo.com,Japan,2021-07-11,Standard,4195.75
9302,Charles Lee,charles.lee9302@company.org,Brazil,2022-10-11,Standard,3954.68
9303,Amit Rodriguez,amit.rodriguez9303@yahoo.com,Germany,2024-11-01,Basic,1198.56
9304,Wei Garcia,wei.garcia9304@outlook.com,United States,2020-01-19,Premium,2365.53
9305,Rahul Johnson,,United Kingdom,2025-05-24,Premium,565.37
9306,Patricia Verma,patricia.verma9306@gmail.com,France,2023-09-04,Basic,1503.75
9307,James Zhang,james.zhang9307@company.org,Brazil,2024-02-21,Premium,850.17
9308,Priya Johnson,priya.johnson9308@company.org,Australia,2021-04-24,Standard,467.1
9309,Jennifer Jones,jennifer.jones9309@techcorp.io,Brazil,2024-09-02,Standard,4813.63
9310,James Lee,james.lee9310@company.org,Japan,2023-04-01,Premium,1439.26
9311,Patricia Brown,patricia.brown9311@example.com,India,2024-03-08,Premium,4495.4
9312,Linda Patel,linda.patel9312@outlook.com,Brazil,2025-06-23,Basic,2382.6
9313,Amit Verma,amit.verma9313@company.org,United States,2021-03-08,Basic,1614.64
9314,Charles Singh,charles.singh9314@company.org,Canada,2022-04-14,Standard,3812.36
9315,Amit Jones,amit.jones9315@company.org,Japan,2024-10-12,Premium,2476.68
9316,David Martinez,david.martinez9316@techcorp.io,Germany,2023-10-23,Premium,3123.22
9317,Carlos Lopez,carlos.lopez9317@outlook.com,Japan,2020-11-30,Premium,1545.0
9318,Priya Gonzalez,priya.gonzalez9318@example.com,United States,2020-07-01,Standard,4925.18
9319,Karen Williams,karen.williams9319@techcorp.io,United States,2022-08-09,Standard,983.85
9320,Richard Davis,richard.davis9320@outlook.com,Germany,2021-04-13,Premium,4670.54
9321,Jennifer Miller,jennifer.miller9321@outlook.com,United States,2023-10-18,Premium,478.95
9322,David Kim,david.kim9322@techcorp.io,Brazil,2024-11-12,Standard,1275.64
9323,Sofia Brown,sofia.brown9323@techcorp.io,Canada,2022-06-25,Premium,2358.08
9324,Richard Brown,,Australia,2023-05-29,Basic,4298.38
9325,Patricia Brown,patricia.brown9325@techcorp.io,Brazil,2025-08-10,Premium,4039.14
9326,Karen Rodriguez,karen.rodriguez9326@company.org,India,2021-08-28,Premium,3564.33
9327,David Lee,david.lee9327@outlook.com,India,2025-05-03,Basic,1202.24
9328,Rahul Patel,rahul.patel9328@example.com,Canada,2021-05-06,Standard,1153.99
9329,Michael Chen,michael.chen9329@outlook.com,United States,2020-01-03,Premium,509.59
9330,Sarah Johnson,sarah.johnson9330@gmail.com,India,2020-01-20,Standard,1277.68
9331,Jennifer Garcia,jennifer.garcia9331@outlook.com,Canada,2022-08-21,Basic,1952.97
9332,Arjun Rodriguez,arjun.rodriguez9332@company.org,Australia,2020-11-24,Premium,2593.51
9333,Rahul Zhang,rahul.zhang9333@gmail.com,Japan,2025-08-12,Premium,3336.42
9334,Mei Sharma,mei.sharma9334@gmail.com,Japan,2021-04-06,Standard,1460.74
9335,Linda Patel,linda.patel9335@company.org,Brazil,2020-06-16,Premium,4496.23
9336,William Verma,william.verma9336@company.org,Canada,2022-04-19,Basic,4874.61
9337,Elizabeth Lopez,elizabeth.lopez9337@outlook.com,United States,2020-07-10,Premium,4398.25
9338,Mary Smith,mary.smith9338@example.com,Australia,2024-06-29,Premium,2727.62
9339,Karen Kim,karen.kim9339@techcorp.io,United Kingdom,2022-02-09,Basic,474.51
9340,Jessica Lee,jessica.lee9340@yahoo.com,France,2024-04-25,Standard,135.18
9341,Sofia Davis,sofia.davis9341@techcorp.io,United States,2025-01-04,Standard,64.43
9342,Charles Lee,charles.lee9342@company.org,United States,2024-10-29,Standard,151.87
9343,Patricia Johnson,patricia.johnson9343@example.com,Japan,2021-03-27,Basic,2897.36
9344,Joseph Lopez,joseph.lopez9344@example.com,Australia,2021-02-05,Basic,4032.3
9345,David Lopez,david.lopez9345@yahoo.com,United States,2024-04-15,Standard,1114.94
9346,Jessica Martinez,jessica.martinez9346@company.org,Canada,2023-12-20,Premium,1818.98
9347,Sarah Miller,sarah.miller9347@company.org,United Kingdom,2020-12-14,Premium,1853.38
9348,Wei Singh,wei.singh9348@example.com,Australia,2022-11-14,Premium,4824.62
9349,William Chen,william.chen9349@company.org,India,2021-08-28,Standard,2610.19
9350,Thomas Brown,thomas.brown9350@gmail.com,Japan,2024-03-19,Premium,3154.53
9351,Linda Garcia,linda.garcia9351@gmail.com,India,2025-03-16,Basic,3159.48
9352,Michael Smith,michael.smith9352@example.com,Brazil,2021-05-09,Standard,3705.98
9353,Robert Davis,robert.davis9353@techcorp.io,Germany,2023-09-01,Standard,4592.85
9354,Sarah Brown,sarah.brown9354@gmail.com,India,2021-11-08,Premium,2227.38
9355,Susan Brown,susan.brown9355@outlook.com,India,2020-04-30,Standard,4987.56
9356,Mei Rodriguez,mei.rodriguez9356@outlook.com,Germany,2022-12-14,Standard,2368.07
9357,Ananya Smith,ananya.smith9357@gmail.com,Canada,2021-07-23,Standard,3060.92
9358,Carlos Singh,carlos.singh9358@outlook.com,Japan,2021-01-13,Basic,1726.11
9359,Elizabeth Verma,elizabeth.verma9359@company.org,Canada,2024-12-09,Premium,3339.68
9360,Ananya Verma,ananya.verma9360@gmail.com,France,2020-09-18,Standard,2889.56
9361,Carlos Lopez,carlos.lopez9361@gmail.com,India,2022-12-19,Basic,3478.93
9362,Charles Smith,charles.smith9362@outlook.com,Canada,2023-05-16,Standard,4287.24
9363,Susan Garcia,susan.garcia9363@techcorp.io,Australia,2021-08-15,Basic,2133.97
9364,Linda Kim,linda.kim9364@company.org,Japan,2022-06-08,Premium,4881.97
9365,Ananya Johnson,ananya.johnson9365@example.com,France,2024-05-17,Premium,2041.47
9366,Barbara Jones,barbara.jones9366@outlook.com,Canada,2022-01-14,Basic,4838.45
9367,Linda Brown,linda.brown9367@outlook.com,Japan,2025-07-15,Basic,2051.69
9368,Carlos Verma,carlos.verma9368@company.org,India,2021-02-23,Basic,1423.4
9369,Arjun Johnson,arjun.johnson9369@example.com,Japan,2022-08-15,Standard,1157.5
9370,Mary Lopez,mary.lopez9370@example.com,Brazil,2020-07-18,Basic,2865.66
9371,Robert Chen,robert.chen9371@gmail.com,France,2024-08-27,Basic,1071.27
9372,Sofia Lopez,sofia.lopez9372@techcorp.io,United Kingdom,2024-01-06,Basic,4523.12
9373,James Williams,james.williams9373@example.com,Japan,2021-12-11,Standard,1749.39
9374,Thomas Williams,thomas.williams9374@yahoo.com,Germany,2024-11-15,Basic,990.06
9375,Rahul Rodriguez,rahul.rodriguez9375@yahoo.com,Japan,2020-01-23,Basic,3374.01
9376,Wei Kim,wei.kim9376@yahoo.com,United Kingdom,2022-04-08,Premium,3884.47
9377,Robert Gonzalez,robert.gonzalez9377@techcorp.io,United States,2020-07-30,Basic,1655.26
9378,Sofia Davis,sofia.davis9378@gmail.com,Canada,2024-06-22,Standard,3684.37
9379,James Chen,james.chen9379@gmail.com,Brazil,2024-03-04,Basic,1200.62
9380,Arjun Williams,arjun.williams9380@outlook.com,France,2023-04-23,Premium,2560.08
9381,David Singh,david.singh9381@yahoo.com,Brazil,2025-03-02,Standard,1006.97
9382,Patricia Zhang,patricia.zhang9382@outlook.com,Brazil,2022-08-27,Basic,1924.55
9383,Charles Jones,charles.jones9383@gmail.com,Australia,2021-09-06,Premium,4358.89
9384,Charles Singh,charles.singh9384@outlook.com,Australia,2025-03-27,Basic,1922.12
9385,Michael Gonzalez,michael.gonzalez9385@company.org,United Kingdom,2020-07-12,Basic,4974.0
9386,Jennifer Brown,jennifer.brown9386@example.com,Brazil,2020-07-08,Standard,65.46
9387,Thomas Jones,thomas.jones9387@gmail.com,Australia,2023-10-09,Standard,1351.14
9388,Ananya Williams,ananya.williams9388@yahoo.com,Australia,2021-02-15,Basic,564.02
9389,Sarah Miller,sarah.miller9389@techcorp.io,United Kingdom,2023-04-04,Basic,4281.65
9390,John Wang,john.wang9390@company.org,India,2023-05-30,Standard,4969.23
9391,Amit Sharma,amit.sharma9391@techcorp.io,Australia,2025-04-23,Standard,3697.51
9392,Sofia Lee,sofia.lee9392@techcorp.io,France,2021-09-08,Standard,1048.07
9393,Joseph Brown,joseph.brown9393@gmail.com,Japan,2021-05-18,Premium,724.87
9394,Linda Martinez,linda.martinez9394@outlook.com,Japan,2023-01-04,Basic,3178.7
9395,Joseph Sharma,joseph.sharma9395@example.com,Australia,2021-12-08,Basic,4972.49
9396,Mary Jones,mary.jones9396@yahoo.com,Canada,2021-12-31,Basic,1193.31
9397,Joseph Williams,joseph.williams9397@example.com,France,2023-06-28,Basic,4940.83
9398,Priya Miller,priya.miller9398@techcorp.io,Australia,2020-12-12,Premium,3131.7
9399,Joseph Gonzalez,joseph.gonzalez9399@techcorp.io,Germany,2020-09-25,Basic,390.12
9400,Robert Lopez,robert.lopez9400@yahoo.com,Japan,2020-02-05,Premium,4659.2
9401,Charles Miller,charles.miller9401@techcorp.io,United States,2024-09-23,Standard,2173.37
9402,William Jones,william.jones9402@gmail.com,India,2021-01-17,Standard,4604.86
9403,Wei Davis,wei.davis9403@gmail.com,United States,2020-11-14,Basic,3082.13
9404,Patricia Smith,patricia.smith9404@techcorp.io,Canada,2024-05-26,Basic,287.85
9405,David Garcia,david.garcia9405@techcorp.io,United States,2023-06-29,Premium,1735.03
9406,Richard Singh,richard.singh9406@company.org,France,2023-11-19,Basic,153.3
9407,Sarah Lopez,sarah.lopez9407@outlook.com,United Kingdom,2025-04-18,Premium,3182.87
9408,Robert Chen,robert.chen9408@techcorp.io,Brazil,2022-07-31,Premium,4533.91
9409,Neha Lopez,neha.lopez9409@gmail.com,Germany,2023-10-26,Basic,947.85
9410,William Zhang,william.zhang9410@company.org,Brazil,2020-04-01,Standard,3876.12
9411,Susan Lopez,susan.lopez9411@techcorp.io,France,2024-01-01,Standard,2391.93
9412,Richard Sharma,richard.sharma9412@outlook.com,United Kingdom,2023-12-14,Premium,4777.1
9413,Sarah Lee,sarah.lee9413@gmail.com,Canada,2024-10-01,Basic,3824.7
9414,Jennifer Gonzalez,jennifer.gonzalez9414@outlook.com,Australia,2022-08-26,Standard,2295.21
9415,Charles Williams,charles.williams9415@gmail.com,France,2020-05-19,Premium,2570.95
9416,Priya Chen,priya.chen9416@company.org,India,2021-10-09,Basic,858.6
9417,Rahul Rodriguez,rahul.rodriguez9417@techcorp.io,Canada,2023-04-01,Standard,2297.79
9418,Ananya Martinez,ananya.martinez9418@company.org,Canada,2023-12-25,Premium,2005.65
9419,Karen Martinez,karen.martinez9419@outlook.com,Australia,2020-11-25,Premium,1349.26
9420,Patricia Gonzalez,patricia.gonzalez9420@outlook.com,Japan,2021-07-29,Premium,3727.54
9421,John Rodriguez,john.rodriguez9421@yahoo.com,France,2020-08-15,Standard,367.87
9422,Michael Lee,michael.lee9422@gmail.com,Canada,2022-08-17,Premium,691.76
9423,Richard Martinez,richard.martinez9423@techcorp.io,France,2021-04-17,Basic,1097.23
9424,Karen Verma,karen.verma9424@outlook.com,Canada,2024-02-11,Premium,4622.97
9425,Rahul Jones,rahul.jones9425@outlook.com,India,2022-05-01,Standard,905.32
9426,James Singh,james.singh9426@example.com,Japan,2022-06-10,Basic,4721.86
9427,Priya Chen,priya.chen9427@company.org,United States,2022-09-14,Premium,3078.75
9428,Michael Rodriguez,michael.rodriguez9428@example.com,Brazil,2024-06-06,Basic,301.8
9429,Jessica Sharma,jessica.sharma9429@yahoo.com,India,2020-12-23,Premium,3926.66
9430,Charles Miller,charles.miller9430@company.org,Germany,2020-12-09,Premium,4210.76
9431,Michael Sharma,michael.sharma9431@gmail.com,Japan,2022-08-25,Premium,2526.79
9432,Sarah Gonzalez,sarah.gonzalez9432@outlook.com,Australia,2020-02-14,Standard,232.19
9433,Thomas Brown,thomas.brown9433@outlook.com,India,2020-12-20,Standard,2101.82
9434,Joseph Zhang,joseph.zhang9434@outlook.com,France,2024-07-24,Basic,403.42
9435,Sofia Patel,sofia.patel9435@yahoo.com,Japan,2021-12-26,Standard,1188.72
9436,Thomas Brown,thomas.brown9436@outlook.com,Canada,2024-01-25,Standard,4349.07
9437,Barbara Williams,barbara.williams9437@techcorp.io,Canada,2025-01-26,Standard,1057.83
9438,Mary Williams,mary.williams9438@outlook.com,Canada,2024-04-25,Premium,1101.52
9439,Sarah Rodriguez,sarah.rodriguez9439@outlook.com,Australia,2023-03-08,Standard,4008.59
9440,John Jones,john.jones9440@techcorp.io,Germany,2021-07-26,Basic,4542.26
9441,Priya Zhang,priya.zhang9441@techcorp.io,Brazil,2023-05-01,Premium,545.66
9442,John Jones,john.jones9442@gmail.com,Australia,2022-09-30,Basic,2790.69
9443,Thomas Lopez,thomas.lopez9443@techcorp.io,United Kingdom,2020-04-07,Premium,3521.94
9444,Rahul Garcia,rahul.garcia9444@yahoo.com,United States,2021-11-06,Premium,4774.78
9445,Elizabeth Williams,elizabeth.williams9445@example.com,France,2024-07-27,Premium,2221.41
9446,Wei Patel,wei.patel9446@company.org,United Kingdom,2021-10-12,Premium,864.94
9447,Amit Singh,amit.singh9447@example.com,Canada,2020-09-04,Premium,4654.87
9448,Priya Smith,priya.smith9448@company.org,Japan,2025-06-20,Basic,1672.32
9449,Mei Martinez,mei.martinez9449@company.org,France,2022-01-28,Standard,3345.37
9450,Karen Verma,karen.verma9450@company.org,United States,2021-04-17,Basic,499.22
9451,Barbara Sharma,barbara.sharma9451@yahoo.com,United States,2021-04-29,Basic,1723.59
9452,William Miller,william.miller9452@example.com,Canada,2024-05-11,Standard,2928.36
9453,Joseph Johnson,joseph.johnson9453@example.com,Japan,2023-09-06,Standard,1527.29
9454,James Miller,james.miller9454@techcorp.io,India,2023-01-02,Premium,918.66
9455,Patricia Williams,patricia.williams9455@company.org,Canada,2023-09-15,Premium,2494.22
9456,James Verma,james.verma9456@outlook.com,Australia,2022-07-19,Basic,549.09
9457,Ananya Gonzalez,ananya.gonzalez9457@company.org,Australia,2023-12-11,Standard,53.95
9458,Richard Lopez,richard.lopez9458@outlook.com,Australia,2020-02-26,Standard,4836.64
9459,Wei Miller,wei.miller9459@techcorp.io,France,2020-08-08,Standard,836.94
9460,Sarah Zhang,sarah.zhang9460@outlook.com,United Kingdom,2021-09-05,Premium,4140.45
9461,Rahul Kim,rahul.kim9461@techcorp.io,France,2024-05-08,Premium,2913.56
9462,James Brown,james.brown9462@gmail.com,France,2023-10-26,Premium,941.12
9463,Barbara Martinez,barbara.martinez9463@outlook.com,United Kingdom,2020-05-11,Standard,914.67
9464,Michael Singh,michael.singh9464@gmail.com,Canada,2021-01-26,Standard,4153.38
9465,Sofia Davis,sofia.davis9465@techcorp.io,Japan,2020-03-14,Standard,3208.02
9466,Jessica Rodriguez,jessica.rodriguez9466@techcorp.io,Germany,2020-04-29,Basic,4381.01
9467,Priya Gonzalez,priya.gonzalez9467@outlook.com,United States,2022-01-20,Premium,3121.66
9468,Ananya Smith,ananya.smith9468@example.com,United Kingdom,2024-12-18,Standard,3684.23
9469,Thomas Williams,thomas.williams9469@gmail.com,Canada,2024-02-22,Premium,546.48
9470,Barbara Lopez,barbara.lopez9470@gmail.com,Australia,2022-12-22,Basic,4416.04
9471,Elizabeth Kim,elizabeth.kim9471@example.com,Brazil,2023-03-03,Premium,268.02
9472,Patricia Martinez,patricia.martinez9472@example.com,India,2022-12-02,Basic,3415.42
9473,Mei Zhang,mei.zhang9473@example.com,Japan,2023-12-01,Basic,1650.18
9474,Richard Lopez,richard.lopez9474@company.org,Germany,2021-07-02,Premium,617.45
9475,Rahul Miller,rahul.miller9475@example.com,United States,2020-09-15,Standard,2795.64
9476,Elizabeth Smith,elizabeth.smith9476@outlook.com,Japan,2024-07-11,Premium,1216.38
9477,James Lopez,james.lopez9477@techcorp.io,Canada,2025-04-12,Premium,3002.03
9478,Elizabeth Brown,elizabeth.brown9478@outlook.com,Germany,2025-08-15,Standard,736.0
9479,Carlos Patel,carlos.patel9479@example.com,Japan,2023-02-13,Basic,2195.45
9480,Linda Chen,linda.chen9480@outlook.com,France,2024-03-16,Standard,2801.26
9481,Wei Singh,wei.singh9481@yahoo.com,Japan,2021-02-19,Standard,1517.89
9482,Richard Williams,richard.williams9482@techcorp.io,India,2021-01-21,Standard,4035.34
9483,Barbara Lee,barbara.lee9483@outlook.com,Germany,2023-06-26,Basic,4532.49
9484,Patricia Singh,patricia.singh9484@company.org,Japan,2023-05-17,Standard,2760.81
9485,David Singh,david.singh9485@techcorp.io,United Kingdom,2023-01-22,Premium,3711.1
9486,Jennifer Sharma,jennifer.sharma9486@gmail.com,United States,2021-05-17,Basic,184.0
9487,Priya Kim,priya.kim9487@company.org,United Kingdom,2021-04-25,Standard,2879.48
9488,Arjun Williams,arjun.williams9488@outlook.com,India,2020-08-06,Basic,494.24
9489,Robert Johnson,robert.johnson9489@gmail.com,Japan,2023-06-05,Standard,1328.12
9490,Sarah Williams,sarah.williams9490@outlook.com,Japan,2024-11-21,Basic,4970.51
9491,Mei Rodriguez,mei.rodriguez9491@yahoo.com,United Kingdom,2025-08-12,Basic,971.19
9492,John Garcia,john.garcia9492@outlook.com,Australia,2021-09-23,Standard,4286.41
9493,Jessica Smith,jessica.smith9493@company.org,United States,2025-08-02,Basic,2944.09
9494,Joseph Zhang,joseph.zhang9494@techcorp.io,Australia,2025-01-11,Standard,3674.66
9495,Susan Martinez,susan.martinez9495@yahoo.com,Australia,2023-01-29,Basic,3400.41
9496,Priya Chen,priya.chen9496@gmail.com,Germany,2024-04-30,Premium,4395.79
9497,Rahul Sharma,rahul.sharma9497@techcorp.io,Canada,2024-06-20,Standard,2210.05
9498,Rahul Jones,rahul.jones9498@gmail.com,Japan,2021-12-14,Premium,2322.61
9499,Robert Davis,robert.davis9499@techcorp.io,India,2024-11-27,Basic,2568.43
9500,Susan Davis,susan.davis9500@yahoo.com,Canada,2023-02-07,Standard,1191.38
9501,Joseph Verma,joseph.verma9501@gmail.com,Brazil,2021-12-07,Premium,4473.18
9502,James Miller,james.miller9502@company.org,Australia,2024-05-13,Premium,4292.19
9503,Thomas Johnson,thomas.johnson9503@yahoo.com,Brazil,2023-05-26,Standard,59.54
9504,Sofia Jones,sofia.jones9504@example.com,Brazil,2022-03-30,Standard,3476.54
9505,Priya Patel,priya.patel9505@company.org,Canada,2023-04-27,Basic,3439.02
9506,Priya Martinez,priya.martinez9506@example.com,United States,2022-12-17,Standard,2305.69
9507,John Verma,john.verma9507@yahoo.com,Japan,2021-11-13,Standard,4475.06
9508,James Singh,james.singh9508@gmail.com,Brazil,2021-06-13,Basic,3433.12
9509,Robert Smith,robert.smith9509@techcorp.io,United States,2020-02-26,Premium,3200.6
9510,Karen Wang,karen.wang9510@company.org,United States,2024-09-21,Premium,2434.53
9511,Ananya Kim,ananya.kim9511@yahoo.com,Canada,2024-09-24,Standard,3176.06
9512,Michael Smith,michael.smith9512@company.org,Germany,2021-09-03,Basic,4765.33
9513,Patricia Jones,patricia.jones9513@company.org,Brazil,2021-02-27,Standard,3135.98
9514,Michael Sharma,michael.sharma9514@company.org,United Kingdom,2021-12-15,Premium,4486.32
9515,Linda Garcia,linda.garcia9515@example.com,Germany,2022-07-12,Standard,1332.27
9516,William Williams,william.williams9516@example.com,United States,2022-05-27,Premium,2648.95
9517,Rahul Williams,rahul.williams9517@outlook.com,Brazil,2023-01-15,Premium,4691.2
9518,Jennifer Garcia,jennifer.garcia9518@yahoo.com,United Kingdom,2021-06-03,Basic,2535.46
9519,Neha Martinez,neha.martinez9519@example.com,France,2021-05-04,Premium,2939.33
9520,Joseph Williams,joseph.williams9520@gmail.com,Brazil,2021-01-19,Premium,2030.1
9521,Robert Brown,robert.brown9521@yahoo.com,United Kingdom,2025-01-01,Premium,1624.13
9522,Priya Garcia,priya.garcia9522@gmail.com,Canada,2023-11-13,Premium,1818.06
9523,Elizabeth Rodriguez,elizabeth.rodriguez9523@example.com,Germany,2021-09-24,Standard,188.04
9524,Mary Rodriguez,mary.rodriguez9524@company.org,Japan,2022-12-14,Standard,868.23
9525,Jennifer Sharma,jennifer.sharma9525@company.org,Japan,2022-04-01,Basic,1130.97
9526,William Zhang,william.zhang9526@outlook.com,United States,2022-05-18,Standard,4207.22
9527,Mei Davis,mei.davis9527@yahoo.com,United States,2020-08-01,Standard,3310.78
9528,Wei Gonzalez,wei.gonzalez9528@company.org,United Kingdom,2020-01-09,Premium,4757.0
9529,Jessica Davis,jessica.davis9529@example.com,France,2025-06-01,Standard,4773.78
9530,Barbara Lee,barbara.lee9530@company.org,Japan,2025-06-15,Basic,3649.61
9531,Sofia Sharma,sofia.sharma9531@example.com,United Kingdom,2022-07-15,Basic,1695.36
9532,Linda Zhang,linda.zhang9532@yahoo.com,Japan,2020-06-01,Basic,1270.89
9533,Neha Lee,neha.lee9533@outlook.com,United States,2023-08-30,Standard,2991.01
9534,Elizabeth Chen,elizabeth.chen9534@example.com,India,2021-11-22,Standard,4698.6
9535,Carlos Zhang,carlos.zhang9535@gmail.com,Germany,2020-06-28,Standard,3047.72
9536,Richard Jones,richard.jones9536@outlook.com,Brazil,2020-05-27,Premium,3997.97
9537,Barbara Garcia,barbara.garcia9537@yahoo.com,Canada,2021-06-28,Standard,1672.23
9538,Patricia Chen,patricia.chen9538@techcorp.io,United Kingdom,2025-01-03,Basic,319.12
9539,Jessica Smith,jessica.smith9539@gmail.com,India,2025-01-01,Standard,3208.4
9540,David Patel,david.patel9540@example.com,Japan,2023-04-20,Standard,1276.59
9541,Patricia Johnson,patricia.johnson9541@example.com,Japan,2023-05-28,Standard,1339.09
9542,Karen Lopez,karen.lopez9542@company.org,United States,2025-07-03,Basic,3519.91
9543,Jessica Gonzalez,jessica.gonzalez9543@example.com,Brazil,2020-08-02,Basic,139.83
9544,Jennifer Martinez,jennifer.martinez9544@company.org,Germany,2022-06-16,Premium,3398.1
9545,James Smith,james.smith9545@company.org,United Kingdom,2022-07-07,Standard,647.26
9546,Sarah Wang,sarah.wang9546@gmail.com,Australia,2023-07-05,Premium,140.35
9547,Ananya Miller,ananya.miller9547@company.org,United Kingdom,2020-08-12,Basic,2572.29
9548,Mei Smith,mei.smith9548@yahoo.com,Australia,2023-01-08,Basic,571.88
9549,Sofia Davis,sofia.davis9549@example.com,United Kingdom,2021-03-23,Basic,4661.89
9550,Charles Verma,charles.verma9550@techcorp.io,United States,2023-01-13,Premium,4501.48
9551,Rahul Kim,rahul.kim9551@gmail.com,Brazil,2025-08-04,Premium,1856.65
9552,Mei Lee,mei.lee9552@example.com,United Kingdom,2021-07-19,Premium,928.2
9553,Charles Jones,charles.jones9553@example.com,Brazil,2020-06-08,Premium,2972.66
9554,Sofia Zhang,sofia.zhang9554@yahoo.com,Brazil,2024-06-10,Basic,4377.41
9555,Patricia Gonzalez,patricia.gonzalez9555@gmail.com,France,2022-01-01,Basic,1418.35
9556,Susan Chen,susan.chen9556@company.org,France,2022-03-15,Basic,3853.48
9557,Sarah Williams,sarah.williams9557@example.com,India,2022-11-20,Premium,1995.0
9558,Mary Chen,mary.chen9558@techcorp.io,France,2024-07-24,Standard,1399.2
9559,William Lee,william.lee9559@gmail.com,India,2023-12-08,Basic,259.28
9560,David Rodriguez,david.rodriguez9560@techcorp.io,Germany,2024-12-08,Basic,1648.5
9561,Carlos Chen,carlos.chen9561@yahoo.com,United States,2021-02-23,Premium,3747.12
9562,Thomas Wang,thomas.wang9562@yahoo.com,Australia,2023-05-19,Basic,4278.67
9563,James Jones,james.jones9563@yahoo.com,Japan,2022-01-06,Standard,3471.92
9564,Wei Verma,wei.verma9564@yahoo.com,India,2023-11-09,Basic,2461.41
9565,Neha Jones,neha.jones9565@yahoo.com,India,2021-05-08,Premium,1368.71
9566,Elizabeth Williams,elizabeth.williams9566@techcorp.io,France,2024-04-20,Basic,2733.59
9567,Susan Chen,susan.chen9567@example.com,Australia,2024-12-03,Basic,2352.36
9568,Joseph Brown,joseph.brown9568@techcorp.io,Brazil,2023-01-31,Standard,181.5
9569,Michael Martinez,michael.martinez9569@example.com,Australia,2024-12-08,Standard,4488.15
9570,Arjun Johnson,arjun.johnson9570@company.org,France,2022-08-09,Standard,3468.8
9571,Sarah Singh,sarah.singh9571@techcorp.io,Brazil,2025-06-28,Basic,2164.14
9572,Elizabeth Patel,elizabeth.patel9572@yahoo.com,Germany,2021-01-17,Standard,2427.42
9573,Michael Patel,michael.patel9573@gmail.com,Australia,2022-09-15,Premium,60.01
9574,Sofia Kim,sofia.kim9574@gmail.com,India,2020-02-22,Basic,208.2
9575,Mei Wang,mei.wang9575@company.org,United Kingdom,2021-04-23,Premium,4167.26
9576,Jennifer Singh,jennifer.singh9576@yahoo.com,Japan,2022-10-21,Basic,2954.83
9577,Jessica Johnson,jessica.johnson9577@yahoo.com,Germany,2022-01-31,Standard,329.92
9578,Thomas Williams,thomas.williams9578@company.org,United Kingdom,2022-08-03,Premium,3386.57
9579,Jennifer Wang,jennifer.wang9579@outlook.com,Canada,2024-02-21,Standard,3316.07
9580,Barbara Martinez,barbara.martinez9580@outlook.com,Japan,2021-10-18,Standard,2617.54
9581,Jessica Lopez,jessica.lopez9581@yahoo.com,Canada,2023-03-03,Standard,4091.41
9582,Neha Chen,neha.chen9582@gmail.com,Japan,2023-07-01,Basic,2069.78
9583,Richard Kim,richard.kim9583@example.com,Japan,2022-12-04,Basic,4343.15
9584,Priya Patel,priya.patel9584@gmail.com,United Kingdom,2025-04-18,Standard,3065.92
9585,Sarah Garcia,sarah.garcia9585@yahoo.com,Japan,2024-03-19,Basic,4119.84
9586,Robert Sharma,robert.sharma9586@techcorp.io,United Kingdom,2020-05-01,Premium,2487.09
9587,Mei Wang,mei.wang9587@company.org,United States,2020-10-13,Basic,2526.5
9588,John Garcia,john.garcia9588@gmail.com,Germany,2024-07-20,Basic,1614.54
9589,Sofia Kim,sofia.kim9589@gmail.com,Australia,2024-11-14,Standard,421.07
9590,Jennifer Patel,jennifer.patel9590@yahoo.com,Germany,2023-08-22,Premium,555.72
9591,Michael Miller,michael.miller9591@outlook.com,France,2021-06-18,Premium,4332.91
9592,Elizabeth Davis,elizabeth.davis9592@example.com,Germany,2022-01-22,Premium,1308.0
9593,Neha Brown,neha.brown9593@yahoo.com,Australia,2021-06-27,Basic,263.49
9594,Linda Garcia,linda.garcia9594@gmail.com,India,2021-10-03,Premium,3821.5
9595,Patricia Jones,patricia.jones9595@outlook.com,Japan,2024-06-15,Premium,2123.6
9596,Sofia Chen,sofia.chen9596@company.org,United Kingdom,2020-04-16,Basic,4859.04
9597,Jessica Garcia,jessica.garcia9597@company.org,Canada,2020-07-24,Premium,3066.53
9598,Carlos Wang,carlos.wang9598@outlook.com,India,2022-05-22,Standard,2108.56
9599,Carlos Kim,carlos.kim9599@outlook.com,Brazil,2021-04-05,Standard,3697.05
9600,Patricia Lopez,patricia.lopez9600@techcorp.io,France,2025-07-19,Premium,3092.77
9601,Patricia Kim,patricia.kim9601@outlook.com,Australia,2020-10-06,Premium,809.15
9602,Thomas Rodriguez,thomas.rodriguez9602@company.org,France,2023-12-05,Basic,3957.29
9603,David Williams,david.williams9603@company.org,Canada,2020-06-09,Standard,4683.83
9604,Sarah Martinez,sarah.martinez9604@techcorp.io,Australia,2022-05-26,Premium,1298.3
9605,Sofia Brown,sofia.brown9605@gmail.com,Japan,2024-01-29,Basic,2766.55
9606,Amit Lopez,amit.lopez9606@company.org,Japan,2021-11-05,Basic,4325.48
9607,Carlos Sharma,carlos.sharma9607@example.com,Australia,2020-07-12,Basic,4550.71
9608,David Lopez,david.lopez9608@yahoo.com,India,2021-10-03,Basic,4795.91
9609,Jennifer Verma,jennifer.verma9609@outlook.com,Canada,2024-02-07,Standard,3144.72
9610,Linda Smith,linda.smith9610@example.com,Australia,2021-06-26,Standard,1294.26
9611,Susan Wang,susan.wang9611@example.com,Germany,2022-08-31,Premium,1907.06
9612,Priya Wang,priya.wang9612@company.org,United Kingdom,2020-02-14,Standard,1630.74
9613,John Singh,john.singh9613@yahoo.com,Brazil,2020-01-19,Standard,2159.75
9614,Richard Wang,richard.wang9614@company.org,Canada,2020-02-23,Premium,3487.94
9615,Wei Johnson,wei.johnson9615@example.com,United Kingdom,2025-03-26,Premium,724.32
9616,Karen Brown,karen.brown9616@example.com,France,2023-01-28,Premium,124.33
9617,Richard Williams,richard.williams9617@outlook.com,Australia,2023-05-28,Standard,175.62
9618,Amit Garcia,amit.garcia9618@company.org,India,2024-01-23,Standard,1697.72
9619,Priya Sharma,priya.sharma9619@techcorp.io,Brazil,2023-02-24,Premium,1538.72
9620,Rahul Rodriguez,rahul.rodriguez9620@company.org,Germany,2021-06-03,Premium,1158.41
9621,David Patel,,Germany,2021-07-06,Premium,1208.8
9622,Barbara Williams,barbara.williams9622@gmail.com,Japan,2023-05-14,Premium,3191.97
9623,Michael Singh,michael.singh9623@company.org,United Kingdom,2020-07-08,Standard,2717.48
9624,Richard Johnson,richard.johnson9624@example.com,United States,2022-12-12,Basic,1719.55
9625,Amit Brown,amit.brown9625@example.com,Australia,2022-02-23,Basic,2215.8
9626,Susan Williams,susan.williams9626@gmail.com,Brazil,2022-12-12,Standard,2015.37
9627,Sofia Gonzalez,sofia.gonzalez9627@gmail.com,Canada,2025-01-04,Premium,2978.74
9628,Richard Brown,richard.brown9628@yahoo.com,France,2023-10-07,Basic,2661.46
9629,Amit Lopez,amit.lopez9629@company.org,Japan,2024-01-15,Standard,2552.89
9630,David Miller,david.miller9630@example.com,Japan,2020-11-29,Standard,3571.08
9631,Thomas Gonzalez,thomas.gonzalez9631@gmail.com,France,2023-09-13,Basic,569.19
9632,Sarah Zhang,sarah.zhang9632@company.org,Japan,2023-03-16,Premium,1548.59
9633,Jessica Miller,jessica.miller9633@yahoo.com,India,2025-04-28,Premium,2290.32
9634,Thomas Sharma,thomas.sharma9634@outlook.com,Australia,2025-03-04,Standard,4482.12
9635,Sofia Chen,sofia.chen9635@gmail.com,France,2020-06-11,Premium,3860.99
9636,Ananya Sharma,ananya.sharma9636@techcorp.io,Australia,2022-02-20,Standard,2724.46
9637,Barbara Singh,barbara.singh9637@outlook.com,United Kingdom,2021-11-13,Standard,3544.83
9638,Elizabeth Williams,elizabeth.williams9638@gmail.com,Australia,2024-10-10,Standard,794.16
9639,Joseph Johnson,joseph.johnson9639@gmail.com,Australia,2024-04-17,Basic,1979.22
9640,Carlos Lopez,carlos.lopez9640@company.org,Brazil,2020-11-28,Premium,331.35
9641,Barbara Jones,barbara.jones9641@example.com,Germany,2020-04-18,Basic,2813.39
9642,William Patel,william.patel9642@yahoo.com,India,2024-09-26,Premium,3820.38
9643,William Singh,william.singh9643@gmail.com,France,2024-07-03,Premium,1579.88
9644,Arjun Miller,arjun.miller9644@yahoo.com,United Kingdom,2025-06-08,Standard,1678.28
9645,Wei Kim,wei.kim9645@yahoo.com,Brazil,2022-04-05,Premium,4020.09
9646,Linda Gonzalez,linda.gonzalez9646@gmail.com,Canada,2022-10-16,Premium,815.6
9647,Mei Martinez,mei.martinez9647@company.org,Australia,2021-11-05,Premium,4015.74
9648,Rahul Garcia,rahul.garcia9648@techcorp.io,United States,2024-06-01,Standard,2202.12
9649,Michael Rodriguez,michael.rodriguez9649@example.com,Japan,2020-12-25,Basic,2858.61
9650,James Jones,james.jones9650@company.org,India,2020-01-01,Basic,146.94
9651,Carlos Garcia,carlos.garcia9651@techcorp.io,France,2024-06-23,Standard,4252.95
9652,Joseph Kim,joseph.kim9652@gmail.com,Brazil,2024-07-21,Standard,1576.78
9653,Karen Lee,karen.lee9653@gmail.com,France,2021-08-11,Standard,3489.17
9654,Arjun Singh,arjun.singh9654@outlook.com,United States,2021-08-28,Premium,3064.12
9655,Elizabeth Garcia,elizabeth.garcia9655@outlook.com,United States,2020-12-14,Basic,708.9
9656,Carlos Lee,carlos.lee9656@gmail.com,Australia,2022-04-04,Standard,1053.67
9657,David Lee,david.lee9657@yahoo.com,Japan,2020-10-26,Premium,2346.78
9658,Richard Patel,richard.patel9658@gmail.com,France,2021-11-15,Standard,724.67
9659,Arjun Miller,arjun.miller9659@yahoo.com,Brazil,2020-04-11,Basic,4109.85
9660,Mary Wang,mary.wang9660@techcorp.io,United States,2021-04-18,Standard,2331.78
9661,Sofia Martinez,sofia.martinez9661@outlook.com,France,2020-03-21,Premium,1144.19
9662,Sarah Patel,sarah.patel9662@outlook.com,India,2025-06-19,Premium,1651.02
9663,Joseph Kim,joseph.kim9663@yahoo.com,India,2021-06-24,Basic,1152.02
9664,Mei Sharma,mei.sharma9664@techcorp.io,United Kingdom,2023-01-22,Premium,2518.39
9665,Jennifer Brown,jennifer.brown9665@example.com,Canada,2020-10-19,Premium,197.61
9666,Arjun Gonzalez,arjun.gonzalez9666@yahoo.com,Japan,2023-11-28,Basic,1525.94
9667,Richard Rodriguez,richard.rodriguez9667@company.org,France,2024-04-23,Premium,3442.24
9668,Sarah Garcia,sarah.garcia9668@yahoo.com,Japan,2022-02-28,Premium,696.78
9669,Thomas Patel,thomas.patel9669@gmail.com,Germany,2023-04-02,Premium,3140.73
9670,Wei Singh,wei.singh9670@yahoo.com,Australia,2024-02-09,Standard,3294.84
9671,James Williams,james.williams9671@yahoo.com,India,2020-11-27,Standard,4625.82
9672,Charles Lee,charles.lee9672@outlook.com,Germany,2023-08-10,Basic,4431.06
9673,David Lee,david.lee9673@outlook.com,United Kingdom,2020-01-31,Basic,3879.98
9674,Richard Verma,richard.verma9674@outlook.com,Japan,2020-08-25,Standard,3968.44
9675,Karen Martinez,karen.martinez9675@outlook.com,Australia,2021-02-14,Standard,1599.58
9676,Arjun Williams,arjun.williams9676@gmail.com,Germany,2020-06-02,Premium,3817.92
9677,Thomas Kim,thomas.kim9677@techcorp.io,Japan,2020-01-07,Premium,2287.6
9678,Linda Gonzalez,linda.gonzalez9678@example.com,United States,2023-03-25,Basic,380.11
9679,Sofia Brown,sofia.brown9679@gmail.com,United States,2023-03-18,Standard,2729.6
9680,Karen Wang,karen.wang9680@outlook.com,Germany,2020-11-27,Basic,4494.57
9681,Thomas Martinez,thomas.martinez9681@company.org,France,2023-07-08,Standard,917.73
9682,Priya Sharma,priya.sharma9682@techcorp.io,France,2024-04-20,Basic,954.93
9683,Karen Johnson,karen.johnson9683@techcorp.io,Australia,2022-12-26,Standard,4041.66
9684,Joseph Williams,joseph.williams9684@gmail.com,Australia,2024-04-16,Standard,1113.32
9685,Neha Jones,neha.jones9685@company.org,United Kingdom,2024-08-12,Premium,4185.44
9686,Joseph Smith,joseph.smith9686@example.com,Canada,2025-07-10,Basic,3588.92
9687,David Zhang,david.zhang9687@techcorp.io,United Kingdom,2023-09-29,Basic,2337.49
9688,Barbara Gonzalez,barbara.gonzalez9688@yahoo.com,United States,2023-05-30,Standard,2441.47
9689,Mary Martinez,mary.martinez9689@company.org,United Kingdom,2020-01-30,Premium,4748.32
9690,Richard Jones,richard.jones9690@example.com,United Kingdom,2021-11-27,Standard,1747.16
9691,Sarah Garcia,sarah.garcia9691@example.com,Canada,2022-06-03,Premium,1209.44
9692,Amit Patel,amit.patel9692@yahoo.com,Germany,2023-10-13,Basic,2156.86
9693,Ananya Miller,ananya.miller9693@outlook.com,Brazil,2022-05-13,Standard,1216.39
9694,Neha Jones,neha.jones9694@yahoo.com,United States,2020-10-19,Standard,4484.1
9695,Susan Rodriguez,susan.rodriguez9695@example.com,Japan,2024-01-28,Basic,1282.38
9696,Mary Lopez,mary.lopez9696@outlook.com,Canada,2020-12-14,Premium,1611.07
9697,Jennifer Johnson,jennifer.johnson9697@yahoo.com,Japan,2021-03-06,Basic,4079.66
9698,Patricia Smith,patricia.smith9698@outlook.com,Canada,2022-06-05,Basic,227.48
9699,Arjun Johnson,arjun.johnson9699@company.org,Brazil,2020-08-06,Premium,2957.91
9700,Ananya Davis,ananya.davis9700@outlook.com,United States,2024-08-01,Premium,147.68
9701,Neha Zhang,neha.zhang9701@example.com,France,2023-04-09,Premium,2657.31
9702,Barbara Sharma,barbara.sharma9702@company.org,Canada,2021-09-28,Basic,1790.14
9703,Mei Chen,mei.chen9703@example.com,France,2023-12-11,Standard,1711.07
9704,Amit Singh,amit.singh9704@outlook.com,Canada,2021-08-02,Premium,918.26
9705,Jessica Sharma,jessica.sharma9705@gmail.com,India,2022-05-10,Basic,4028.42
9706,Robert Singh,robert.singh9706@example.com,Canada,2023-02-18,Basic,4297.64
9707,Arjun Garcia,arjun.garcia9707@gmail.com,France,2024-04-27,Basic,3084.91
9708,Carlos Verma,carlos.verma9708@yahoo.com,United Kingdom,2021-02-23,Standard,3064.95
9709,Joseph Williams,joseph.williams9709@techcorp.io,Canada,2022-01-13,Premium,157.7
9710,Sofia Davis,sofia.davis9710@techcorp.io,Australia,2025-02-12,Standard,2274.54
9711,Linda Brown,linda.brown9711@yahoo.com,Canada,2020-07-26,Standard,2968.46
9712,Thomas Patel,thomas.patel9712@techcorp.io,United Kingdom,2024-03-16,Basic,3784.31
9713,John Wang,john.wang9713@outlook.com,Australia,2022-04-15,Basic,3670.06
9714,Michael Gonzalez,michael.gonzalez9714@outlook.com,Japan,2025-03-31,Premium,2187.17
9715,Mary Singh,mary.singh9715@outlook.com,Brazil,2023-12-29,Premium,757.12
9716,Carlos Singh,carlos.singh9716@outlook.com,Canada,2024-05-09,Premium,2954.55
9717,John Verma,john.verma9717@techcorp.io,Brazil,2025-06-27,Basic,3195.06
9718,Rahul Davis,rahul.davis9718@techcorp.io,Japan,2023-08-06,Premium,4658.12
9719,Sofia Rodriguez,sofia.rodriguez9719@techcorp.io,Canada,2021-06-03,Premium,2643.88
9720,Amit Miller,amit.miller9720@example.com,Brazil,2025-03-29,Standard,616.57
9721,James Chen,james.chen9721@outlook.com,United States,2023-07-21,Standard,438.94
9722,Sofia Verma,sofia.verma9722@outlook.com,Australia,2021-01-31,Basic,2493.96
9723,Elizabeth Lopez,elizabeth.lopez9723@techcorp.io,Brazil,2021-05-17,Premium,2629.9
9724,Ananya Lopez,ananya.lopez9724@example.com,India,2020-12-19,Standard,2796.31
9725,Karen Smith,karen.smith9725@gmail.com,Japan,2020-10-21,Premium,2538.84
9726,Wei Jones,wei.jones9726@company.org,Japan,2020-02-02,Basic,3659.7
9727,Carlos Singh,carlos.singh9727@company.org,United Kingdom,2021-04-23,Standard,3803.72
9728,Jennifer Gonzalez,jennifer.gonzalez9728@outlook.com,Germany,2020-09-03,Standard,290.4
9729,Rahul Williams,rahul.williams9729@gmail.com,France,2025-05-26,Standard,3070.01
9730,David Rodriguez,david.rodriguez9730@yahoo.com,Australia,2021-09-15,Standard,4387.78
9731,Ananya Jones,ananya.jones9731@techcorp.io,India,2023-05-03,Premium,2265.14
9732,Charles Smith,charles.smith9732@techcorp.io,Germany,2022-10-09,Basic,2508.13
9733,Patricia Johnson,patricia.johnson9733@techcorp.io,Japan,2022-10-06,Basic,1733.45
9734,Joseph Verma,,Germany,2021-05-08,Basic,1238.46
9735,Mary Miller,mary.miller9735@outlook.com,Brazil,2020-09-08,Standard,2078.08
9736,William Miller,william.miller9736@gmail.com,Japan,2021-07-17,Basic,3698.82
9737,Rahul Gonzalez,rahul.gonzalez9737@outlook.com,France,2022-05-08,Basic,3962.74
9738,Thomas Patel,thomas.patel9738@techcorp.io,Japan,2020-03-07,Premium,379.83
9739,Sarah Wang,sarah.wang9739@company.org,United Kingdom,2023-12-03,Basic,3428.77
9740,Elizabeth Martinez,elizabeth.martinez9740@outlook.com,United Kingdom,2021-03-23,Premium,577.69
9741,Patricia Jones,patricia.jones9741@outlook.com,Canada,2024-12-20,Basic,4796.85
9742,Charles Lee,charles.lee9742@example.com,United Kingdom,2022-11-14,Basic,1218.02
9743,Rahul Smith,rahul.smith9743@outlook.com,Canada,2020-01-26,Standard,4497.16
9744,Susan Rodriguez,susan.rodriguez9744@example.com,India,2024-04-24,Premium,692.98
9745,Charles Rodriguez,charles.rodriguez9745@yahoo.com,France,2021-03-29,Basic,486.34
9746,Carlos Sharma,carlos.sharma9746@yahoo.com,Canada,2020-02-04,Standard,4161.74
9747,Arjun Smith,arjun.smith9747@example.com,Brazil,2022-10-21,Premium,4426.77
9748,Priya Zhang,priya.zhang9748@outlook.com,Australia,2023-05-19,Basic,925.1
9749,Jennifer Chen,jennifer.chen9749@techcorp.io,Japan,2024-03-31,Premium,78.67
9750,Patricia Kim,patricia.kim9750@gmail.com,France,2024-11-11,Standard,676.15
9751,Jennifer Chen,jennifer.chen9751@company.org,United Kingdom,2023-03-08,Standard,4516.24
9752,Barbara Brown,barbara.brown9752@techcorp.io,United States,2024-07-19,Standard,2469.49
9753,Rahul Jones,rahul.jones9753@gmail.com,United States,2022-02-26,Basic,2108.63
9754,Neha Rodriguez,neha.rodriguez9754@outlook.com,United Kingdom,2025-06-29,Basic,145.99
9755,Priya Zhang,priya.zhang9755@outlook.com,Germany,2023-09-20,Standard,4383.12
9756,Barbara Rodriguez,barbara.rodriguez9756@yahoo.com,United Kingdom,2025-02-27,Basic,1721.18
9757,Amit Rodriguez,amit.rodriguez9757@company.org,Japan,2021-05-29,Standard,4929.31
9758,Susan Zhang,susan.zhang9758@company.org,Brazil,2022-03-04,Basic,848.51
9759,David Davis,david.davis9759@outlook.com,United States,2022-01-24,Basic,2264.05
9760,Joseph Rodriguez,joseph.rodriguez9760@techcorp.io,France,2020-01-31,Basic,1188.77
9761,William Wang,william.wang9761@gmail.com,United Kingdom,2025-05-07,Basic,1730.52
9762,Carlos Wang,carlos.wang9762@techcorp.io,Japan,2023-10-04,Basic,855.14
9763,Ananya Williams,ananya.williams9763@techcorp.io,Germany,2020-07-03,Basic,3682.98
9764,James Gonzalez,james.gonzalez9764@yahoo.com,United Kingdom,2023-02-25,Basic,4829.57
9765,Mary Miller,mary.miller9765@yahoo.com,Brazil,2025-05-14,Premium,1093.53
9766,Elizabeth Verma,elizabeth.verma9766@yahoo.com,Australia,2020-05-14,Basic,670.1
9767,David Singh,david.singh9767@yahoo.com,Brazil,2022-03-23,Standard,1919.02
9768,Charles Rodriguez,charles.rodriguez9768@techcorp.io,United Kingdom,2024-07-25,Standard,2563.38
9769,Neha Lopez,neha.lopez9769@outlook.com,India,2025-05-18,Premium,3488.92
9770,David Brown,david.brown9770@yahoo.com,Canada,2023-04-18,Standard,3642.47
9771,Linda Garcia,linda.garcia9771@company.org,France,2025-08-01,Standard,989.95
9772,Mei Sharma,mei.sharma9772@company.org,Canada,2021-10-01,Premium,1084.5
9773,Thomas Gonzalez,thomas.gonzalez9773@company.org,Brazil,2024-06-01,Basic,2017.93
9774,Susan Patel,susan.patel9774@yahoo.com,United Kingdom,2023-05-11,Basic,3975.1
9775,Ananya Johnson,ananya.johnson9775@company.org,India,2021-02-02,Standard,1334.97
9776,Patricia Patel,patricia.patel9776@company.org,Germany,2023-04-24,Premium,3978.55
9777,Joseph Smith,joseph.smith9777@outlook.com,Canada,2021-04-11,Basic,4625.41
9778,Sofia Rodriguez,sofia.rodriguez9778@gmail.com,France,2024-02-29,Premium,1387.81
9779,Jessica Patel,jessica.patel9779@outlook.com,India,2022-01-13,Standard,2438.27
9780,Rahul Gonzalez,rahul.gonzalez9780@techcorp.io,Canada,2020-03-12,Standard,1814.51
9781,Linda Verma,linda.verma9781@gmail.com,United Kingdom,2022-10-13,Standard,4683.34
9782,Susan Garcia,susan.garcia9782@company.org,United Kingdom,2022-06-24,Standard,3350.21
9783,David Singh,david.singh9783@outlook.com,India,2023-10-02,Premium,2682.86
9784,Robert Miller,robert.miller9784@gmail.com,Canada,2025-06-17,Standard,229.91
9785,Charles Singh,charles.singh9785@example.com,France,2024-01-31,Premium,3825.78
9786,John Garcia,john.garcia9786@outlook.com,Brazil,2022-06-13,Basic,3879.84
9787,Elizabeth Rodriguez,elizabeth.rodriguez9787@gmail.com,Canada,2024-04-13,Standard,4004.04
9788,Wei Patel,wei.patel9788@company.org,United Kingdom,2021-09-05,Standard,3377.61
9789,Mei Lopez,mei.lopez9789@gmail.com,Canada,2022-07-05,Standard,4780.67
9790,Arjun Sharma,arjun.sharma9790@techcorp.io,Germany,2020-07-14,Premium,4675.17
9791,John Williams,john.williams9791@techcorp.io,France,2024-09-23,Standard,3464.64
9792,Carlos Rodriguez,carlos.rodriguez9792@example.com,Brazil,2024-11-24,Premium,4588.36
9793,Michael Jones,michael.jones9793@gmail.com,Japan,2020-09-16,Premium,478.97
9794,Patricia Patel,patricia.patel9794@company.org,Canada,2022-10-25,Basic,3332.66
9795,Robert Patel,robert.patel9795@company.org,Japan,2020-12-02,Premium,3588.98
9796,Joseph Johnson,joseph.johnson9796@techcorp.io,India,2023-11-05,Basic,3614.4
9797,Sarah Chen,sarah.chen9797@outlook.com,United States,2023-12-07,Standard,432.36
9798,John Lee,john.lee9798@company.org,Canada,2023-07-28,Premium,3953.16
9799,Mei Brown,mei.brown9799@example.com,Canada,2021-11-21,Standard,445.49
9800,Robert Jones,robert.jones9800@example.com,Canada,2020-04-26,Standard,1821.48
9801,Jennifer Garcia,jennifer.garcia9801@company.org,Australia,2025-08-15,Premium,3235.46
9802,Sofia Miller,sofia.miller9802@techcorp.io,Japan,2020-05-02,Premium,620.59
9803,Neha Davis,neha.davis9803@outlook.com,Japan,2023-02-04,Basic,4547.96
9804,Sarah Lee,sarah.lee9804@gmail.com,United States,2020-05-01,Standard,3247.62
9805,Charles Garcia,charles.garcia9805@outlook.com,France,2020-05-29,Basic,4450.31
9806,Robert Kim,robert.kim9806@techcorp.io,Australia,2022-11-29,Premium,3291.14
9807,Charles Gonzalez,charles.gonzalez9807@example.com,Germany,2024-06-27,Basic,546.07
9808,David Johnson,david.johnson9808@company.org,India,2020-02-02,Premium,2202.34
9809,Joseph Johnson,joseph.johnson9809@outlook.com,Germany,2024-01-10,Premium,2272.32
9810,James Miller,james.miller9810@outlook.com,Canada,2020-07-07,Standard,1390.76
9811,Neha Gonzalez,neha.gonzalez9811@company.org,Germany,2022-06-29,Standard,2864.02
9812,Thomas Rodriguez,thomas.rodriguez9812@company.org,Brazil,2025-06-10,Standard,4742.59
9813,Priya Williams,priya.williams9813@company.org,France,2023-03-03,Premium,3485.12
9814,Elizabeth Williams,elizabeth.williams9814@yahoo.com,India,2021-08-31,Basic,1444.5
9815,Richard Johnson,richard.johnson9815@outlook.com,United Kingdom,2025-08-08,Basic,3544.96
9816,Robert Chen,robert.chen9816@yahoo.com,United Kingdom,2023-09-30,Basic,1987.22
9817,Amit Miller,amit.miller9817@example.com,India,2021-03-30,Basic,4238.24
9818,Thomas Kim,thomas.kim9818@example.com,United States,2023-08-05,Standard,558.06
9819,Mei Singh,mei.singh9819@yahoo.com,Brazil,2023-02-21,Standard,3677.41
9820,Sofia Martinez,sofia.martinez9820@company.org,Japan,2020-07-02,Premium,4015.52
9821,Charles Singh,charles.singh9821@outlook.com,France,2021-04-27,Standard,1907.96
9822,Karen Rodriguez,karen.rodriguez9822@company.org,United Kingdom,2023-12-14,Standard,3626.17
9823,Patricia Singh,patricia.singh9823@example.com,Brazil,2023-10-18,Premium,4594.08
9824,Susan Chen,susan.chen9824@example.com,Brazil,2023-09-25,Basic,3679.91
9825,Elizabeth Lopez,elizabeth.lopez9825@example.com,Australia,2022-06-01,Premium,1085.61
9826,Linda Gonzalez,linda.gonzalez9826@example.com,India,2022-05-04,Basic,1921.46
9827,James Davis,james.davis9827@company.org,France,2021-04-02,Premium,1887.16
9828,Joseph Gonzalez,joseph.gonzalez9828@outlook.com,Germany,2022-02-14,Standard,2698.54
9829,Joseph Zhang,joseph.zhang9829@gmail.com,United Kingdom,2025-01-25,Basic,2363.17
9830,Sarah Singh,sarah.singh9830@outlook.com,Brazil,2020-03-28,Standard,1460.25
9831,Richard Brown,richard.brown9831@techcorp.io,Germany,2020-06-10,Standard,4191.85
9832,David Martinez,david.martinez9832@outlook.com,France,2023-07-24,Standard,1979.67
9833,Amit Patel,amit.patel9833@techcorp.io,United Kingdom,2024-05-19,Basic,4877.99
9834,Sarah Brown,sarah.brown9834@yahoo.com,Germany,2021-07-29,Basic,1093.48
9835,Mary Martinez,mary.martinez9835@yahoo.com,India,2020-08-20,Basic,2485.83
9836,Neha Lee,neha.lee9836@company.org,Germany,2020-05-05,Standard,3231.24
9837,Joseph Lee,joseph.lee9837@techcorp.io,United Kingdom,2025-08-03,Premium,277.46
9838,Arjun Williams,arjun.williams9838@yahoo.com,United Kingdom,2022-04-02,Standard,3871.81
9839,Wei Lee,wei.lee9839@techcorp.io,United Kingdom,2025-07-17,Premium,2382.2
9840,Neha Verma,neha.verma9840@company.org,United States,2020-11-26,Basic,3021.73
9841,Charles Lopez,charles.lopez9841@yahoo.com,Germany,2020-04-08,Basic,1210.14
9842,Joseph Smith,joseph.smith9842@techcorp.io,Canada,2023-08-08,Standard,4417.57
9843,Amit Smith,amit.smith9843@techcorp.io,Brazil,2023-08-11,Basic,4623.79
9844,Sofia Wang,sofia.wang9844@techcorp.io,Canada,2020-11-16,Basic,4910.75
9845,Karen Jones,karen.jones9845@company.org,Germany,2022-03-15,Standard,2920.12
9846,Neha Martinez,neha.martinez9846@company.org,United Kingdom,2021-08-28,Standard,2826.78
9847,John Davis,john.davis9847@company.org,United States,2020-03-19,Premium,3441.69
9848,Linda Kim,linda.kim9848@yahoo.com,United Kingdom,2024-11-11,Premium,2307.13
9849,Arjun Miller,arjun.miller9849@techcorp.io,France,2020-10-14,Standard,3611.11
9850,Mary Martinez,mary.martinez9850@example.com,France,2020-11-09,Premium,1478.33
9851,Barbara Singh,barbara.singh9851@gmail.com,Australia,2021-03-17,Premium,600.48
9852,John Smith,john.smith9852@example.com,Canada,2021-09-11,Premium,962.72
9853,Sofia Davis,sofia.davis9853@gmail.com,Japan,2023-11-05,Premium,3398.94
9854,Charles Miller,charles.miller9854@techcorp.io,Germany,2020-06-20,Basic,4538.07
9855,Mary Kim,mary.kim9855@company.org,Brazil,2020-11-03,Basic,2429.85
9856,Linda Jones,linda.jones9856@techcorp.io,Germany,2025-07-31,Standard,4982.85
9857,Joseph Zhang,joseph.zhang9857@yahoo.com,United States,2021-01-06,Premium,4456.57
9858,Elizabeth Rodriguez,elizabeth.rodriguez9858@gmail.com,United States,2022-04-13,Standard,3820.18
9859,William Rodriguez,william.rodriguez9859@yahoo.com,Australia,2022-10-13,Standard,1493.38
9860,William Lopez,william.lopez9860@outlook.com,India,2025-07-24,Premium,1691.17
9861,William Wang,william.wang9861@techcorp.io,Japan,2020-06-26,Basic,1114.97
9862,Robert Zhang,robert.zhang9862@techcorp.io,United Kingdom,2020-11-30,Basic,3034.81
9863,Barbara Chen,barbara.chen9863@gmail.com,India,2020-02-13,Standard,3224.11
9864,Neha Lee,neha.lee9864@example.com,Germany,2022-09-09,Standard,4506.35
9865,James Jones,james.jones9865@outlook.com,Germany,2023-11-27,Basic,1644.03
9866,Priya Patel,priya.patel9866@yahoo.com,India,2020-08-17,Standard,3824.78
9867,Susan Kim,susan.kim9867@outlook.com,Canada,2020-09-28,Premium,2369.31
9868,Ananya Chen,ananya.chen9868@example.com,Brazil,2024-08-26,Basic,3464.43
9869,Sofia Singh,sofia.singh9869@techcorp.io,Brazil,2024-11-28,Premium,975.5
9870,Susan Jones,susan.jones9870@techcorp.io,United States,2023-05-19,Basic,3853.55
9871,Jessica Verma,jessica.verma9871@techcorp.io,Brazil,2020-12-26,Basic,4748.59
9872,Amit Martinez,amit.martinez9872@gmail.com,United States,2020-04-29,Premium,3650.96
9873,Robert Verma,robert.verma9873@company.org,Germany,2022-05-16,Basic,1965.17
9874,Patricia Brown,patricia.brown9874@example.com,France,2021-10-21,Standard,4485.68
9875,David Jones,david.jones9875@company.org,Brazil,2020-04-17,Basic,1584.48
9876,Sofia Singh,sofia.singh9876@gmail.com,Australia,2023-01-28,Standard,2841.33
9877,Barbara Johnson,barbara.johnson9877@company.org,Canada,2023-09-30,Premium,4999.46
9878,Jessica Smith,jessica.smith9878@outlook.com,Germany,2020-07-22,Standard,2422.87
9879,Wei Smith,wei.smith9879@company.org,Japan,2024-12-12,Standard,4646.81
9880,Richard Davis,richard.davis9880@yahoo.com,Germany,2022-11-07,Standard,622.52
9881,Linda Miller,linda.miller9881@outlook.com,Brazil,2020-08-11,Basic,3432.48
9882,John Johnson,john.johnson9882@yahoo.com,Japan,2025-05-06,Basic,189.08
9883,Linda Miller,linda.miller9883@outlook.com,Brazil,2021-07-24,Basic,1686.66
9884,Mei Smith,mei.smith9884@example.com,Germany,2025-04-02,Standard,3362.7
9885,Neha Verma,neha.verma9885@example.com,United States,2022-04-06,Basic,2562.18
9886,Richard Johnson,richard.johnson9886@outlook.com,India,2024-04-07,Basic,1592.44
9887,David Rodriguez,david.rodriguez9887@yahoo.com,Canada,2021-04-04,Premium,3774.22
9888,Amit Zhang,amit.zhang9888@company.org,Germany,2023-06-13,Standard,3338.38
9889,Joseph Martinez,joseph.martinez9889@techcorp.io,France,2023-04-23,Premium,1201.47
9890,Linda Johnson,linda.johnson9890@outlook.com,United States,2022-06-07,Basic,3348.56
9891,Wei Sharma,wei.sharma9891@company.org,India,2025-08-13,Basic,1833.59
9892,Thomas Verma,thomas.verma9892@yahoo.com,Australia,2020-01-14,Standard,670.89
9893,Robert Verma,robert.verma9893@company.org,United States,2023-02-04,Premium,361.9
9894,Charles Gonzalez,charles.gonzalez9894@outlook.com,United Kingdom,2024-12-20,Basic,1229.13
9895,John Garcia,john.garcia9895@company.org,United Kingdom,2024-04-09,Premium,4306.44
9896,Barbara Sharma,barbara.sharma9896@example.com,Brazil,2023-10-28,Premium,343.5
9897,Jennifer Jones,jennifer.jones9897@gmail.com,Brazil,2020-03-14,Standard,990.46
9898,Amit Martinez,amit.martinez9898@example.com,Germany,2025-01-16,Premium,1879.39
9899,Michael Garcia,michael.garcia9899@techcorp.io,Canada,2024-06-10,Standard,426.28
9900,Michael Verma,,India,2022-11-10,Standard,610.85
9901,Jennifer Johnson,jennifer.johnson9901@gmail.com,Canada,2020-06-15,Premium,2294.47
9902,Carlos Zhang,carlos.zhang9902@yahoo.com,Canada,2020-03-15,Basic,2276.08
9903,Joseph Williams,joseph.williams9903@techcorp.io,France,2020-09-02,Basic,3693.14
9904,Sarah Davis,sarah.davis9904@gmail.com,Japan,2022-09-16,Standard,4170.21
9905,Neha Lee,neha.lee9905@example.com,United Kingdom,2021-12-18,Basic,1872.0
9906,Linda Gonzalez,linda.gonzalez9906@yahoo.com,Japan,2023-08-05,Basic,553.57
9907,David Jones,david.jones9907@company.org,France,2021-02-13,Basic,4679.82
9908,Jennifer Rodriguez,jennifer.rodriguez9908@gmail.com,United States,2020-05-14,Basic,1598.29
9909,Michael Wang,michael.wang9909@techcorp.io,Australia,2020-12-08,Premium,1178.44
9910,Mary Gonzalez,mary.gonzalez9910@gmail.com,Germany,2021-08-18,Premium,2391.09
9911,Neha Rodriguez,neha.rodriguez9911@gmail.com,Brazil,2025-07-04,Standard,4905.36
9912,Jessica Zhang,jessica.zhang9912@techcorp.io,Canada,2021-07-12,Basic,1764.74
9913,Rahul Kim,rahul.kim9913@techcorp.io,United States,2021-10-17,Standard,1588.42
9914,Patricia Gonzalez,patricia.gonzalez9914@outlook.com,Germany,2023-05-01,Basic,1968.9
9915,Linda Rodriguez,linda.rodriguez9915@outlook.com,Japan,2025-04-02,Premium,2977.75
9916,Jennifer Wang,jennifer.wang9916@techcorp.io,France,2022-03-25,Premium,3375.09
9917,Wei Jones,wei.jones9917@gmail.com,Australia,2024-02-19,Basic,4187.12
9918,Ananya Verma,ananya.verma9918@techcorp.io,Japan,2020-01-23,Standard,4073.88
9919,Mei Miller,mei.miller9919@techcorp.io,United Kingdom,2020-02-15,Standard,1134.63
9920,Karen Rodriguez,karen.rodriguez9920@company.org,India,2024-01-21,Premium,2833.63
9921,Thomas Jones,thomas.jones9921@techcorp.io,France,2025-04-10,Standard,1491.02
9922,Linda Wang,linda.wang9922@yahoo.com,India,2022-12-13,Premium,4629.66
9923,Robert Lopez,robert.lopez9923@gmail.com,United Kingdom,2020-03-23,Basic,2747.57
9924,Ananya Smith,ananya.smith9924@yahoo.com,India,2020-10-14,Basic,3232.32
9925,James Wang,james.wang9925@outlook.com,Australia,2025-04-01,Premium,3973.59
9926,Jennifer Williams,jennifer.williams9926@example.com,United Kingdom,2022-10-30,Premium,1563.0
9927,Neha Martinez,neha.martinez9927@yahoo.com,United States,2023-09-28,Basic,1540.68
9928,William Gonzalez,william.gonzalez9928@example.com,Australia,2023-12-23,Basic,3974.24
9929,Robert Davis,robert.davis9929@company.org,Germany,2021-02-03,Standard,446.91
9930,Joseph Gonzalez,joseph.gonzalez9930@gmail.com,Australia,2020-04-28,Standard,1167.39
9931,Wei Jones,wei.jones9931@example.com,India,2023-06-13,Standard,1155.14
9932,David Martinez,david.martinez9932@yahoo.com,Brazil,2023-06-05,Standard,4082.99
9933,Wei Singh,wei.singh9933@yahoo.com,Brazil,2024-12-23,Basic,310.24
9934,Mei Garcia,mei.garcia9934@yahoo.com,Brazil,2022-07-02,Basic,3772.88
9935,Jessica Johnson,jessica.johnson9935@outlook.com,Canada,2022-09-06,Basic,2410.73
9936,Amit Martinez,amit.martinez9936@gmail.com,Germany,2024-04-04,Standard,1747.13
9937,David Lopez,david.lopez9937@yahoo.com,Canada,2024-02-11,Premium,4638.35
9938,Jennifer Davis,jennifer.davis9938@techcorp.io,United Kingdom,2021-05-09,Basic,2563.25
9939,Thomas Verma,thomas.verma9939@techcorp.io,Canada,2020-04-07,Standard,3744.1
9940,Ananya Williams,ananya.williams9940@outlook.com,United Kingdom,2021-12-21,Standard,1165.88
9941,Rahul Rodriguez,rahul.rodriguez9941@company.org,United States,2022-11-27,Premium,1436.37
9942,John Kim,john.kim9942@techcorp.io,India,2022-04-06,Basic,1516.14
9943,Mary Singh,mary.singh9943@yahoo.com,India,2023-03-13,Standard,519.93
9944,Michael Verma,michael.verma9944@outlook.com,Japan,2022-02-13,Premium,1273.87
9945,Mary Garcia,mary.garcia9945@outlook.com,Australia,2023-11-22,Premium,1984.15
9946,Elizabeth Gonzalez,elizabeth.gonzalez9946@company.org,India,2022-12-22,Basic,4280.96
9947,Rahul Verma,rahul.verma9947@example.com,Japan,2021-03-29,Premium,329.76
9948,Joseph Rodriguez,joseph.rodriguez9948@company.org,Germany,2021-08-12,Premium,3245.48
9949,Carlos Miller,carlos.miller9949@company.org,France,2024-08-23,Standard,726.28
9950,Rahul Verma,rahul.verma9950@techcorp.io,India,2022-11-26,Basic,2987.46
9951,Thomas Garcia,thomas.garcia9951@example.com,Canada,2023-07-22,Premium,2290.47
9952,Barbara Singh,barbara.singh9952@outlook.com,Germany,2024-03-01,Basic,2464.82
9953,Mei Miller,mei.miller9953@yahoo.com,Japan,2022-08-02,Standard,1477.93
9954,Arjun Miller,arjun.miller9954@outlook.com,United Kingdom,2025-07-22,Basic,944.77
9955,Elizabeth Patel,elizabeth.patel9955@yahoo.com,United States,2025-08-06,Basic,3261.87
9956,Mary Lopez,mary.lopez9956@outlook.com,Brazil,2022-04-24,Basic,1323.74
9957,Arjun Kim,arjun.kim9957@example.com,United Kingdom,2021-09-03,Basic,377.89
9958,Jennifer Patel,jennifer.patel9958@outlook.com,Australia,2025-07-29,Standard,2411.45
9959,Priya Martinez,priya.martinez9959@company.org,United Kingdom,2024-06-09,Standard,2477.98
9960,David Jones,david.jones9960@gmail.com,France,2020-03-06,Premium,1273.43
9961,Mary Garcia,mary.garcia9961@company.org,Japan,2023-02-18,Basic,3107.46
9962,Arjun Lee,arjun.lee9962@yahoo.com,Canada,2024-05-21,Standard,2403.49
9963,Ananya Lopez,ananya.lopez9963@yahoo.com,Australia,2022-06-15,Premium,3568.08
9964,Mei Sharma,mei.sharma9964@example.com,Germany,2021-03-06,Premium,1657.07
9965,Robert Singh,robert.singh9965@yahoo.com,France,2025-02-04,Basic,4776.28
9966,Sarah Lopez,sarah.lopez9966@techcorp.io,Germany,2024-08-04,Premium,2414.25
9967,John Miller,john.miller9967@example.com,India,2021-01-12,Standard,1967.76
9968,Linda Garcia,linda.garcia9968@yahoo.com,India,2025-02-17,Premium,3859.31
9969,Joseph Verma,joseph.verma9969@company.org,Canada,2020-10-01,Standard,1363.43
9970,Jessica Garcia,jessica.garcia9970@gmail.com,Canada,2023-10-31,Basic,4464.69
9971,Joseph Patel,joseph.patel9971@company.org,Japan,2021-02-18,Premium,2204.21
9972,Joseph Patel,joseph.patel9972@yahoo.com,Canada,2022-09-29,Premium,2076.49
9973,Carlos Johnson,carlos.johnson9973@example.com,United Kingdom,2020-06-07,Basic,4937.98
9974,Charles Zhang,charles.zhang9974@yahoo.com,United Kingdom,2022-06-04,Premium,3868.27
9975,Neha Kim,neha.kim9975@company.org,India,2025-04-25,Premium,2478.68
9976,Michael Gonzalez,michael.gonzalez9976@outlook.com,France,2022-06-24,Premium,966.28
9977,Patricia Zhang,patricia.zhang9977@example.com,Brazil,2021-02-27,Premium,1950.97
9978,Richard Gonzalez,richard.gonzalez9978@company.org,Brazil,2025-05-09,Standard,1138.39
9979,Neha Brown,neha.brown9979@gmail.com,Australia,2025-03-08,Basic,1529.48
9980,Arjun Singh,arjun.singh9980@company.org,Australia,2020-01-09,Basic,3120.07
9981,Joseph Lopez,joseph.lopez9981@techcorp.io,Canada,2025-02-13,Premium,3826.87
9982,Charles Garcia,charles.garcia9982@company.org,United Kingdom,2024-06-20,Premium,540.92
9983,Mei Singh,mei.singh9983@yahoo.com,United States,2024-12-27,Premium,4442.59
9984,Robert Lee,robert.lee9984@example.com,Brazil,2024-04-18,Basic,3254.64
9985,Carlos Singh,carlos.singh9985@techcorp.io,Japan,2025-01-29,Standard,1191.82
9986,Richard Patel,richard.patel9986@yahoo.com,Australia,2021-06-08,Standard,1231.48
9987,James Smith,james.smith9987@example.com,Australia,2024-02-15,Basic,1321.33
9988,Rahul Kim,rahul.kim9988@outlook.com,India,2022-03-12,Premium,1195.6
9989,Thomas Lee,thomas.lee9989@gmail.com,India,2020-09-28,Standard,1621.02
9990,Robert Kim,robert.kim9990@techcorp.io,Germany,2020-01-19,Premium,2372.24
9991,James Wang,james.wang9991@example.com,Brazil,2024-07-04,Basic,4587.95
9992,Jennifer Verma,jennifer.verma9992@example.com,India,2024-08-23,Standard,1341.81
9993,Carlos Garcia,carlos.garcia9993@company.org,United States,2021-06-21,Premium,179.35
9994,Jennifer Garcia,jennifer.garcia9994@techcorp.io,Canada,2023-04-19,Standard,2193.96
9995,Amit Singh,amit.singh9995@outlook.com,India,2025-04-21,Premium,4146.56
9996,Sarah Singh,sarah.singh9996@example.com,France,2022-01-20,Standard,1806.58
9997,Jessica Johnson,jessica.johnson9997@outlook.com,United Kingdom,2022-04-03,Basic,3782.99
9998,Jennifer Miller,jennifer.miller9998@techcorp.io,Brazil,2022-12-21,Basic,3132.01
9999,Amit Brown,amit.brown9999@yahoo.com,France,2020-11-14,Standard,2055.84
10000,William Lee,william.lee10000@company.org,Australia,2025-01-08,Standard,4878.66
2932,Linda Johnson,linda.johnson2932@outlook.com,Australia,2021-01-21,Standard,1695.63
2624,Sarah Garcia,sarah.garcia2624@techcorp.io,France,2021-03-20,Basic,3833.87
225,Arjun Lee,arjun.lee225@company.org,Japan,2023-08-16,Premium,1614.89
408,Robert Williams,robert.williams408@yahoo.com,France,2023-02-04,Standard,1533.77
4096,Carlos Jones,carlos.jones4096@gmail.com,United Kingdom,2023-07-31,Basic,419.7
7047,Priya Singh,priya.singh7047@yahoo.com,France,2022-10-29,Premium,4739.46
5046,Linda Wang,linda.wang5046@outlook.com,France,2020-10-22,Standard,2410.91
2143,Patricia Kim,patricia.kim2143@techcorp.io,Canada,2021-06-01,Standard,1569.8
3559,Arjun Gonzalez,arjun.gonzalez3559@company.org,France,2020-07-05,Premium,569.56
8383,Carlos Sharma,carlos.sharma8383@yahoo.com,Japan,2024-09-09,Premium,1871.69
